"","WK_ID","WASSERKÖRPER","ORT","MESSSTELLE","JAHR","PARAMETER","BESCHREIBUNG","METHODE","KOMPONENTE","EINHEIT","X_WERT","Y_WERT","WERT","EXPERTENURTEIL","KOMMENTAR","EU_CD_LW"
"1","80001581473","Templiner See bei Templin",NA,"2791","2017","Teilbewertung Diatomeen/Zustands-/Potentialklasse FGW und Seen","FGW, See; Bewertung der Messstelle (1 bis 5 möglich), bei Wert='999' ist das Ergebnis ungesichert; (bei FGW-Halobienindex und Versauerung wird berücksichtigt)","PHYLIB 5.3","Diatomeen",NA,"400387","5887253","999",999,"
Gewässertyp = DS 11 [1014] und Häufigkeitssumme der indikativen Taxa < 60% --> Modul Diatomeen nicht gesichert","DELW_DEBB80001581473"
"2","80001581473","Templiner See bei Templin",NA,"2793","2017","Teilbewertung Diatomeen/Zustands-/Potentialklasse FGW und Seen","FGW, See; Bewertung der Messstelle (1 bis 5 möglich), bei Wert='999' ist das Ergebnis ungesichert; (bei FGW-Halobienindex und Versauerung wird berücksichtigt)","PHYLIB 5.3","Diatomeen",NA,"401825","5887963","999",999,"
Gewässertyp = DS 11 [1014] und Häufigkeitssumme der indikativen Taxa < 60% --> Modul Diatomeen nicht gesichert","DELW_DEBB80001581473"
"3","80001581473","Templiner See bei Templin",NA,"80001581473_HM","2007","TNb_Sommer","Stickstoffkonz. im Sommer","LAWA-TI Gewässerbewertung stehender Gewässer","Chemie (See und FG)",NA,"401463","5887612","1",NA,NA,"DELW_DEBB80001581473"
"4","80001581473","Templiner See bei Templin",NA,"2792","2014","M_RAQ","See; Modul Referenzartenquotien","PHYLIB 5.3","Diatomeen",NA,"400996","5887369","0,67",NA,NA,"DELW_DEBB80001581473"
"5","80001581473","Templiner See bei Templin",NA,"80001581473_HM","2020","MST Version-Programm",NA,"PhytoSee 7.0 (15.12.2017)","Phytoplankton",NA,"401463","5887612","PhytoSee 7.0 (15.12.2017)",NA,NA,"DELW_DEBB80001581473"
"6","80001581473","Templiner See bei Templin",NA,"2793","2023","RAQ gesichert","RAQ gesichert","PHYLIB 5.3","Diatomeen",NA,"401825","5887963","1",NA,NA,"DELW_DEBB80001581473"
"7","80001581473","Templiner See bei Templin",NA,"80001581473_HM","2020","MST G_Biomasse",NA,"PhytoSee 7.0 (15.12.2017)","Phytoplankton",NA,"401463","5887612","4",NA,NA,"DELW_DEBB80001581473"
"8","80001581473","Templiner See bei Templin",NA,"2792","2017","M_RAQ","See; Modul Referenzartenquotien","PHYLIB 5.3","Diatomeen",NA,"400996","5887369","0,4",NA,NA,"DELW_DEBB80001581473"
"9","80001581473","Templiner See bei Templin",NA,"80001581473_HM","2010","TI_akt","LAWA-Trophieindex","LAWA-TI Gewässerbewertung stehender Gewässer","Chemie (See und FG)",NA,"401463","5887612","3,4",NA,NA,"DELW_DEBB80001581473"
"10","80001581473","Templiner See bei Templin",NA,"2796","2023","Diatomeentyp","Diatomeentyp des Wasserköpers verwendet in der Bewertung der Messstelle (siehe Tabelle WAGUET_OWNER_SCHLUESSEL_WERT_TEXT)","PHYLIB 5.3","Diatomeen",NA,"400740","5886956","DS 11",NA,NA,"DELW_DEBB80001581473"
"11","80001581473","Templiner See bei Templin",NA,"2796","2014","WRRL-Fließgewässertyp","WRRL-Fließgewässertyp und -Seetyp verwendet in der Bewertung der Messstelle (siehe Tabelle WAGUET_OWNER_SCHLUESSEL_WERT_TEXT)","PHYLIB 5.3","Diatomeen",NA,"400740","5886956","11",NA,NA,"DELW_DEBB80001581473"
"12","80001581473","Templiner See bei Templin",NA,"2791","2007","M_TILNord / Trophieindex (umger.)","See; Modul Trophie-Index (Wert zwischen 0 und 1)","nicht bekannt","Diatomeen",NA,"400387","5887253","0,86",NA,NA,"DELW_DEBB80001581473"
"13","80001581473","Templiner See bei Templin",NA,"80001581473_HM","2023","ST_Saison",NA,"LAWA-TI Gewässerbewertung stehender Gewässer","Chemie (See und FG)",NA,"401463","5887612","0,8167",NA,NA,"DELW_DEBB80001581473"
"14","80001581473","Templiner See bei Templin",NA,"2793","2017","Makrophytentyp","Makrophytentyp des Wasserköpers verwendet in der Bewertung der Messstelle (siehe Tabelle WAGUET_OWNER_SCHLUESSEL_WERT_TEXT)","PHYLIB 5.3","Diatomeen",NA,"401825","5887963","TKp - 11",NA,NA,"DELW_DEBB80001581473"
"15","80001581473","Templiner See bei Templin",NA,"80001581473_HM","2017","Chl_Saison",NA,"LAWA-TI Gewässerbewertung stehender Gewässer","Chemie (See und FG)",NA,"401463","5887612","35,43",NA,NA,"DELW_DEBB80001581473"
"16","80001581473","Templiner See bei Templin",NA,"80001581473_HM","2023","MST G_PTSI",NA,"PhytoSee Online 8.0.3 (09.04.2024)","Phytoplankton",NA,"401463","5887612","3",NA,NA,"DELW_DEBB80001581473"
"17","80001581473","Templiner See bei Templin",NA,"2796","2017","MIB","Makrophytenindex Brandenburg","MIB 2004","Makrophyten",NA,"400740","5886956","2,74",NA,NA,"DELW_DEBB80001581473"
"18","80001581473","Templiner See bei Templin",NA,"2795","2017","I_UMG","Index aus der unteren Makrophytengrenze, Teilindex des MIB","MIB 2004","Makrophyten",NA,"401525","5887475","0-2",NA,NA,"DELW_DEBB80001581473"
"19","80001581473","Templiner See bei Templin",NA,"80001581473_HM","2017","ST_Saison",NA,"LAWA-TI Gewässerbewertung stehender Gewässer","Chemie (See und FG)",NA,"401463","5887612","1,12",NA,NA,"DELW_DEBB80001581473"
"20","80001581473","Templiner See bei Templin",NA,"2791","2023","RAQ gesichert","RAQ gesichert","PHYLIB 5.3","Diatomeen",NA,"400387","5887253","1",NA,NA,"DELW_DEBB80001581473"
"21","80001581473","Templiner See bei Templin",NA,"2793","2017","M_RAQ","See; Modul Referenzartenquotien","PHYLIB 5.3","Diatomeen",NA,"401825","5887963","0,55",NA,NA,"DELW_DEBB80001581473"
"22","80001581473","Templiner See bei Templin",NA,"80001581473_HM","2017","TP_Saison",NA,"LAWA-TI Gewässerbewertung stehender Gewässer","Chemie (See und FG)",NA,"401463","5887612","34,5",NA,NA,"DELW_DEBB80001581473"
"23","80001581473","Templiner See bei Templin",NA,"80001581473_HM","2017","TI_akt","LAWA-Trophieindex","LAWA-TI Gewässerbewertung stehender Gewässer","Chemie (See und FG)",NA,"401463","5887612","3,19",NA,NA,"DELW_DEBB80001581473"
"24","80001581473","Templiner See bei Templin",NA,"2795","2017","Teilbewertung Diatomeen, vorläufig/FGW - Ergebnis ohne Salzbelastung & See - vorläufige Bewertung","See, FGW; Bewertung der Messstelle (1 bis 5 möglich), bei Wert='999' ist das Ergebnis ungesichert; Seen - TI-Anteil, RAQ-Arten und TI-Anzahl wird berücksichtigt","PHYLIB 5.3","Diatomeen",NA,"401525","5887475","1",NA,NA,"DELW_DEBB80001581473"
"25","80001581473","Templiner See bei Templin",NA,"80001581473_HM","2009","TP_Frühjahr",NA,"LAWA-TI Gewässerbewertung stehender Gewässer","Chemie (See und FG)",NA,"401463","5887612","38",NA,NA,"DELW_DEBB80001581473"
"26","80001581473","Templiner See bei Templin",NA,"80001581473_HM","2017","MST PTSI H/G","H/G PTSI vom Typ","PhytoSee 7.0 (15.12.2017)","Phytoplankton",NA,"401463","5887612","2,5",NA,NA,"DELW_DEBB80001581473"
"27","80001581473","Templiner See bei Templin",NA,"2792","2014","Teilbewertung Diatomeen, vorläufig/FGW - Ergebnis ohne Salzbelastung & See - vorläufige Bewertung","See, FGW; Bewertung der Messstelle (1 bis 5 möglich), bei Wert='999' ist das Ergebnis ungesichert; Seen - TI-Anteil, RAQ-Arten und TI-Anzahl wird berücksichtigt","PHYLIB 5.3","Diatomeen",NA,"400996","5887369","1",NA,NA,"DELW_DEBB80001581473"
"28","80001581473","Templiner See bei Templin",NA,"2794","2017","Makrophytentyp","Makrophytentyp des Wasserköpers verwendet in der Bewertung der Messstelle (siehe Tabelle WAGUET_OWNER_SCHLUESSEL_WERT_TEXT)","PHYLIB 5.3","Diatomeen",NA,"402230","5888027","TKp - 11",NA,NA,"DELW_DEBB80001581473"
"29","80001581473","Templiner See bei Templin",NA,"2796","2014","TIL_Nord","See; berechneter Trophie-Index Nord","PHYLIB 5.3","Diatomeen",NA,"400740","5886956","2",NA,NA,"DELW_DEBB80001581473"
"30","80001581473","Templiner See bei Templin",NA,"2794","2017","MIB","Makrophytenindex Brandenburg","MIB 2004","Makrophyten",NA,"402230","5888027","2,97",NA,NA,"DELW_DEBB80001581473"
"31","80001581473","Templiner See bei Templin",NA,"2794","2017","I_UMG","Index aus der unteren Makrophytengrenze, Teilindex des MIB","MIB 2004","Makrophyten",NA,"402230","5888027","0-2,04",NA,NA,"DELW_DEBB80001581473"
"32","80001581473","Templiner See bei Templin",NA,"80001581473_HM","2010","MST PSI Phyto-See-Index","PSI als Zahl für Messstelle und Jahr","PhytoSee 7.0 (15.12.2017)","Phytoplankton",NA,"401463","5887612","3,73",NA,NA,"DELW_DEBB80001581473"
"33","80001581473","Templiner See bei Templin",NA,"80001581473_HM","2017","MST IST_PTSI_WERT","Phytoplankton-Taxa-Seen-Index Ist-Wert im Jahresmittel für die Messstelle","PhytoSee 7.0 (15.12.2017)","Phytoplankton",NA,"401463","5887612","3,52",NA,NA,"DELW_DEBB80001581473"
"34","80001581473","Templiner See bei Templin",NA,"2793","2007","M_TILNord / Trophieindex (umger.)","See; Modul Trophie-Index (Wert zwischen 0 und 1)","nicht bekannt","Diatomeen",NA,"401825","5887963","0,54",NA,NA,"DELW_DEBB80001581473"
"35","80001581473","Templiner See bei Templin",NA,"80001581473_HM","2007","ST_Saison",NA,"LAWA-TI Gewässerbewertung stehender Gewässer","Chemie (See und FG)",NA,"401463","5887612","1,03",NA,NA,"DELW_DEBB80001581473"
"36","80001581473","Templiner See bei Templin",NA,"2792","2023","RAQ gesichert","RAQ gesichert","PHYLIB 5.3","Diatomeen",NA,"400996","5887369","1",NA,NA,"DELW_DEBB80001581473"
"37","80001581473","Templiner See bei Templin",NA,"80001581473_HM","2020","MST Crypto_Cyan_S_Bew","Bewertung Crypto_Cyan für Messstelle und Jahr","PhytoSee 7.0 (15.12.2017)","Phytoplankton",NA,"401463","5887612","4,13",NA,NA,"DELW_DEBB80001581473"
"38","80001581473","Templiner See bei Templin",NA,"80001581473_HM","2010","MST Chloro-Bewertung","Bewertung Chloro für Messstelle und Jahr","PhytoSee 7.0 (15.12.2017)","Phytoplankton",NA,"401463","5887612","2,92",NA,NA,"DELW_DEBB80001581473"
"39","80001581473","Templiner See bei Templin",NA,"2794","2010","Teilbewertung Makrophyten","Bewertung der Messstelle (1 bis 5 möglich), bei leeren Feld ist das Ergebnis ungesichert","MIB 2004","Makrophyten",NA,"402230","5888027","1",NA,NA,"DELW_DEBB80001581473"
"40","80001581473","Templiner See bei Templin",NA,"80001581473_HM","2010","MST Biomasse_Metrik","Metrik Biomasse  für Messstelle und Jahr","PhytoSee 7.0 (15.12.2017)","Phytoplankton",NA,"401463","5887612","4,08",NA,NA,"DELW_DEBB80001581473"
"41","80001581473","Templiner See bei Templin",NA,"80001581473_HM","2010","Chl_Saison",NA,"LAWA-TI Gewässerbewertung stehender Gewässer","Chemie (See und FG)",NA,"401463","5887612","43,67",NA,NA,"DELW_DEBB80001581473"
"42","80001581473","Templiner See bei Templin",NA,"2795","2017","M_TILNord / Trophieindex (umger.)","See; Modul Trophie-Index (Wert zwischen 0 und 1)","PHYLIB 5.3","Diatomeen",NA,"401525","5887475","0,965",NA,NA,"DELW_DEBB80001581473"
"43","80001581473","Templiner See bei Templin",NA,"2791","2017","M_RAQ","See; Modul Referenzartenquotien","PHYLIB 5.3","Diatomeen",NA,"400387","5887253","0,5",NA,NA,"DELW_DEBB80001581473"
"44","80001581473","Templiner See bei Templin",NA,"2791","2014","M_TILNord / Trophieindex (umger.)","See; Modul Trophie-Index (Wert zwischen 0 und 1)","PHYLIB 5.3","Diatomeen",NA,"400387","5887253","1",NA,NA,"DELW_DEBB80001581473"
"45","80001581473","Templiner See bei Templin",NA,"80001581473_HM","2010","TP_Saison",NA,"LAWA-TI Gewässerbewertung stehender Gewässer","Chemie (See und FG)",NA,"401463","5887612","40,17",NA,NA,"DELW_DEBB80001581473"
"46","80001581473","Templiner See bei Templin",NA,"2794","2010","MIB","Makrophytenindex Brandenburg","MIB 2004","Makrophyten",NA,"402230","5888027","3,16",NA,NA,"DELW_DEBB80001581473"
"47","80001581473","Templiner See bei Templin",NA,"2793","2023","Zustandsklasse","Zustands-/Potentialklasse","PHYLIB 5.3","Diatomeen",NA,"401825","5887963","1",NA,NA,"DELW_DEBB80001581473"
"48","80001581473","Templiner See bei Templin",NA,"80001581473_HM","2020","MST MinvonMonat",NA,"PhytoSee 7.0 (15.12.2017)","Phytoplankton",NA,"401463","5887612","4",NA,NA,"DELW_DEBB80001581473"
"49","80001581473","Templiner See bei Templin",NA,"2792","2010","Teilbewertung Diatomeen/Zustands-/Potentialklasse FGW und Seen","FGW, See; Bewertung der Messstelle (1 bis 5 möglich), bei Wert='999' ist das Ergebnis ungesichert; (bei FGW-Halobienindex und Versauerung wird berücksichtigt)","PHYLIB 4.1","Diatomeen",NA,"400996","5887369","2",NA,NA,"DELW_DEBB80001581473"
"50","80001581473","Templiner See bei Templin",NA,"80001581473_HM","2010","MST IST_PTSI_WERT","Phytoplankton-Taxa-Seen-Index Ist-Wert im Jahresmittel für die Messstelle","PhytoSee 7.0 (15.12.2017)","Phytoplankton",NA,"401463","5887612","3,66",NA,NA,"DELW_DEBB80001581473"
"51","80001581473","Templiner See bei Templin",NA,"2793","2007","I_UMG","Index aus der unteren Makrophytengrenze, Teilindex des MIB","MIB 2004","Makrophyten",NA,"401825","5887963","0-1,9",NA,NA,"DELW_DEBB80001581473"
"52","80001581473","Templiner See bei Templin",NA,"2793","2014","Diatomeentyp","Diatomeentyp des Wasserköpers verwendet in der Bewertung der Messstelle (siehe Tabelle WAGUET_OWNER_SCHLUESSEL_WERT_TEXT)","PHYLIB 5.3","Diatomeen",NA,"401825","5887963","DS 11",NA,NA,"DELW_DEBB80001581473"
"53","80001581473","Templiner See bei Templin",NA,"2796","2017","Makrophytentyp","Makrophytentyp des Wasserköpers verwendet in der Bewertung der Messstelle (siehe Tabelle WAGUET_OWNER_SCHLUESSEL_WERT_TEXT)","PHYLIB 5.3","Diatomeen",NA,"400740","5886956","TKp - 11",NA,NA,"DELW_DEBB80001581473"
"54","80001581473","Templiner See bei Templin",NA,"2793","2007","Anzahl inidkativer Taxa","Diatomeen Seen","nicht bekannt","Diatomeen",NA,"401825","5887963","14",NA,NA,"DELW_DEBB80001581473"
"55","80001581473","Templiner See bei Templin",NA,"80001581473_HM","2017","MST Diff PTSI-RefTrophie","Differenz zwischen PTSI und Referenztrophiefür Messstelle und Jahr","PhytoSee 7.0 (15.12.2017)","Phytoplankton",NA,"401463","5887612","1,52",NA,NA,"DELW_DEBB80001581473"
"56","80001581473","Templiner See bei Templin",NA,"2795","2017","Teilbewertung Diatomeen/Zustands-/Potentialklasse FGW und Seen","FGW, See; Bewertung der Messstelle (1 bis 5 möglich), bei Wert='999' ist das Ergebnis ungesichert; (bei FGW-Halobienindex und Versauerung wird berücksichtigt)","PHYLIB 5.3","Diatomeen",NA,"401525","5887475","1",NA,NA,"DELW_DEBB80001581473"
"57","80001581473","Templiner See bei Templin",NA,"80001581473_HM","2014","MST TypPTSI_Ref","PTSI-Referenz für den Typ","PhytoSee 7.0 (15.12.2017)","Phytoplankton",NA,"401463","5887612","2",NA,NA,"DELW_DEBB80001581473"
"58","80001581473","Templiner See bei Templin",NA,"80001581473_HM","2017","MST TypPTSI_Ref","PTSI-Referenz für den Typ","PhytoSee 7.0 (15.12.2017)","Phytoplankton",NA,"401463","5887612","2",NA,NA,"DELW_DEBB80001581473"
"59","80001581473","Templiner See bei Templin",NA,"2796","2007","TIL_Nord","See; berechneter Trophie-Index Nord","nicht bekannt","Diatomeen",NA,"400740","5886956","3,1",NA,NA,"DELW_DEBB80001581473"
"60","80001581473","Templiner See bei Templin",NA,"2792","2023","Gesamthäufigkeit (prozent) D","Gesamthäufigkeit [%] D","PHYLIB 5.3","Diatomeen",NA,"400996","5887369","100,01",NA,NA,"DELW_DEBB80001581473"
"61","80001581473","Templiner See bei Templin",NA,"2795","2014","TIL_Nord","See; berechneter Trophie-Index Nord","PHYLIB 5.3","Diatomeen",NA,"401525","5887475","1,81",NA,NA,"DELW_DEBB80001581473"
"62","80001581473","Templiner See bei Templin",NA,"2794","2017","M_RAQ","See; Modul Referenzartenquotien","PHYLIB 5.3","Diatomeen",NA,"402230","5888027","0,54",NA,NA,"DELW_DEBB80001581473"
"63","80001581473","Templiner See bei Templin",NA,"2793","2014","M_RAQ","See; Modul Referenzartenquotien","PHYLIB 5.3","Diatomeen",NA,"401825","5887963","0,86",NA,NA,"DELW_DEBB80001581473"
"64","80001581473","Templiner See bei Templin",NA,"2795","2017","Diatomeentyp","Diatomeentyp des Wasserköpers verwendet in der Bewertung der Messstelle (siehe Tabelle WAGUET_OWNER_SCHLUESSEL_WERT_TEXT)","PHYLIB 5.3","Diatomeen",NA,"401525","5887475","DS 11",NA,NA,"DELW_DEBB80001581473"
"65","80001581473","Templiner See bei Templin",NA,"80001581473_HM","2010","MST PTSI H/G","H/G PTSI vom Typ","PhytoSee 7.0 (15.12.2017)","Phytoplankton",NA,"401463","5887612","2,5",NA,NA,"DELW_DEBB80001581473"
"66","80001581473","Templiner See bei Templin",NA,"2795","2023","Diatomeentyp","Diatomeentyp des Wasserköpers verwendet in der Bewertung der Messstelle (siehe Tabelle WAGUET_OWNER_SCHLUESSEL_WERT_TEXT)","PHYLIB 5.3","Diatomeen",NA,"401525","5887475","DS 11",NA,NA,"DELW_DEBB80001581473"
"67","80001581473","Templiner See bei Templin",NA,"2791","2014","Teilbewertung Diatomeen/Zustands-/Potentialklasse FGW und Seen","FGW, See; Bewertung der Messstelle (1 bis 5 möglich), bei Wert='999' ist das Ergebnis ungesichert; (bei FGW-Halobienindex und Versauerung wird berücksichtigt)","PHYLIB 5.3","Diatomeen",NA,"400387","5887253","1",NA,NA,"DELW_DEBB80001581473"
"68","80001581473","Templiner See bei Templin",NA,"2791","2023","Teilbewertung Diatomeen/Zustands-/Potentialklasse FGW und Seen","FGW, See; Bewertung der Messstelle (1 bis 5 möglich), bei Wert='999' ist das Ergebnis ungesichert; (bei FGW-Halobienindex und Versauerung wird berücksichtigt)","PHYLIB 5.3","Diatomeen",NA,"400387","5887253","1",NA,NA,"DELW_DEBB80001581473"
"69","80001581473","Templiner See bei Templin",NA,"2795","2014","M_TILNord / Trophieindex (umger.)","See; Modul Trophie-Index (Wert zwischen 0 und 1)","PHYLIB 5.3","Diatomeen",NA,"401525","5887475","1",NA,NA,"DELW_DEBB80001581473"
"70","80001581473","Templiner See bei Templin",NA,"80001581473_HM","2017","MST PSI Phyto-See-Index","PSI als Zahl für Messstelle und Jahr","PhytoSee 7.0 (15.12.2017)","Phytoplankton",NA,"401463","5887612","3,19",NA,NA,"DELW_DEBB80001581473"
"71","80001581473","Templiner See bei Templin",NA,"2794","2010","Teilbewertung Diatomeen/Zustands-/Potentialklasse FGW und Seen","FGW, See; Bewertung der Messstelle (1 bis 5 möglich), bei Wert='999' ist das Ergebnis ungesichert; (bei FGW-Halobienindex und Versauerung wird berücksichtigt)","PHYLIB 4.1","Diatomeen",NA,"402230","5888027","2",NA,NA,"DELW_DEBB80001581473"
"72","80001581473","Templiner See bei Templin",NA,"2795","2014","M_RAQ","See; Modul Referenzartenquotien","PHYLIB 5.3","Diatomeen",NA,"401525","5887475","0,73",NA,NA,"DELW_DEBB80001581473"
"73","80001581473","Templiner See bei Templin",NA,"80001581473euphot","2007","Sichttiefe_Jahesmittel","Sichttiefe_Jahesmittel in m","nicht bekannt","Chemie (See und FG)",NA,"401443","5887660","1,03",NA,NA,"DELW_DEBB80001581473"
"74","80001581473","Templiner See bei Templin",NA,"2794","2017","WRRL-Fließgewässertyp","WRRL-Fließgewässertyp und -Seetyp verwendet in der Bewertung der Messstelle (siehe Tabelle WAGUET_OWNER_SCHLUESSEL_WERT_TEXT)","PHYLIB 5.3","Diatomeen",NA,"402230","5888027","11",NA,NA,"DELW_DEBB80001581473"
"75","80001581473","Templiner See bei Templin",NA,"80001581473_HM","2017","Bewertung Phytoplankton","Bi Phytoplankton ( nach neuer (2009) See-Typzuweisung und Phytosee 4) und Phytofliess","PhytoSee 7.0 (15.12.2017)","Phytoplankton",NA,"401463","5887612","3",NA,NA,"DELW_DEBB80001581473"
"76","80001581473","Templiner See bei Templin",NA,"2793","2023","Teilbewertung Diatomeen/Zustands-/Potentialklasse FGW und Seen","FGW, See; Bewertung der Messstelle (1 bis 5 möglich), bei Wert='999' ist das Ergebnis ungesichert; (bei FGW-Halobienindex und Versauerung wird berücksichtigt)","PHYLIB 5.3","Diatomeen",NA,"401825","5887963","1",NA,NA,"DELW_DEBB80001581473"
"77","80001581473","Templiner See bei Templin",NA,"80001581473_HM","2020","MST PTSI H/G","H/G PTSI vom Typ","PhytoSee 7.0 (15.12.2017)","Phytoplankton",NA,"401463","5887612","2,5",NA,NA,"DELW_DEBB80001581473"
"78","80001581473","Templiner See bei Templin",NA,"2795","2023","Teilbewertung Diatomeen/Zustands-/Potentialklasse FGW und Seen","FGW, See; Bewertung der Messstelle (1 bis 5 möglich), bei Wert='999' ist das Ergebnis ungesichert; (bei FGW-Halobienindex und Versauerung wird berücksichtigt)","PHYLIB 5.3","Diatomeen",NA,"401525","5887475","2",NA,NA,"DELW_DEBB80001581473"
"79","80001581473","Templiner See bei Templin",NA,"2794","2017","I_Arten","Artindex, Teilindex des MIB","MIB 2004","Makrophyten",NA,"402230","5888027","0-2,53",NA,NA,"DELW_DEBB80001581473"
"80","80001581473","Templiner See bei Templin",NA,"80001581473_HM","2009","TP_Frühjahr_Anzahl",NA,"LAWA-TI Gewässerbewertung stehender Gewässer","Chemie (See und FG)",NA,"401463","5887612","5",NA,NA,"DELW_DEBB80001581473"
"81","80001581473","Templiner See bei Templin",NA,"2796","2017","TIL_Nord","See; berechneter Trophie-Index Nord","PHYLIB 5.3","Diatomeen",NA,"400740","5886956","1,91",NA,NA,"DELW_DEBB80001581473"
"82","80001581473","Templiner See bei Templin",NA,"80001581473_HM","2023","MST Chryso-Bewertung","Bewertung Chryso für Messstelle und Jahr","PhytoSee Online 8.0.3 (09.04.2024)","Phytoplankton",NA,"401463","5887612","1,67",NA,NA,"DELW_DEBB80001581473"
"83","80001581473","Templiner See bei Templin",NA,"2791","2014","Diatomeentyp","Diatomeentyp des Wasserköpers verwendet in der Bewertung der Messstelle (siehe Tabelle WAGUET_OWNER_SCHLUESSEL_WERT_TEXT)","PHYLIB 5.3","Diatomeen",NA,"400387","5887253","DS 11",NA,NA,"DELW_DEBB80001581473"
"84","80001581473","Templiner See bei Templin",NA,"2792","2023","Bewertung (dezimal)","Bewertung (dezimal)","PHYLIB 5.3","Diatomeen",NA,"400996","5887369","1,16",NA,NA,"DELW_DEBB80001581473"
"85","80001581473","Templiner See bei Templin",NA,"2792","2007","TIL_Nord","See; berechneter Trophie-Index Nord","nicht bekannt","Diatomeen",NA,"400996","5887369","2,84",NA,NA,"DELW_DEBB80001581473"
"86","80001581473","Templiner See bei Templin",NA,"80001581473_HM","2020","MST Chla µg/l",NA,"PhytoSee 7.0 (15.12.2017)","Phytoplankton",NA,"401463","5887612","51,17",NA,NA,"DELW_DEBB80001581473"
"87","80001581473","Templiner See bei Templin",NA,"80001581473_HM","2014","MST N_Indikatortaxa","mittlere Anzahl nutzbarer Indikatortaxa","PhytoSee 7.0 (15.12.2017)","Phytoplankton",NA,"401463","5887612","15,67",NA,NA,"DELW_DEBB80001581473"
"88","80001581473","Templiner See bei Templin",NA,"2794","2014","Teilbewertung Diatomeen, vorläufig/FGW - Ergebnis ohne Salzbelastung & See - vorläufige Bewertung","See, FGW; Bewertung der Messstelle (1 bis 5 möglich), bei Wert='999' ist das Ergebnis ungesichert; Seen - TI-Anteil, RAQ-Arten und TI-Anzahl wird berücksichtigt","PHYLIB 5.3","Diatomeen",NA,"402230","5888027","1",NA,NA,"DELW_DEBB80001581473"
"89","80001581473","Templiner See bei Templin",NA,"2791","2017","TIL_Nord","See; berechneter Trophie-Index Nord","PHYLIB 5.3","Diatomeen",NA,"400387","5887253","2",NA,NA,"DELW_DEBB80001581473"
"90","80001581473","Templiner See bei Templin",NA,"2791","2017","M_TILNord / Trophieindex (umger.)","See; Modul Trophie-Index (Wert zwischen 0 und 1)","PHYLIB 5.3","Diatomeen",NA,"400387","5887253","0,998",NA,NA,"DELW_DEBB80001581473"
"91","80001581473","Templiner See bei Templin",NA,"2793","2007","MIB","Makrophytenindex Brandenburg","MIB 2004","Makrophyten",NA,"401825","5887963","3,15",NA,NA,"DELW_DEBB80001581473"
"92","80001581473","Templiner See bei Templin",NA,"2794","2017","MIB","Makrophytenindex Brandenburg","nicht bekannt","Makrophyten",NA,"402230","5888027","2,97",NA,NA,"DELW_DEBB80001581473"
"93","80001581473","Templiner See bei Templin",NA,"80001581473_HM","2023","TP_Frühjahr",NA,"LAWA-TI Gewässerbewertung stehender Gewässer","Chemie (See und FG)",NA,"401463","5887612","58",NA,NA,"DELW_DEBB80001581473"
"94","80001581473","Templiner See bei Templin",NA,"2794","2014","WRRL-Fließgewässertyp","WRRL-Fließgewässertyp und -Seetyp verwendet in der Bewertung der Messstelle (siehe Tabelle WAGUET_OWNER_SCHLUESSEL_WERT_TEXT)","PHYLIB 5.3","Diatomeen",NA,"402230","5888027","11",NA,NA,"DELW_DEBB80001581473"
"95","80001581473","Templiner See bei Templin",NA,"80001581473_HM","2014","Chl_Saison",NA,"LAWA-TI Gewässerbewertung stehender Gewässer","Chemie (See und FG)",NA,"401463","5887612","33,4",NA,NA,"DELW_DEBB80001581473"
"96","80001581473","Templiner See bei Templin",NA,"2791","2023","Diatomeentyp","Diatomeentyp des Wasserköpers verwendet in der Bewertung der Messstelle (siehe Tabelle WAGUET_OWNER_SCHLUESSEL_WERT_TEXT)","PHYLIB 5.3","Diatomeen",NA,"400387","5887253","DS 11",NA,NA,"DELW_DEBB80001581473"
"97","80001581473","Templiner See bei Templin",NA,"2796","2007","Teilbewertung Diatomeen/Zustands-/Potentialklasse FGW und Seen","FGW, See; Bewertung der Messstelle (1 bis 5 möglich), bei Wert='999' ist das Ergebnis ungesichert; (bei FGW-Halobienindex und Versauerung wird berücksichtigt)","nicht bekannt","Diatomeen",NA,"400740","5886956","2",NA,NA,"DELW_DEBB80001581473"
"98","80001581473","Templiner See bei Templin",NA,"2793","2017","vorlaeufigeBewertung","See; Fließgew; vorläufige Bewertung der Messstelle, (FGW - Halobienindex und Versauerung wird nicht berücksichtigt; Seen - TI-Anteil, RAQ-Arten und TI-Anzahl wird nicht berücksichtigt)","PHYLIB 5.3","Diatomeen",NA,"401825","5887963","1",NA,NA,"DELW_DEBB80001581473"
"99","80001581473","Templiner See bei Templin",NA,"80001581473_HM","2017","MST Bac_Crypto_S_Bew","Bewertung Bac_Crypto für Messstelle und Jahr","PhytoSee 7.0 (15.12.2017)","Phytoplankton",NA,"401463","5887612","1,5",NA,NA,"DELW_DEBB80001581473"
"100","80001581473","Templiner See bei Templin",NA,"2794","2007","MIB","Makrophytenindex Brandenburg","MIB 2004","Makrophyten",NA,"402230","5888027","3,1",NA,NA,"DELW_DEBB80001581473"
"101","80001581473","Templiner See bei Templin",NA,"2794","2014","M_RAQ","See; Modul Referenzartenquotien","PHYLIB 5.3","Diatomeen",NA,"402230","5888027","0,29",NA,NA,"DELW_DEBB80001581473"
"102","80001581473","Templiner See bei Templin",NA,"80001581473_HM","2014","Bewertung Phytoplankton","Bi Phytoplankton ( nach neuer (2009) See-Typzuweisung und Phytosee 4) und Phytofliess","PhytoSee 7.0 (15.12.2017)","Phytoplankton",NA,"401463","5887612","3",NA,NA,"DELW_DEBB80001581473"
"103","80001581473","Templiner See bei Templin",NA,"2792","2017","Teilbewertung Diatomeen/Zustands-/Potentialklasse FGW und Seen","FGW, See; Bewertung der Messstelle (1 bis 5 möglich), bei Wert='999' ist das Ergebnis ungesichert; (bei FGW-Halobienindex und Versauerung wird berücksichtigt)","PHYLIB 5.3","Diatomeen",NA,"400996","5887369","1",NA,NA,"DELW_DEBB80001581473"
"104","80001581473","Templiner See bei Templin",NA,"2795","2017","WRRL-Fließgewässertyp","WRRL-Fließgewässertyp und -Seetyp verwendet in der Bewertung der Messstelle (siehe Tabelle WAGUET_OWNER_SCHLUESSEL_WERT_TEXT)","PHYLIB 5.3","Diatomeen",NA,"401525","5887475","11",NA,NA,"DELW_DEBB80001581473"
"105","80001581473","Templiner See bei Templin",NA,"2791","2010","Teilbewertung Diatomeen, vorläufig/FGW - Ergebnis ohne Salzbelastung & See - vorläufige Bewertung","See, FGW; Bewertung der Messstelle (1 bis 5 möglich), bei Wert='999' ist das Ergebnis ungesichert; Seen - TI-Anteil, RAQ-Arten und TI-Anzahl wird berücksichtigt","PHYLIB 4.1","Diatomeen",NA,"400387","5887253","1",NA,NA,"DELW_DEBB80001581473"
"106","80001581473","Templiner See bei Templin",NA,"2796","2010","Teilbewertung Diatomeen/Zustands-/Potentialklasse FGW und Seen","FGW, See; Bewertung der Messstelle (1 bis 5 möglich), bei Wert='999' ist das Ergebnis ungesichert; (bei FGW-Halobienindex und Versauerung wird berücksichtigt)","PHYLIB 4.1","Diatomeen",NA,"400740","5886956","2",NA,NA,"DELW_DEBB80001581473"
"107","80001581473","Templiner See bei Templin",NA,"2791","2017","MIB","Makrophytenindex Brandenburg","MIB 2004","Makrophyten",NA,"400387","5887253","3,2",NA,NA,"DELW_DEBB80001581473"
"108","80001581473","Templiner See bei Templin",NA,"80001581473_HM","2020","MST N Monate",NA,"PhytoSee 7.0 (15.12.2017)","Phytoplankton",NA,"401463","5887612","5",NA,NA,"DELW_DEBB80001581473"
"109","80001581473","Templiner See bei Templin",NA,"80001581473_HM","2017","MST Chloro-Bewertung","Bewertung Chloro für Messstelle und Jahr","PhytoSee 7.0 (15.12.2017)","Phytoplankton",NA,"401463","5887612","1,39",NA,NA,"DELW_DEBB80001581473"
"110","80001581473","Templiner See bei Templin",NA,"80001581473_HM","2023","MST Maximum Chla µg/l",NA,"PhytoSee Online 8.0.3 (09.04.2024)","Phytoplankton",NA,"401463","5887612","63",NA,NA,"DELW_DEBB80001581473"
"111","80001581473","Templiner See bei Templin",NA,"80001581473_HM","2023","MST Dino_Cyano-Bewertung","Bewertung Dino_Cyano für Messstelle und Jahr","PhytoSee Online 8.0.3 (09.04.2024)","Phytoplankton",NA,"401463","5887612","3,75",NA,NA,"DELW_DEBB80001581473"
"112","80001581473","Templiner See bei Templin",NA,"80001581473_HM","2017","PhytoSee MST Expert_MST-PSI","Expertenurteil für Messstelle und Jahr","PhytoSee 7.0 (15.12.2017)","Phytoplankton",NA,"401463","5887612","PSI MST gültig",NA,NA,"DELW_DEBB80001581473"
"113","80001581473","Templiner See bei Templin",NA,"80001581473_HM","2020","TP_Frühjahr",NA,"LAWA-TI Gewässerbewertung stehender Gewässer","Chemie (See und FG)",NA,"401463","5887612","56",NA,NA,"DELW_DEBB80001581473"
"114","80001581473","Templiner See bei Templin",NA,"80001581473_HM","2020","MST Algenklassen_Metrik","Bewertung anhand des Mittelwertergebnisses aller Einzel-Klassenmetriks je Seentyp unter der Regel: Wenn Bewertungswert <0,5 dann gleich Wert 0,5 oder wenn Bewertungswert >5,5 dann gleich Wert 5,5","PhytoSee 7.0 (15.12.2017)","Phytoplankton",NA,"401463","5887612","3,33",NA,NA,"DELW_DEBB80001581473"
"115","80001581473","Templiner See bei Templin",NA,"80001581473_HM","2017","MST N_Indikatortaxa","mittlere Anzahl nutzbarer Indikatortaxa","PhytoSee 7.0 (15.12.2017)","Phytoplankton",NA,"401463","5887612","18,17",NA,NA,"DELW_DEBB80001581473"
"116","80001581473","Templiner See bei Templin",NA,"2793","2010","Teilbewertung Diatomeen/Zustands-/Potentialklasse FGW und Seen","FGW, See; Bewertung der Messstelle (1 bis 5 möglich), bei Wert='999' ist das Ergebnis ungesichert; (bei FGW-Halobienindex und Versauerung wird berücksichtigt)","PHYLIB 4.1","Diatomeen",NA,"401825","5887963","1",NA,NA,"DELW_DEBB80001581473"
"117","80001581473","Templiner See bei Templin",NA,"2796","2014","aerophileArten%","See; Fließgew, sauerstoffliebende Arten in Prozent nach Schaumburg","PHYLIB 5.3","Diatomeen",NA,"400740","5886956","0",NA,NA,"DELW_DEBB80001581473"
"118","80001581473","Templiner See bei Templin",NA,"2793","2014","vorlaeufigeBewertung","See; Fließgew; vorläufige Bewertung der Messstelle, (FGW - Halobienindex und Versauerung wird nicht berücksichtigt; Seen - TI-Anteil, RAQ-Arten und TI-Anzahl wird nicht berücksichtigt)","PHYLIB 5.3","Diatomeen",NA,"401825","5887963","1",NA,NA,"DELW_DEBB80001581473"
"119","80001581473","Templiner See bei Templin",NA,"80001581473_HM","2007","Chl_Saison_Anzahl",NA,"LAWA-TI Gewässerbewertung stehender Gewässer","Chemie (See und FG)",NA,"401463","5887612","10",NA,NA,"DELW_DEBB80001581473"
"120","80001581473","Templiner See bei Templin",NA,"80001581473_HM","2020","MST Gesamtbewertung verbal stufig","PSI verbal  für Messstelle und Jahr","PhytoSee 7.0 (15.12.2017)","Phytoplankton",NA,"401463","5887612","unbefried.",NA,NA,"DELW_DEBB80001581473"
"121","80001581473","Templiner See bei Templin",NA,"80001581473_HM","2010","MST N_Indikatortaxa","mittlere Anzahl nutzbarer Indikatortaxa","PhytoSee 7.0 (15.12.2017)","Phytoplankton",NA,"401463","5887612","11,5",NA,NA,"DELW_DEBB80001581473"
"122","80001581473","Templiner See bei Templin",NA,"80001581473_HM","2023","MST Gesamtbiovolumen in mm3/l","Gesamtbiovolumen Saison (mm3/l) im Mittel Mittel März - November","PhytoSee Online 8.0.3 (09.04.2024)","Phytoplankton",NA,"401463","5887612","7,76",NA,NA,"DELW_DEBB80001581473"
"123","80001581473","Templiner See bei Templin",NA,"80001581473_HM","2017","MST Typ_Nr","PP-Subtyp der bewerteten MST im Jahr der Untersuchung","PhytoSee 7.0 (15.12.2017)","Phytoplankton",NA,"401463","5887612","PP 11.1",NA,NA,"DELW_DEBB80001581473"
"124","80001581473","Templiner See bei Templin",NA,"80001581473_HM","2017","MST Gesamtbiovolumen in mm3/l","Gesamtbiovolumen Saison (mm3/l) im Mittel Mittel März - November","PhytoSee 7.0 (15.12.2017)","Phytoplankton","mm3/l","401463","5887612","7,73",NA,NA,"DELW_DEBB80001581473"
"125","80001581473","Templiner See bei Templin",NA,"2792","2017","vorlaeufigeBewertung","See; Fließgew; vorläufige Bewertung der Messstelle, (FGW - Halobienindex und Versauerung wird nicht berücksichtigt; Seen - TI-Anteil, RAQ-Arten und TI-Anzahl wird nicht berücksichtigt)","PHYLIB 5.3","Diatomeen",NA,"400996","5887369","1",NA,NA,"DELW_DEBB80001581473"
"126","80001581473","Templiner See bei Templin",NA,"80001581473_HM","2020","TP_Frühjahr_Anzahl",NA,"LAWA-TI Gewässerbewertung stehender Gewässer","Chemie (See und FG)",NA,"401463","5887612","5",NA,NA,"DELW_DEBB80001581473"
"127","80001581473","Templiner See bei Templin",NA,"2791","2023","Gesamthäufigkeit (prozent) D","Gesamthäufigkeit [%] D","PHYLIB 5.3","Diatomeen",NA,"400387","5887253","100",NA,NA,"DELW_DEBB80001581473"
"128","80001581473","Templiner See bei Templin",NA,"80001581473_HM","2020","MST Gewässerart",NA,"PhytoSee 7.0 (15.12.2017)","Phytoplankton",NA,"401463","5887612","See",NA,NA,"DELW_DEBB80001581473"
"129","80001581473","Templiner See bei Templin",NA,"2796","2017","aerophileArten%","See; Fließgew, sauerstoffliebende Arten in Prozent nach Schaumburg","PHYLIB 5.3","Diatomeen",NA,"400740","5886956","0",NA,NA,"DELW_DEBB80001581473"
"130","80001581473","Templiner See bei Templin",NA,"80001581473_HM","2017","MST Gesamtbewertung verbal stufig","PSI verbal  für Messstelle und Jahr","PhytoSee 7.0 (15.12.2017)","Phytoplankton",NA,"401463","5887612","mäßig",NA,NA,"DELW_DEBB80001581473"
"131","80001581473","Templiner See bei Templin",NA,"2791","2010","Teilbewertung Diatomeen/Zustands-/Potentialklasse FGW und Seen","FGW, See; Bewertung der Messstelle (1 bis 5 möglich), bei Wert='999' ist das Ergebnis ungesichert; (bei FGW-Halobienindex und Versauerung wird berücksichtigt)","PHYLIB 4.1","Diatomeen",NA,"400387","5887253","1",NA,NA,"DELW_DEBB80001581473"
"132","80001581473","Templiner See bei Templin",NA,"2795","2017","MIB","Makrophytenindex Brandenburg","nicht bekannt","Makrophyten",NA,"401525","5887475","3,32",NA,NA,"DELW_DEBB80001581473"
"133","80001581473","Templiner See bei Templin",NA,"80001581473_HM","2009","Chl_Saison",NA,"LAWA-TI Gewässerbewertung stehender Gewässer","Chemie (See und FG)",NA,"401463","5887612","43",NA,NA,"DELW_DEBB80001581473"
"134","80001581473","Templiner See bei Templin",NA,"80001581473_HM","2009","Chl_Saison_Anzahl",NA,"LAWA-TI Gewässerbewertung stehender Gewässer","Chemie (See und FG)",NA,"401463","5887612","10",NA,NA,"DELW_DEBB80001581473"
"135","80001581473","Templiner See bei Templin",NA,"80001581473_HM","2023","Chl_Saison_Anzahl",NA,"LAWA-TI Gewässerbewertung stehender Gewässer","Chemie (See und FG)",NA,"401463","5887612","10",NA,NA,"DELW_DEBB80001581473"
"136","80001581473","Templiner See bei Templin",NA,"80001581473_HM","2023","MST G_Algenklasse",NA,"PhytoSee Online 8.0.3 (09.04.2024)","Phytoplankton",NA,"401463","5887612","3",NA,NA,"DELW_DEBB80001581473"
"137","80001581473","Templiner See bei Templin",NA,"2791","2017","WRRL-Fließgewässertyp","WRRL-Fließgewässertyp und -Seetyp verwendet in der Bewertung der Messstelle (siehe Tabelle WAGUET_OWNER_SCHLUESSEL_WERT_TEXT)","PHYLIB 5.3","Diatomeen",NA,"400387","5887253","11",NA,NA,"DELW_DEBB80001581473"
"138","80001581473","Templiner See bei Templin",NA,"2795","2010","Teilbewertung Diatomeen/Zustands-/Potentialklasse FGW und Seen","FGW, See; Bewertung der Messstelle (1 bis 5 möglich), bei Wert='999' ist das Ergebnis ungesichert; (bei FGW-Halobienindex und Versauerung wird berücksichtigt)","PHYLIB 4.1","Diatomeen",NA,"401525","5887475","1",NA,NA,"DELW_DEBB80001581473"
"139","80001581473","Templiner See bei Templin",NA,"80001581473_HM","2023","MST G_Biomasse",NA,"PhytoSee Online 8.0.3 (09.04.2024)","Phytoplankton",NA,"401463","5887612","4",NA,NA,"DELW_DEBB80001581473"
"140","80001581473","Templiner See bei Templin",NA,"2796","2014","Teilbewertung Diatomeen/Zustands-/Potentialklasse FGW und Seen","FGW, See; Bewertung der Messstelle (1 bis 5 möglich), bei Wert='999' ist das Ergebnis ungesichert; (bei FGW-Halobienindex und Versauerung wird berücksichtigt)","PHYLIB 5.3","Diatomeen",NA,"400740","5886956","2",NA,NA,"DELW_DEBB80001581473"
"141","80001581473","Templiner See bei Templin",NA,"2793","2017","M_TILNord / Trophieindex (umger.)","See; Modul Trophie-Index (Wert zwischen 0 und 1)","PHYLIB 5.3","Diatomeen",NA,"401825","5887963","1",NA,NA,"DELW_DEBB80001581473"
"142","80001581473","Templiner See bei Templin",NA,"80001581473_HM","2010","MST Algenklassen_Metrik","Bewertung anhand des Mittelwertergebnisses aller Einzel-Klassenmetriks je Seentyp unter der Regel: Wenn Bewertungswert <0,5 dann gleich Wert 0,5 oder wenn Bewertungswert >5,5 dann gleich Wert 5,5","PhytoSee 7.0 (15.12.2017)","Phytoplankton",NA,"401463","5887612","3,2",NA,NA,"DELW_DEBB80001581473"
"143","80001581473","Templiner See bei Templin",NA,"80001581473_HM","2020","MST Chloro-Bewertung","Bewertung Chloro für Messstelle und Jahr","PhytoSee 7.0 (15.12.2017)","Phytoplankton",NA,"401463","5887612","3,36",NA,NA,"DELW_DEBB80001581473"
"144","80001581473","Templiner See bei Templin",NA,"2791","2014","Makrophytentyp","Makrophytentyp des Wasserköpers verwendet in der Bewertung der Messstelle (siehe Tabelle WAGUET_OWNER_SCHLUESSEL_WERT_TEXT)","PHYLIB 5.3","Diatomeen",NA,"400387","5887253","TKp - 11",NA,NA,"DELW_DEBB80001581473"
"145","80001581473","Templiner See bei Templin",NA,"2795","2017","vorlaeufigeBewertung","See; Fließgew; vorläufige Bewertung der Messstelle, (FGW - Halobienindex und Versauerung wird nicht berücksichtigt; Seen - TI-Anteil, RAQ-Arten und TI-Anzahl wird nicht berücksichtigt)","PHYLIB 5.3","Diatomeen",NA,"401525","5887475","1",NA,NA,"DELW_DEBB80001581473"
"146","80001581473","Templiner See bei Templin",NA,"80001581473_HM","2014","TI_akt","LAWA-Trophieindex","LAWA-TI Gewässerbewertung stehender Gewässer","Chemie (See und FG)",NA,"401463","5887612","3,6",NA,NA,"DELW_DEBB80001581473"
"147","80001581473","Templiner See bei Templin",NA,"80001581473_HM","2023","MST Chla µg/l",NA,"PhytoSee Online 8.0.3 (09.04.2024)","Phytoplankton",NA,"401463","5887612","35",NA,NA,"DELW_DEBB80001581473"
"148","80001581473","Templiner See bei Templin",NA,"2792","2017","Diatomeentyp","Diatomeentyp des Wasserköpers verwendet in der Bewertung der Messstelle (siehe Tabelle WAGUET_OWNER_SCHLUESSEL_WERT_TEXT)","PHYLIB 5.3","Diatomeen",NA,"400996","5887369","DS 11",NA,NA,"DELW_DEBB80001581473"
"149","80001581473","Templiner See bei Templin",NA,"2794","2023","Diatomeentyp","Diatomeentyp des Wasserköpers verwendet in der Bewertung der Messstelle (siehe Tabelle WAGUET_OWNER_SCHLUESSEL_WERT_TEXT)","PHYLIB 5.3","Diatomeen",NA,"402230","5888027","DS 11",NA,NA,"DELW_DEBB80001581473"
"150","80001581473","Templiner See bei Templin",NA,"2796","2023","Teilbewertung Diatomeen/Zustands-/Potentialklasse FGW und Seen","FGW, See; Bewertung der Messstelle (1 bis 5 möglich), bei Wert='999' ist das Ergebnis ungesichert; (bei FGW-Halobienindex und Versauerung wird berücksichtigt)","PHYLIB 5.3","Diatomeen",NA,"400740","5886956","1",NA,NA,"DELW_DEBB80001581473"
"151","80001581473","Templiner See bei Templin",NA,"80001581473_HM","2010","MST TypPTSI_Ref","PTSI-Referenz für den Typ","PhytoSee 7.0 (15.12.2017)","Phytoplankton",NA,"401463","5887612","2",NA,NA,"DELW_DEBB80001581473"
"152","80001581473","Templiner See bei Templin",NA,"80001581473_HM","2017","MST Beprobung konform?","Beprobung methodenkonform oder nicht? für Messstelle und Jahr","PhytoSee 7.0 (15.12.2017)","Phytoplankton",NA,"401463","5887612","incl. Novemberprobe",NA,NA,"DELW_DEBB80001581473"
"153","80001581473","Templiner See bei Templin",NA,"2796","2010","Teilbewertung Diatomeen, vorläufig/FGW - Ergebnis ohne Salzbelastung & See - vorläufige Bewertung","See, FGW; Bewertung der Messstelle (1 bis 5 möglich), bei Wert='999' ist das Ergebnis ungesichert; Seen - TI-Anteil, RAQ-Arten und TI-Anzahl wird berücksichtigt","PHYLIB 4.1","Diatomeen",NA,"400740","5886956","2",NA,NA,"DELW_DEBB80001581473"
"154","80001581473","Templiner See bei Templin",NA,"2793","2014","WRRL-Fließgewässertyp","WRRL-Fließgewässertyp und -Seetyp verwendet in der Bewertung der Messstelle (siehe Tabelle WAGUET_OWNER_SCHLUESSEL_WERT_TEXT)","PHYLIB 5.3","Diatomeen",NA,"401825","5887963","11",NA,NA,"DELW_DEBB80001581473"
"155","80001581473","Templiner See bei Templin",NA,"2793","2014","TIL_Nord","See; berechneter Trophie-Index Nord","PHYLIB 5.3","Diatomeen",NA,"401825","5887963","1,85",NA,NA,"DELW_DEBB80001581473"
"156","80001581473","Templiner See bei Templin",NA,"80001581473_HM","2020","TI_akt","LAWA-Trophieindex","LAWA-TI Gewässerbewertung stehender Gewässer","Chemie (See und FG)",NA,"401463","5887612","3,67",NA,NA,"DELW_DEBB80001581473"
"157","80001581473","Templiner See bei Templin",NA,"2794","2017","Teilbewertung Diatomeen/Zustands-/Potentialklasse FGW und Seen","FGW, See; Bewertung der Messstelle (1 bis 5 möglich), bei Wert='999' ist das Ergebnis ungesichert; (bei FGW-Halobienindex und Versauerung wird berücksichtigt)","PHYLIB 5.3","Diatomeen",NA,"402230","5888027","1",NA,NA,"DELW_DEBB80001581473"
"158","80001581473","Templiner See bei Templin",NA,"80001581473_HM","2010","MST Beprobung konform?","Beprobung methodenkonform oder nicht? für Messstelle und Jahr","PhytoSee 7.0 (15.12.2017)","Phytoplankton",NA,"401463","5887612","ok",NA,NA,"DELW_DEBB80001581473"
"159","80001581473","Templiner See bei Templin",NA,"80001581473_HM","2020","MST G_Algenklasse",NA,"PhytoSee 7.0 (15.12.2017)","Phytoplankton",NA,"401463","5887612","3",NA,NA,"DELW_DEBB80001581473"
"160","80001581473","Templiner See bei Templin",NA,"80001581473_HM","2014","MST Beprobung konform?","Beprobung methodenkonform oder nicht? für Messstelle und Jahr","PhytoSee 7.0 (15.12.2017)","Phytoplankton",NA,"401463","5887612","incl. Märzprobe",NA,NA,"DELW_DEBB80001581473"
"161","80001581473","Templiner See bei Templin",NA,"2796","2014","Teilbewertung Diatomeen, vorläufig/FGW - Ergebnis ohne Salzbelastung & See - vorläufige Bewertung","See, FGW; Bewertung der Messstelle (1 bis 5 möglich), bei Wert='999' ist das Ergebnis ungesichert; Seen - TI-Anteil, RAQ-Arten und TI-Anzahl wird berücksichtigt","PHYLIB 5.3","Diatomeen",NA,"400740","5886956","2",NA,NA,"DELW_DEBB80001581473"
"162","80001581473","Templiner See bei Templin",NA,"80001581473_HM","2023","MST MinvonMonat",NA,"PhytoSee Online 8.0.3 (09.04.2024)","Phytoplankton",NA,"401463","5887612","3",NA,NA,"DELW_DEBB80001581473"
"163","80001581473","Templiner See bei Templin",NA,"2793","2017","WRRL-Fließgewässertyp","WRRL-Fließgewässertyp und -Seetyp verwendet in der Bewertung der Messstelle (siehe Tabelle WAGUET_OWNER_SCHLUESSEL_WERT_TEXT)","PHYLIB 5.3","Diatomeen",NA,"401825","5887963","11",NA,NA,"DELW_DEBB80001581473"
"164","80001581473","Templiner See bei Templin",NA,"2026080","1992","Chl_MW","Jahresmittelwert Chl-a in µg/l","nicht bekannt","Chemie (See und FG)",NA,NA,NA,"13",NA,NA,"DELW_DEBB80001581473"
"165","80001581473","Templiner See bei Templin",NA,"2795","2014","Makrophytentyp","Makrophytentyp des Wasserköpers verwendet in der Bewertung der Messstelle (siehe Tabelle WAGUET_OWNER_SCHLUESSEL_WERT_TEXT)","PHYLIB 5.3","Diatomeen",NA,"401525","5887475","TKp - 11",NA,NA,"DELW_DEBB80001581473"
"166","80001581473","Templiner See bei Templin",NA,"2793","2010","Teilbewertung Diatomeen, vorläufig/FGW - Ergebnis ohne Salzbelastung & See - vorläufige Bewertung","See, FGW; Bewertung der Messstelle (1 bis 5 möglich), bei Wert='999' ist das Ergebnis ungesichert; Seen - TI-Anteil, RAQ-Arten und TI-Anzahl wird berücksichtigt","PHYLIB 4.1","Diatomeen",NA,"401825","5887963","1",NA,NA,"DELW_DEBB80001581473"
"167","80001581473","Templiner See bei Templin",NA,"2794","2010","I_UMG","Index aus der unteren Makrophytengrenze, Teilindex des MIB","MIB 2004","Makrophyten",NA,"402230","5888027","0-1,6",NA,NA,"DELW_DEBB80001581473"
"168","80001581473","Templiner See bei Templin",NA,"80001581473_HM","2017","MST Biomasse_Metrik","Metrik Biomasse  für Messstelle und Jahr","PhytoSee 7.0 (15.12.2017)","Phytoplankton",NA,"401463","5887612","3,57",NA,NA,"DELW_DEBB80001581473"
"169","80001581473","Templiner See bei Templin",NA,"2026080","1992","Sichttiefe_Jahesmittel","Sichttiefe_Jahesmittel in m","nicht bekannt","Chemie (See und FG)",NA,NA,NA,"1,05",NA,NA,"DELW_DEBB80001581473"
"170","80001581473","Templiner See bei Templin",NA,"2792","2014","WRRL-Fließgewässertyp","WRRL-Fließgewässertyp und -Seetyp verwendet in der Bewertung der Messstelle (siehe Tabelle WAGUET_OWNER_SCHLUESSEL_WERT_TEXT)","PHYLIB 5.3","Diatomeen",NA,"400996","5887369","11",NA,NA,"DELW_DEBB80001581473"
"171","80001581473","Templiner See bei Templin",NA,"80001581473euphot","2007","Chl_MW","Jahresmittelwert Chl-a in µg/l","nicht bekannt","Chemie (See und FG)",NA,"401443","5887660","43,17",NA,NA,"DELW_DEBB80001581473"
"172","80001581473","Templiner See bei Templin",NA,"2796","2023","Zustandsklasse","Zustands-/Potentialklasse","PHYLIB 5.3","Diatomeen",NA,"400740","5886956","1",NA,NA,"DELW_DEBB80001581473"
"173","80001581473","Templiner See bei Templin",NA,"80001581473_HM","2023","MST Gewässerart",NA,"PhytoSee Online 8.0.3 (09.04.2024)","Phytoplankton",NA,"401463","5887612","See",NA,NA,"DELW_DEBB80001581473"
"174","80001581473","Templiner See bei Templin",NA,"2796","2017","WRRL-Fließgewässertyp","WRRL-Fließgewässertyp und -Seetyp verwendet in der Bewertung der Messstelle (siehe Tabelle WAGUET_OWNER_SCHLUESSEL_WERT_TEXT)","PHYLIB 5.3","Diatomeen",NA,"400740","5886956","11",NA,NA,"DELW_DEBB80001581473"
"175","80001581473","Templiner See bei Templin",NA,"80001581473_HM","2020","Chl_Saison_Anzahl",NA,"LAWA-TI Gewässerbewertung stehender Gewässer","Chemie (See und FG)",NA,"401463","5887612","10",NA,NA,"DELW_DEBB80001581473"
"176","80001581473","Templiner See bei Templin",NA,"80001581473_HM","2014","Sichttiefe_Saison_Anzahl",NA,"LAWA-TI Gewässerbewertung stehender Gewässer","Chemie (See und FG)",NA,"401463","5887612","7",NA,NA,"DELW_DEBB80001581473"
"177","80001581473","Templiner See bei Templin",NA,"80001581473_HM","2020","MST N_Tage",NA,"PhytoSee 7.0 (15.12.2017)","Phytoplankton",NA,"401463","5887612","6",NA,NA,"DELW_DEBB80001581473"
"178","80001581473","Templiner See bei Templin",NA,"80001581473_HM","2009","TI_akt","LAWA-Trophieindex","LAWA-TI Gewässerbewertung stehender Gewässer","Chemie (See und FG)",NA,"401463","5887612","3,41",NA,NA,"DELW_DEBB80001581473"
"179","80001581473","Templiner See bei Templin",NA,"2792","2023","Zustandsklasse","Zustands-/Potentialklasse","PHYLIB 5.3","Diatomeen",NA,"400996","5887369","1",NA,NA,"DELW_DEBB80001581473"
"180","80001581473","Templiner See bei Templin",NA,"80001581473_HM","2020","MST MaxvonMonat",NA,"PhytoSee 7.0 (15.12.2017)","Phytoplankton",NA,"401463","5887612","10",NA,NA,"DELW_DEBB80001581473"
"181","80001581473","Templiner See bei Templin",NA,"80001581473_HM","2014","MST PTSI_Bew","PTSI-Bewertung für Messstelle und Jahr","PhytoSee 7.0 (15.12.2017)","Phytoplankton",NA,"401463","5887612","3,77",NA,NA,"DELW_DEBB80001581473"
"182","80001581473","Templiner See bei Templin",NA,"2792","2014","Makrophytentyp","Makrophytentyp des Wasserköpers verwendet in der Bewertung der Messstelle (siehe Tabelle WAGUET_OWNER_SCHLUESSEL_WERT_TEXT)","PHYLIB 5.3","Diatomeen",NA,"400996","5887369","TKp - 11",NA,NA,"DELW_DEBB80001581473"
"183","80001581473","Templiner See bei Templin",NA,"80001581473_HM","2010","TP_Frühjahr_Anzahl",NA,"LAWA-TI Gewässerbewertung stehender Gewässer","Chemie (See und FG)",NA,"401463","5887612","5",NA,NA,"DELW_DEBB80001581473"
"184","80001581473","Templiner See bei Templin",NA,"2791","2017","Teilbewertung Diatomeen, vorläufig/FGW - Ergebnis ohne Salzbelastung & See - vorläufige Bewertung","See, FGW; Bewertung der Messstelle (1 bis 5 möglich), bei Wert='999' ist das Ergebnis ungesichert; Seen - TI-Anteil, RAQ-Arten und TI-Anzahl wird berücksichtigt","PHYLIB 5.3","Diatomeen",NA,"400387","5887253","999",NA,NA,"DELW_DEBB80001581473"
"185","80001581473","Templiner See bei Templin",NA,"2796","2017","Diatomeentyp","Diatomeentyp des Wasserköpers verwendet in der Bewertung der Messstelle (siehe Tabelle WAGUET_OWNER_SCHLUESSEL_WERT_TEXT)","PHYLIB 5.3","Diatomeen",NA,"400740","5886956","DS 11",NA,NA,"DELW_DEBB80001581473"
"186","80001581473","Templiner See bei Templin",NA,"80001581473_HM","2007","Bewertung Phytoplankton","Bi Phytoplankton ( nach neuer (2009) See-Typzuweisung und Phytosee 4) und Phytofliess","PhytoSee 5.0 (2013)","Phytoplankton",NA,"401463","5887612","5",NA,NA,"DELW_DEBB80001581473"
"187","80001581473","Templiner See bei Templin",NA,"2792","2017","WRRL-Fließgewässertyp","WRRL-Fließgewässertyp und -Seetyp verwendet in der Bewertung der Messstelle (siehe Tabelle WAGUET_OWNER_SCHLUESSEL_WERT_TEXT)","PHYLIB 5.3","Diatomeen",NA,"400996","5887369","11",NA,NA,"DELW_DEBB80001581473"
"188","80001581473","Templiner See bei Templin",NA,"2792","2017","TIL_Nord","See; berechneter Trophie-Index Nord","PHYLIB 5.3","Diatomeen",NA,"400996","5887369","2",NA,NA,"DELW_DEBB80001581473"
"189","80001581473","Templiner See bei Templin",NA,"2793","2017","Teilbewertung Diatomeen, vorläufig/FGW - Ergebnis ohne Salzbelastung & See - vorläufige Bewertung","See, FGW; Bewertung der Messstelle (1 bis 5 möglich), bei Wert='999' ist das Ergebnis ungesichert; Seen - TI-Anteil, RAQ-Arten und TI-Anzahl wird berücksichtigt","PHYLIB 5.3","Diatomeen",NA,"401825","5887963","999",NA,NA,"DELW_DEBB80001581473"
"190","80001581473","Templiner See bei Templin",NA,"2793","2007","Teilbewertung Diatomeen/Zustands-/Potentialklasse FGW und Seen","FGW, See; Bewertung der Messstelle (1 bis 5 möglich), bei Wert='999' ist das Ergebnis ungesichert; (bei FGW-Halobienindex und Versauerung wird berücksichtigt)","nicht bekannt","Diatomeen",NA,"401825","5887963","2",NA,NA,"DELW_DEBB80001581473"
"191","80001581473","Templiner See bei Templin",NA,"80001581473_HM","2014","TP_MW","Mittelwert TP in mg/l (Messergb.)","LAWA-TI Gewässerbewertung stehender Gewässer","Chemie (See und FG)",NA,"401463","5887612","74,42",NA,NA,"DELW_DEBB80001581473"
"192","80001581473","Templiner See bei Templin",NA,"80001581473_HM","2010","TNb_Sommer","Stickstoffkonz. im Sommer","LAWA-TI Gewässerbewertung stehender Gewässer","Chemie (See und FG)",NA,"401463","5887612","1",NA,NA,"DELW_DEBB80001581473"
"193","80001581473","Templiner See bei Templin",NA,"2795","2007","TIL_Nord","See; berechneter Trophie-Index Nord","nicht bekannt","Diatomeen",NA,"401525","5887475","2,99",NA,NA,"DELW_DEBB80001581473"
"194","80001581473","Templiner See bei Templin",NA,"2791","2014","TIL_Nord","See; berechneter Trophie-Index Nord","PHYLIB 5.3","Diatomeen",NA,"400387","5887253","1,85",NA,NA,"DELW_DEBB80001581473"
"195","80001581473","Templiner See bei Templin",NA,"80001581473_HM","2023","MST N Monate",NA,"PhytoSee Online 8.0.3 (09.04.2024)","Phytoplankton",NA,"401463","5887612","6",NA,NA,"DELW_DEBB80001581473"
"196","80001581473","Templiner See bei Templin",NA,"80001581473_HM","2020","Bewertung Phytoplankton","Bi Phytoplankton ( nach neuer (2009) See-Typzuweisung und Phytosee 4) und Phytofliess","PhytoSee 7.0 (15.12.2017)","Phytoplankton",NA,"401463","5887612","4",NA,NA,"DELW_DEBB80001581473"
"197","80001581473","Templiner See bei Templin",NA,"2796","2007","M_TILNord / Trophieindex (umger.)","See; Modul Trophie-Index (Wert zwischen 0 und 1)","nicht bekannt","Diatomeen",NA,"400740","5886956","0,56",NA,NA,"DELW_DEBB80001581473"
"198","80001581473","Templiner See bei Templin",NA,"2795","2014","aerophileArten%","See; Fließgew, sauerstoffliebende Arten in Prozent nach Schaumburg","PHYLIB 5.3","Diatomeen",NA,"401525","5887475","0",NA,NA,"DELW_DEBB80001581473"
"199","80001581473","Templiner See bei Templin",NA,"80001581473_HM","2023","MST Biomasse_Metrik","Metrik Biomasse  für Messstelle und Jahr","PhytoSee Online 8.0.3 (09.04.2024)","Phytoplankton",NA,"401463","5887612","4,55",NA,NA,"DELW_DEBB80001581473"
"200","80001581473","Templiner See bei Templin",NA,"80001581473_HM","2014","TP_Saison",NA,"LAWA-TI Gewässerbewertung stehender Gewässer","Chemie (See und FG)",NA,"401463","5887612","63,83",NA,NA,"DELW_DEBB80001581473"
"201","80001581473","Templiner See bei Templin",NA,"80001581473_HM","2014","MST IST_PTSI_WERT","Phytoplankton-Taxa-Seen-Index Ist-Wert im Jahresmittel für die Messstelle","PhytoSee 7.0 (15.12.2017)","Phytoplankton",NA,"401463","5887612","3,63",NA,NA,"DELW_DEBB80001581473"
"202","80001581473","Templiner See bei Templin",NA,"2792","2014","aerophileArten%","See; Fließgew, sauerstoffliebende Arten in Prozent nach Schaumburg","PHYLIB 5.3","Diatomeen",NA,"400996","5887369","0",NA,NA,"DELW_DEBB80001581473"
"203","80001581473","Templiner See bei Templin",NA,"80001581473_HM","2014","MST PSI Phyto-See-Index","PSI als Zahl für Messstelle und Jahr","PhytoSee 7.0 (15.12.2017)","Phytoplankton",NA,"401463","5887612","3,47",NA,NA,"DELW_DEBB80001581473"
"204","80001581473","Templiner See bei Templin",NA,"2791","2014","M_RAQ","See; Modul Referenzartenquotien","PHYLIB 5.3","Diatomeen",NA,"400387","5887253","0,57",NA,NA,"DELW_DEBB80001581473"
"205","80001581473","Templiner See bei Templin",NA,"80001581473_HM","2010","TP_Frühjahr",NA,"LAWA-TI Gewässerbewertung stehender Gewässer","Chemie (See und FG)",NA,"401463","5887612","41",NA,NA,"DELW_DEBB80001581473"
"206","80001581473","Templiner See bei Templin",NA,"2793","2007","TIL_Nord","See; berechneter Trophie-Index Nord","nicht bekannt","Diatomeen",NA,"401825","5887963","3,13",NA,NA,"DELW_DEBB80001581473"
"207","80001581473","Templiner See bei Templin",NA,"2796","2014","M_RAQ","See; Modul Referenzartenquotien","PHYLIB 5.3","Diatomeen",NA,"400740","5886956","0,23",NA,NA,"DELW_DEBB80001581473"
"208","80001581473","Templiner See bei Templin",NA,"2796","2017","MIB","Makrophytenindex Brandenburg","nicht bekannt","Makrophyten",NA,"400740","5886956","2,74",NA,NA,"DELW_DEBB80001581473"
"209","80001581473","Templiner See bei Templin",NA,"80001581473_HM","2010","TP_MW","Mittelwert TP in mg/l (Messergb.)","LAWA-TI Gewässerbewertung stehender Gewässer","Chemie (See und FG)",NA,"401463","5887612","40,58",NA,NA,"DELW_DEBB80001581473"
"210","80001581473","Templiner See bei Templin",NA,"2794","2014","aerophileArten%","See; Fließgew, sauerstoffliebende Arten in Prozent nach Schaumburg","PHYLIB 5.3","Diatomeen",NA,"402230","5888027","0",NA,NA,"DELW_DEBB80001581473"
"211","80001581473","Templiner See bei Templin",NA,"80001581473_HM","2020","MST IST_PTSI_WERT","Phytoplankton-Taxa-Seen-Index Ist-Wert im Jahresmittel für die Messstelle","PhytoSee 7.0 (15.12.2017)","Phytoplankton",NA,"401463","5887612","3,91",NA,NA,"DELW_DEBB80001581473"
"212","80001581473","Templiner See bei Templin",NA,"80001581473_HM","2010","MST Diff PTSI-RefTrophie","Differenz zwischen PTSI und Referenztrophiefür Messstelle und Jahr","PhytoSee 7.0 (15.12.2017)","Phytoplankton",NA,"401463","5887612","1,66",NA,NA,"DELW_DEBB80001581473"
"213","80001581473","Templiner See bei Templin",NA,"80001581473_HM","2010","Bewertung Phytoplankton","Bi Phytoplankton ( nach neuer (2009) See-Typzuweisung und Phytosee 4) und Phytofliess","PhytoSee 5.0 (2013)","Phytoplankton",NA,"401463","5887612","4",NA,NA,"DELW_DEBB80001581473"
"214","80001581473","Templiner See bei Templin",NA,"80001581473_HM","2007","TP_MW","Mittelwert TP in mg/l (Messergb.)","LAWA-TI Gewässerbewertung stehender Gewässer","Chemie (See und FG)",NA,"401463","5887612","45,75",NA,NA,"DELW_DEBB80001581473"
"215","80001581473","Templiner See bei Templin",NA,"80001581473_HM","2007","Chl_Saison",NA,"LAWA-TI Gewässerbewertung stehender Gewässer","Chemie (See und FG)",NA,"401463","5887612","43,17",NA,NA,"DELW_DEBB80001581473"
"216","80001581473","Templiner See bei Templin",NA,"2795","2014","Teilbewertung Diatomeen/Zustands-/Potentialklasse FGW und Seen","FGW, See; Bewertung der Messstelle (1 bis 5 möglich), bei Wert='999' ist das Ergebnis ungesichert; (bei FGW-Halobienindex und Versauerung wird berücksichtigt)","PHYLIB 5.3","Diatomeen",NA,"401525","5887475","1",NA,NA,"DELW_DEBB80001581473"
"217","80001581473","Templiner See bei Templin",NA,"2796","2017","Teilbewertung Diatomeen/Zustands-/Potentialklasse FGW und Seen","FGW, See; Bewertung der Messstelle (1 bis 5 möglich), bei Wert='999' ist das Ergebnis ungesichert; (bei FGW-Halobienindex und Versauerung wird berücksichtigt)","PHYLIB 5.3","Diatomeen",NA,"400740","5886956","1",NA,NA,"DELW_DEBB80001581473"
"218","80001581473","Templiner See bei Templin",NA,"80001581473_HM","2014","MST Diff PTSI-RefTrophie","Differenz zwischen PTSI und Referenztrophiefür Messstelle und Jahr","PhytoSee 7.0 (15.12.2017)","Phytoplankton",NA,"401463","5887612","1,63",NA,NA,"DELW_DEBB80001581473"
"219","80001581473","Templiner See bei Templin",NA,"2796","2007","Anzahl inidkativer Taxa","Diatomeen Seen","nicht bekannt","Diatomeen",NA,"400740","5886956","22",NA,NA,"DELW_DEBB80001581473"
"220","80001581473","Templiner See bei Templin",NA,"80001581473_HM","2010","MST Gesamtbewertung verbal stufig","PSI verbal  für Messstelle und Jahr","PhytoSee 7.0 (15.12.2017)","Phytoplankton",NA,"401463","5887612","unbefried.",NA,NA,"DELW_DEBB80001581473"
"221","80001581473","Templiner See bei Templin",NA,"2792","2014","vorlaeufigeBewertung","See; Fließgew; vorläufige Bewertung der Messstelle, (FGW - Halobienindex und Versauerung wird nicht berücksichtigt; Seen - TI-Anteil, RAQ-Arten und TI-Anzahl wird nicht berücksichtigt)","PHYLIB 5.3","Diatomeen",NA,"400996","5887369","1",NA,NA,"DELW_DEBB80001581473"
"222","80001581473","Templiner See bei Templin",NA,"2794","2007","Teilbewertung Diatomeen/Zustands-/Potentialklasse FGW und Seen","FGW, See; Bewertung der Messstelle (1 bis 5 möglich), bei Wert='999' ist das Ergebnis ungesichert; (bei FGW-Halobienindex und Versauerung wird berücksichtigt)","nicht bekannt","Diatomeen",NA,"402230","5888027","2",NA,NA,"DELW_DEBB80001581473"
"223","80001581473","Templiner See bei Templin",NA,"2796","2010","I_UMG","Index aus der unteren Makrophytengrenze, Teilindex des MIB","MIB 2004","Makrophyten",NA,"400740","5886956","0-2,24",NA,NA,"DELW_DEBB80001581473"
"224","80001581473","Templiner See bei Templin",NA,"2796","2023","RAQ gesichert","RAQ gesichert","PHYLIB 5.3","Diatomeen",NA,"400740","5886956","1",NA,NA,"DELW_DEBB80001581473"
"225","80001581473","Templiner See bei Templin",NA,"80001581473_HM","2023","MST TypPTSI_Ref","PTSI-Referenz für den Typ","PhytoSee Online 8.0.3 (09.04.2024)","Phytoplankton",NA,"401463","5887612","1,5",NA,NA,"DELW_DEBB80001581473"
"226","80001581473","Templiner See bei Templin",NA,"2792","2010","Teilbewertung Diatomeen, vorläufig/FGW - Ergebnis ohne Salzbelastung & See - vorläufige Bewertung","See, FGW; Bewertung der Messstelle (1 bis 5 möglich), bei Wert='999' ist das Ergebnis ungesichert; Seen - TI-Anteil, RAQ-Arten und TI-Anzahl wird berücksichtigt","PHYLIB 4.1","Diatomeen",NA,"400996","5887369","2",NA,NA,"DELW_DEBB80001581473"
"227","80001581473","Templiner See bei Templin",NA,"2795","2014","Diatomeentyp","Diatomeentyp des Wasserköpers verwendet in der Bewertung der Messstelle (siehe Tabelle WAGUET_OWNER_SCHLUESSEL_WERT_TEXT)","PHYLIB 5.3","Diatomeen",NA,"401525","5887475","DS 11",NA,NA,"DELW_DEBB80001581473"
"228","80001581473","Templiner See bei Templin",NA,"2792","2007","Teilbewertung Diatomeen/Zustands-/Potentialklasse FGW und Seen","FGW, See; Bewertung der Messstelle (1 bis 5 möglich), bei Wert='999' ist das Ergebnis ungesichert; (bei FGW-Halobienindex und Versauerung wird berücksichtigt)","nicht bekannt","Diatomeen",NA,"400996","5887369","2",NA,NA,"DELW_DEBB80001581473"
"229","80001581473","Templiner See bei Templin",NA,"80001581473_HM","2020","MST Gesamtbiovolumen in mm3/l","Gesamtbiovolumen Saison (mm3/l) im Mittel Mittel März - November","PhytoSee 7.0 (15.12.2017)","Phytoplankton",NA,"401463","5887612","7,66",NA,NA,"DELW_DEBB80001581473"
"230","80001581473","Templiner See bei Templin",NA,"80001581473_HM","2014","TNb_Sommer","Stickstoffkonz. im Sommer","LAWA-TI Gewässerbewertung stehender Gewässer","Chemie (See und FG)",NA,"401463","5887612","1",NA,NA,"DELW_DEBB80001581473"
"231","80001581473","Templiner See bei Templin",NA,"2791","2017","Makrophytentyp","Makrophytentyp des Wasserköpers verwendet in der Bewertung der Messstelle (siehe Tabelle WAGUET_OWNER_SCHLUESSEL_WERT_TEXT)","PHYLIB 5.3","Diatomeen",NA,"400387","5887253","TKp - 11",NA,NA,"DELW_DEBB80001581473"
"232","80001581473","Templiner See bei Templin",NA,"80001581473_HM","2014","MST Gesamtbewertung verbal stufig","PSI verbal  für Messstelle und Jahr","PhytoSee 7.0 (15.12.2017)","Phytoplankton",NA,"401463","5887612","mäßig",NA,NA,"DELW_DEBB80001581473"
"233","80001581473","Templiner See bei Templin",NA,"80001581473_HM","2010","MST PSI_m_DiProf","PSI mit DI-Prof verrechnet  für Messstelle und Jahr","PhytoSee 7.0 (15.12.2017)","Phytoplankton",NA,"401463","5887612","3,56",NA,NA,"DELW_DEBB80001581473"
"234","80001581473","Templiner See bei Templin",NA,"80001581473_HM","2014","MST Gesamtbiovolumen in mm3/l","Gesamtbiovolumen Saison (mm3/l) im Mittel Mittel März - November","PhytoSee 7.0 (15.12.2017)","Phytoplankton","mm3/l","401463","5887612","7,34",NA,NA,"DELW_DEBB80001581473"
"235","80001581473","Templiner See bei Templin",NA,"80001581473_HM","2010","MST Di_Prof_Ist","DiProf Index-Wert für Messstelle und Jahr","PhytoSee 7.0 (15.12.2017)","Phytoplankton",NA,"401463","5887612","3,15",NA,NA,"DELW_DEBB80001581473"
"236","80001581473","Templiner See bei Templin",NA,"80001581473_HM","2010","Sichttiefe_Saison_Anzahl",NA,"LAWA-TI Gewässerbewertung stehender Gewässer","Chemie (See und FG)",NA,"401463","5887612","7",NA,NA,"DELW_DEBB80001581473"
"237","80001581473","Templiner See bei Templin",NA,"2792","2014","Teilbewertung Diatomeen/Zustands-/Potentialklasse FGW und Seen","FGW, See; Bewertung der Messstelle (1 bis 5 möglich), bei Wert='999' ist das Ergebnis ungesichert; (bei FGW-Halobienindex und Versauerung wird berücksichtigt)","PHYLIB 5.3","Diatomeen",NA,"400996","5887369","1",NA,NA,"DELW_DEBB80001581473"
"238","80001581473","Templiner See bei Templin",NA,"80001581473_HM","2023","MST N_Indikatortaxa","mittlere Anzahl nutzbarer Indikatortaxa","PhytoSee Online 8.0.3 (09.04.2024)","Phytoplankton",NA,"401463","5887612","14,17",NA,NA,"DELW_DEBB80001581473"
"239","80001581473","Templiner See bei Templin",NA,"2026080","2001","Sichttiefe_Jahesmittel","Sichttiefe_Jahesmittel in m","nicht bekannt","Chemie (See und FG)",NA,NA,NA,"0,95",NA,NA,"DELW_DEBB80001581473"
"240","80001581473","Templiner See bei Templin",NA,"2791","2007","Teilbewertung Diatomeen/Zustands-/Potentialklasse FGW und Seen","FGW, See; Bewertung der Messstelle (1 bis 5 möglich), bei Wert='999' ist das Ergebnis ungesichert; (bei FGW-Halobienindex und Versauerung wird berücksichtigt)","nicht bekannt","Diatomeen",NA,"400387","5887253","1",NA,NA,"DELW_DEBB80001581473"
"241","80001581473","Templiner See bei Templin",NA,"2794","2023","Bewertung (dezimal)","Bewertung (dezimal)","PHYLIB 5.3","Diatomeen",NA,"402230","5888027","1,03",NA,NA,"DELW_DEBB80001581473"
"242","80001581473","Templiner See bei Templin",NA,"80001581473_HM","2010","MST DiProf_Bew","DiProf-Bewertung für Messstelle und Jahr","PhytoSee 7.0 (15.12.2017)","Phytoplankton",NA,"401463","5887612","2,8",NA,NA,"DELW_DEBB80001581473"
"243","80001581473","Templiner See bei Templin",NA,"2794","2017","M_TILNord / Trophieindex (umger.)","See; Modul Trophie-Index (Wert zwischen 0 und 1)","PHYLIB 5.3","Diatomeen",NA,"402230","5888027","1",NA,NA,"DELW_DEBB80001581473"
"244","80001581473","Templiner See bei Templin",NA,"80001581473_HM","2010","PhytoSee MST Expert_MST-PSI","Expertenurteil für Messstelle und Jahr","PhytoSee 7.0 (15.12.2017)","Phytoplankton",NA,"401463","5887612","PSI MST gültig",NA,NA,"DELW_DEBB80001581473"
"245","80001581473","Templiner See bei Templin",NA,"2792","2007","Anzahl inidkativer Taxa","Diatomeen Seen","nicht bekannt","Diatomeen",NA,"400996","5887369","19",NA,NA,"DELW_DEBB80001581473"
"246","80001581473","Templiner See bei Templin",NA,"2794","2010","I_Arten","Artindex, Teilindex des MIB","MIB 2004","Makrophyten",NA,"402230","5888027","0-2,42",NA,NA,"DELW_DEBB80001581473"
"247","80001581473","Templiner See bei Templin",NA,"2026080","2001","Chl_MW","Jahresmittelwert Chl-a in µg/l","nicht bekannt","Chemie (See und FG)",NA,NA,NA,"38,75",NA,NA,"DELW_DEBB80001581473"
"248","80001581473","Templiner See bei Templin",NA,"80001581473_HM","2023","Bewertung Phytoplankton","Bi Phytoplankton ( nach neuer (2009) See-Typzuweisung und Phytosee 4) und Phytofliess","PhytoSee Online 8.0.3 (09.04.2024)","Phytoplankton",NA,"401463","5887612","4",NA,NA,"DELW_DEBB80001581473"
"249","80001581473","Templiner See bei Templin",NA,"80001581473_HM","2023","MST PSI Phyto-See-Index","PSI als Zahl für Messstelle und Jahr","PhytoSee Online 8.0.3 (09.04.2024)","Phytoplankton",NA,"401463","5887612","4,02",NA,NA,"DELW_DEBB80001581473"
"250","80001581473","Templiner See bei Templin",NA,"80001581473_HM","2007","TI_akt","LAWA-Trophieindex","LAWA-TI Gewässerbewertung stehender Gewässer","Chemie (See und FG)",NA,"401463","5887612","3,41",NA,NA,"DELW_DEBB80001581473"
"251","80001581473","Templiner See bei Templin",NA,"2792","2014","Diatomeentyp","Diatomeentyp des Wasserköpers verwendet in der Bewertung der Messstelle (siehe Tabelle WAGUET_OWNER_SCHLUESSEL_WERT_TEXT)","PHYLIB 5.3","Diatomeen",NA,"400996","5887369","DS 11",NA,NA,"DELW_DEBB80001581473"
"252","80001581473","Templiner See bei Templin",NA,"2793","2017","Diatomeentyp","Diatomeentyp des Wasserköpers verwendet in der Bewertung der Messstelle (siehe Tabelle WAGUET_OWNER_SCHLUESSEL_WERT_TEXT)","PHYLIB 5.3","Diatomeen",NA,"401825","5887963","DS 11",NA,NA,"DELW_DEBB80001581473"
"253","80001581473","Templiner See bei Templin",NA,"2794","2007","Anzahl inidkativer Taxa","Diatomeen Seen","nicht bekannt","Diatomeen",NA,"402230","5888027","11",NA,NA,"DELW_DEBB80001581473"
"254","80001581473","Templiner See bei Templin",NA,"80001581473_HM","2023","MST Intercalibration lake types",NA,"PhytoSee Online 8.0.3 (09.04.2024)","Phytoplankton",NA,"401463","5887612","in part L-CB1",NA,NA,"DELW_DEBB80001581473"
"255","80001581473","Templiner See bei Templin",NA,"80001581473_HM","2007","TP_Saison",NA,"LAWA-TI Gewässerbewertung stehender Gewässer","Chemie (See und FG)",NA,"401463","5887612","51,5",NA,NA,"DELW_DEBB80001581473"
"256","80001581473","Templiner See bei Templin",NA,"80001581473_HM","2020","MST PSI Phyto-See-Index","PSI als Zahl für Messstelle und Jahr","PhytoSee 7.0 (15.12.2017)","Phytoplankton",NA,"401463","5887612","3,89",NA,NA,"DELW_DEBB80001581473"
"257","80001581473","Templiner See bei Templin",NA,"80001581473_HM","2014","MST PTSI H/G","H/G PTSI vom Typ","PhytoSee 7.0 (15.12.2017)","Phytoplankton",NA,"401463","5887612","2,5",NA,NA,"DELW_DEBB80001581473"
"258","80001581473","Templiner See bei Templin",NA,"2792","2007","M_TILNord / Trophieindex (umger.)","See; Modul Trophie-Index (Wert zwischen 0 und 1)","nicht bekannt","Diatomeen",NA,"400996","5887369","0,66",NA,NA,"DELW_DEBB80001581473"
"259","80001581473","Templiner See bei Templin",NA,"80001581473_HM","2017","TP_Frühjahr",NA,"LAWA-TI Gewässerbewertung stehender Gewässer","Chemie (See und FG)",NA,"401463","5887612","30",NA,NA,"DELW_DEBB80001581473"
"260","80001581473","Templiner See bei Templin",NA,"2796","2017","vorlaeufigeBewertung","See; Fließgew; vorläufige Bewertung der Messstelle, (FGW - Halobienindex und Versauerung wird nicht berücksichtigt; Seen - TI-Anteil, RAQ-Arten und TI-Anzahl wird nicht berücksichtigt)","PHYLIB 5.3","Diatomeen",NA,"400740","5886956","1",NA,NA,"DELW_DEBB80001581473"
"261","80001581473","Templiner See bei Templin",NA,"80001581473_HM","2023","TP_Saison",NA,"LAWA-TI Gewässerbewertung stehender Gewässer","Chemie (See und FG)",NA,"401463","5887612","50,33",NA,NA,"DELW_DEBB80001581473"
"262","80001581473","Templiner See bei Templin",NA,"2795","2007","Anzahl inidkativer Taxa","Diatomeen Seen","nicht bekannt","Diatomeen",NA,"401525","5887475","12",NA,NA,"DELW_DEBB80001581473"
"263","80001581473","Templiner See bei Templin",NA,"80001581473_HM","2020","MST Typ_Nr","PP-Subtyp der bewerteten MST im Jahr der Untersuchung","PhytoSee 7.0 (15.12.2017)","Phytoplankton",NA,"401463","5887612","PP 11.1",NA,NA,"DELW_DEBB80001581473"
"264","80001581473","Templiner See bei Templin",NA,"2796","2010","Teilbewertung Makrophyten","Bewertung der Messstelle (1 bis 5 möglich), bei leeren Feld ist das Ergebnis ungesichert","MIB 2004","Makrophyten",NA,"400740","5886956","1",NA,NA,"DELW_DEBB80001581473"
"265","80001581473","Templiner See bei Templin",NA,"2794","2007","I_Arten","Artindex, Teilindex des MIB","MIB 2004","Makrophyten",NA,"402230","5888027","0-2,59",NA,NA,"DELW_DEBB80001581473"
"266","80001581473","Templiner See bei Templin",NA,"2794","2023","Gesamthäufigkeit (prozent) D","Gesamthäufigkeit [%] D","PHYLIB 5.3","Diatomeen",NA,"402230","5888027","100",NA,NA,"DELW_DEBB80001581473"
"267","80001581473","Templiner See bei Templin",NA,"2794","2017","TIL_Nord","See; berechneter Trophie-Index Nord","PHYLIB 5.3","Diatomeen",NA,"402230","5888027","1,94",NA,NA,"DELW_DEBB80001581473"
"268","80001581473","Templiner See bei Templin",NA,"2791","2014","aerophileArten%","See; Fließgew, sauerstoffliebende Arten in Prozent nach Schaumburg","PHYLIB 5.3","Diatomeen",NA,"400387","5887253","0",NA,NA,"DELW_DEBB80001581473"
"269","80001581473","Templiner See bei Templin",NA,"2026080","1998","Chl_MW","Jahresmittelwert Chl-a in µg/l","nicht bekannt","Chemie (See und FG)",NA,NA,NA,"38,5",NA,NA,"DELW_DEBB80001581473"
"270","80001581473","Templiner See bei Templin",NA,"80001581473_HM","2020","MST Bac_Crypto_S_Bew","Bewertung Bac_Crypto für Messstelle und Jahr","PhytoSee 7.0 (15.12.2017)","Phytoplankton",NA,"401463","5887612","2,5",NA,NA,"DELW_DEBB80001581473"
"271","80001581473","Templiner See bei Templin",NA,"80001581473_HM","2023","MST Crypto-Bewertung","Bewertung Crypto für Messstelle und Jahr","PhytoSee Online 8.0.3 (09.04.2024)","Phytoplankton",NA,"401463","5887612","4,42",NA,NA,"DELW_DEBB80001581473"
"272","80001581473","Templiner See bei Templin",NA,"2795","2017","MIB","Makrophytenindex Brandenburg","MIB 2004","Makrophyten",NA,"401525","5887475","3,32",NA,NA,"DELW_DEBB80001581473"
"273","80001581473","Templiner See bei Templin",NA,"2796","2014","M_TILNord / Trophieindex (umger.)","See; Modul Trophie-Index (Wert zwischen 0 und 1)","PHYLIB 5.3","Diatomeen",NA,"400740","5886956","0,894",NA,NA,"DELW_DEBB80001581473"
"274","80001581473","Templiner See bei Templin",NA,"80001581473_HM","2017","TP_Frühjahr_Anzahl",NA,"LAWA-TI Gewässerbewertung stehender Gewässer","Chemie (See und FG)",NA,"401463","5887612","5",NA,NA,"DELW_DEBB80001581473"
"275","80001581473","Templiner See bei Templin",NA,"2792","2014","M_TILNord / Trophieindex (umger.)","See; Modul Trophie-Index (Wert zwischen 0 und 1)","PHYLIB 5.3","Diatomeen",NA,"400996","5887369","1",NA,NA,"DELW_DEBB80001581473"
"276","80001581473","Templiner See bei Templin",NA,"2791","2017","I_UMG","Index aus der unteren Makrophytengrenze, Teilindex des MIB","MIB 2004","Makrophyten",NA,"400387","5887253","0-2,09",NA,NA,"DELW_DEBB80001581473"
"277","80001581473","Templiner See bei Templin",NA,"2794","2017","Diatomeentyp","Diatomeentyp des Wasserköpers verwendet in der Bewertung der Messstelle (siehe Tabelle WAGUET_OWNER_SCHLUESSEL_WERT_TEXT)","PHYLIB 5.3","Diatomeen",NA,"402230","5888027","DS 11",NA,NA,"DELW_DEBB80001581473"
"278","80001581473","Templiner See bei Templin",NA,"2794","2007","M_RAQ","See; Modul Referenzartenquotien","nicht bekannt","Diatomeen",NA,"402230","5888027","0,55",NA,NA,"DELW_DEBB80001581473"
"279","80001581473","Templiner See bei Templin",NA,"2796","2017","M_RAQ","See; Modul Referenzartenquotien","PHYLIB 5.3","Diatomeen",NA,"400740","5886956","0,5",NA,NA,"DELW_DEBB80001581473"
"280","80001581473","Templiner See bei Templin",NA,"2793","2023","Bewertung (dezimal)","Bewertung (dezimal)","PHYLIB 5.3","Diatomeen",NA,"401825","5887963","1,04",NA,NA,"DELW_DEBB80001581473"
"281","80001581473","Templiner See bei Templin",NA,"80001581473_HM","2023","MST Gesamtbewertung verbal stufig","PSI verbal  für Messstelle und Jahr","PhytoSee Online 8.0.3 (09.04.2024)","Phytoplankton",NA,"401463","5887612","unbefried.",NA,NA,"DELW_DEBB80001581473"
"282","80001581473","Templiner See bei Templin",NA,"80001581473_HM","2023","MST PTSI H/G","H/G PTSI vom Typ","PhytoSee Online 8.0.3 (09.04.2024)","Phytoplankton",NA,"401463","5887612","2",NA,NA,"DELW_DEBB80001581473"
"283","80001581473","Templiner See bei Templin",NA,"80001581473_HM","2007","TP_Frühjahr_Anzahl",NA,"LAWA-TI Gewässerbewertung stehender Gewässer","Chemie (See und FG)",NA,"401463","5887612","5",NA,NA,"DELW_DEBB80001581473"
"284","80001581473","Templiner See bei Templin",NA,"2791","2017","Diatomeentyp","Diatomeentyp des Wasserköpers verwendet in der Bewertung der Messstelle (siehe Tabelle WAGUET_OWNER_SCHLUESSEL_WERT_TEXT)","PHYLIB 5.3","Diatomeen",NA,"400387","5887253","DS 11",NA,NA,"DELW_DEBB80001581473"
"285","80001581473","Templiner See bei Templin",NA,"2793","2017","TIL_Nord","See; berechneter Trophie-Index Nord","PHYLIB 5.3","Diatomeen",NA,"401825","5887963","1,86",NA,NA,"DELW_DEBB80001581473"
"286","80001581473","Templiner See bei Templin",NA,"80001581473_HM","2014","ST_Saison",NA,"LAWA-TI Gewässerbewertung stehender Gewässer","Chemie (See und FG)",NA,"401463","5887612","0,8",NA,NA,"DELW_DEBB80001581473"
"287","80001581473","Templiner See bei Templin",NA,"80001581473_HM","2020","MST Diff PTSI-RefTrophie","Differenz zwischen PTSI und Referenztrophiefür Messstelle und Jahr","PhytoSee 7.0 (15.12.2017)","Phytoplankton",NA,"401463","5887612","1,91",NA,NA,"DELW_DEBB80001581473"
"288","80001581473","Templiner See bei Templin",NA,"80001581473_HM","2023","MST Diff PTSI-RefTrophie","Differenz zwischen PTSI und Referenztrophiefür Messstelle und Jahr","PhytoSee Online 8.0.3 (09.04.2024)","Phytoplankton",NA,"401463","5887612","1,66",NA,NA,"DELW_DEBB80001581473"
"289","80001581473","Templiner See bei Templin",NA,"2792","2023","Teilbewertung Diatomeen/Zustands-/Potentialklasse FGW und Seen","FGW, See; Bewertung der Messstelle (1 bis 5 möglich), bei Wert='999' ist das Ergebnis ungesichert; (bei FGW-Halobienindex und Versauerung wird berücksichtigt)","PHYLIB 5.3","Diatomeen",NA,"400996","5887369","1",NA,NA,"DELW_DEBB80001581473"
"290","80001581473","Templiner See bei Templin",NA,"2791","2017","aerophileArten%","See; Fließgew, sauerstoffliebende Arten in Prozent nach Schaumburg","PHYLIB 5.3","Diatomeen",NA,"400387","5887253","0",NA,NA,"DELW_DEBB80001581473"
"291","80001581473","Templiner See bei Templin",NA,"2795","2007","M_RAQ","See; Modul Referenzartenquotien","nicht bekannt","Diatomeen",NA,"401525","5887475","0,58",NA,NA,"DELW_DEBB80001581473"
"292","80001581473","Templiner See bei Templin",NA,"2791","2014","vorlaeufigeBewertung","See; Fließgew; vorläufige Bewertung der Messstelle, (FGW - Halobienindex und Versauerung wird nicht berücksichtigt; Seen - TI-Anteil, RAQ-Arten und TI-Anzahl wird nicht berücksichtigt)","PHYLIB 5.3","Diatomeen",NA,"400387","5887253","1",NA,NA,"DELW_DEBB80001581473"
"293","80001581473","Templiner See bei Templin",NA,"2796","2014","Diatomeentyp","Diatomeentyp des Wasserköpers verwendet in der Bewertung der Messstelle (siehe Tabelle WAGUET_OWNER_SCHLUESSEL_WERT_TEXT)","PHYLIB 5.3","Diatomeen",NA,"400740","5886956","DS 11",NA,NA,"DELW_DEBB80001581473"
"294","80001581473","Templiner See bei Templin",NA,"2794","2007","TIL_Nord","See; berechneter Trophie-Index Nord","nicht bekannt","Diatomeen",NA,"402230","5888027","3,1",NA,NA,"DELW_DEBB80001581473"
"295","80001581473","Templiner See bei Templin",NA,"80001581473_HM","2010","Chl_Saison_Anzahl",NA,"LAWA-TI Gewässerbewertung stehender Gewässer","Chemie (See und FG)",NA,"401463","5887612","10",NA,NA,"DELW_DEBB80001581473"
"296","80001581473","Templiner See bei Templin",NA,"2795","2014","Teilbewertung Diatomeen, vorläufig/FGW - Ergebnis ohne Salzbelastung & See - vorläufige Bewertung","See, FGW; Bewertung der Messstelle (1 bis 5 möglich), bei Wert='999' ist das Ergebnis ungesichert; Seen - TI-Anteil, RAQ-Arten und TI-Anzahl wird berücksichtigt","PHYLIB 5.3","Diatomeen",NA,"401525","5887475","1",NA,NA,"DELW_DEBB80001581473"
"297","80001581473","Templiner See bei Templin",NA,"2791","2014","Teilbewertung Diatomeen, vorläufig/FGW - Ergebnis ohne Salzbelastung & See - vorläufige Bewertung","See, FGW; Bewertung der Messstelle (1 bis 5 möglich), bei Wert='999' ist das Ergebnis ungesichert; Seen - TI-Anteil, RAQ-Arten und TI-Anzahl wird berücksichtigt","PHYLIB 5.3","Diatomeen",NA,"400387","5887253","1",NA,NA,"DELW_DEBB80001581473"
"298","80001581473","Templiner See bei Templin",NA,"2794","2017","aerophileArten%","See; Fließgew, sauerstoffliebende Arten in Prozent nach Schaumburg","PHYLIB 5.3","Diatomeen",NA,"402230","5888027","0",NA,NA,"DELW_DEBB80001581473"
"299","80001581473","Templiner See bei Templin",NA,"2794","2007","I_UMG","Index aus der unteren Makrophytengrenze, Teilindex des MIB","MIB 2004","Makrophyten",NA,"402230","5888027","0-1,65",NA,NA,"DELW_DEBB80001581473"
"300","80001581473","Templiner See bei Templin",NA,"2796","2014","Makrophytentyp","Makrophytentyp des Wasserköpers verwendet in der Bewertung der Messstelle (siehe Tabelle WAGUET_OWNER_SCHLUESSEL_WERT_TEXT)","PHYLIB 5.3","Diatomeen",NA,"400740","5886956","TKp - 11",NA,NA,"DELW_DEBB80001581473"
"301","80001581473","Templiner See bei Templin",NA,"2795","2017","TIL_Nord","See; berechneter Trophie-Index Nord","PHYLIB 5.3","Diatomeen",NA,"401525","5887475","2",NA,NA,"DELW_DEBB80001581473"
"302","80001581473","Templiner See bei Templin",NA,"2793","2007","I_Arten","Artindex, Teilindex des MIB","MIB 2004","Makrophyten",NA,"401825","5887963","0-2,01",NA,NA,"DELW_DEBB80001581473"
"303","80001581473","Templiner See bei Templin",NA,"80001581473_HM","2007","Sichttiefe_Saison_Anzahl",NA,"LAWA-TI Gewässerbewertung stehender Gewässer","Chemie (See und FG)",NA,"401463","5887612","7",NA,NA,"DELW_DEBB80001581473"
"304","80001581473","Templiner See bei Templin",NA,"80001581473_HM","2014","MST Crypto_Cyan_S_Bew","Bewertung Crypto_Cyan für Messstelle und Jahr","PhytoSee 7.0 (15.12.2017)","Phytoplankton",NA,"401463","5887612","3,97",NA,NA,"DELW_DEBB80001581473"
"305","80001581473","Templiner See bei Templin",NA,"80001581473_HM","2020","MST TypPTSI_Ref","PTSI-Referenz für den Typ","PhytoSee 7.0 (15.12.2017)","Phytoplankton",NA,"401463","5887612","2",NA,NA,"DELW_DEBB80001581473"
"306","80001581473","Templiner See bei Templin",NA,"80001581473_HM","2010","Bewertung Phytoplankton","Bi Phytoplankton ( nach neuer (2009) See-Typzuweisung und Phytosee 4) und Phytofliess","PhytoSee 7.0 (15.12.2017)","Phytoplankton",NA,"401463","5887612","4",NA,NA,"DELW_DEBB80001581473"
"307","80001581473","Templiner See bei Templin",NA,"2795","2017","aerophileArten%","See; Fließgew, sauerstoffliebende Arten in Prozent nach Schaumburg","PHYLIB 5.3","Diatomeen",NA,"401525","5887475","0",NA,NA,"DELW_DEBB80001581473"
"308","80001581473","Templiner See bei Templin",NA,"2795","2017","I_Arten","Artindex, Teilindex des MIB","MIB 2004","Makrophyten",NA,"401525","5887475","0-1,15",NA,NA,"DELW_DEBB80001581473"
"309","80001581473","Templiner See bei Templin",NA,"2796","2017","I_Arten","Artindex, Teilindex des MIB","MIB 2004","Makrophyten",NA,"400740","5886956","0-3,5",NA,NA,"DELW_DEBB80001581473"
"310","80001581473","Templiner See bei Templin",NA,"2793","2007","M_RAQ","See; Modul Referenzartenquotien","nicht bekannt","Diatomeen",NA,"401825","5887963","0,57",NA,NA,"DELW_DEBB80001581473"
"311","80001581473","Templiner See bei Templin",NA,"2793","2014","M_TILNord / Trophieindex (umger.)","See; Modul Trophie-Index (Wert zwischen 0 und 1)","PHYLIB 5.3","Diatomeen",NA,"401825","5887963","1",NA,NA,"DELW_DEBB80001581473"
"312","80001581473","Templiner See bei Templin",NA,"2793","2017","aerophileArten%","See; Fließgew, sauerstoffliebende Arten in Prozent nach Schaumburg","PHYLIB 5.3","Diatomeen",NA,"401825","5887963","0",NA,NA,"DELW_DEBB80001581473"
"313","80001581473","Templiner See bei Templin",NA,"2796","2023","Bewertung (dezimal)","Bewertung (dezimal)","PHYLIB 5.3","Diatomeen",NA,"400740","5886956","1,21",NA,NA,"DELW_DEBB80001581473"
"314","80001581473","Templiner See bei Templin",NA,"80001581473_HM","2014","MST Typ_Nr","PP-Subtyp der bewerteten MST im Jahr der Untersuchung","PhytoSee 7.0 (15.12.2017)","Phytoplankton",NA,"401463","5887612","PP 11.1",NA,NA,"DELW_DEBB80001581473"
"315","80001581473","Templiner See bei Templin",NA,"80001581473_HM","2020","MST Biomasse_Metrik","Metrik Biomasse  für Messstelle und Jahr","PhytoSee 7.0 (15.12.2017)","Phytoplankton",NA,"401463","5887612","4,09",NA,NA,"DELW_DEBB80001581473"
"316","80001581473","Templiner See bei Templin",NA,"80001581473_HM","2010","ST_Saison",NA,"LAWA-TI Gewässerbewertung stehender Gewässer","Chemie (See und FG)",NA,"401463","5887612","0,95",NA,NA,"DELW_DEBB80001581473"
"317","80001581473","Templiner See bei Templin",NA,"80001581473_HM","2020","Sichttiefe_Saison_Anzahl",NA,"LAWA-TI Gewässerbewertung stehender Gewässer","Chemie (See und FG)",NA,"401463","5887612","7",NA,NA,"DELW_DEBB80001581473"
"318","80001581473","Templiner See bei Templin",NA,"2793","2023","Diatomeentyp","Diatomeentyp des Wasserköpers verwendet in der Bewertung der Messstelle (siehe Tabelle WAGUET_OWNER_SCHLUESSEL_WERT_TEXT)","PHYLIB 5.3","Diatomeen",NA,"401825","5887963","DS 11",NA,NA,"DELW_DEBB80001581473"
"319","80001581473","Templiner See bei Templin",NA,"2796","2007","M_RAQ","See; Modul Referenzartenquotien","nicht bekannt","Diatomeen",NA,"400740","5886956","0,64",NA,NA,"DELW_DEBB80001581473"
"320","80001581473","Templiner See bei Templin",NA,"2795","2023","RAQ gesichert","RAQ gesichert","PHYLIB 5.3","Diatomeen",NA,"401525","5887475","1",NA,NA,"DELW_DEBB80001581473"
"321","80001581473","Templiner See bei Templin",NA,"80001581473_HM","2010","MST PTSI_Bew","PTSI-Bewertung für Messstelle und Jahr","PhytoSee 7.0 (15.12.2017)","Phytoplankton",NA,"401463","5887612","3,81",NA,NA,"DELW_DEBB80001581473"
"322","80001581473","Templiner See bei Templin",NA,"2795","2010","Teilbewertung Diatomeen, vorläufig/FGW - Ergebnis ohne Salzbelastung & See - vorläufige Bewertung","See, FGW; Bewertung der Messstelle (1 bis 5 möglich), bei Wert='999' ist das Ergebnis ungesichert; Seen - TI-Anteil, RAQ-Arten und TI-Anzahl wird berücksichtigt","PHYLIB 4.1","Diatomeen",NA,"401525","5887475","1",NA,NA,"DELW_DEBB80001581473"
"323","80001581473","Templiner See bei Templin",NA,"2796","2017","M_TILNord / Trophieindex (umger.)","See; Modul Trophie-Index (Wert zwischen 0 und 1)","PHYLIB 5.3","Diatomeen",NA,"400740","5886956","1",NA,NA,"DELW_DEBB80001581473"
"324","80001581473","Templiner See bei Templin",NA,"80001581473_HM","2020","MST G_PTSI",NA,"PhytoSee 7.0 (15.12.2017)","Phytoplankton",NA,"401463","5887612","2",NA,NA,"DELW_DEBB80001581473"
"325","80001581473","Templiner See bei Templin",NA,"2792","2017","Makrophytentyp","Makrophytentyp des Wasserköpers verwendet in der Bewertung der Messstelle (siehe Tabelle WAGUET_OWNER_SCHLUESSEL_WERT_TEXT)","PHYLIB 5.3","Diatomeen",NA,"400996","5887369","TKp - 11",NA,NA,"DELW_DEBB80001581473"
"326","80001581473","Templiner See bei Templin",NA,"2795","2007","M_TILNord / Trophieindex (umger.)","See; Modul Trophie-Index (Wert zwischen 0 und 1)","nicht bekannt","Diatomeen",NA,"401525","5887475","0,6",NA,NA,"DELW_DEBB80001581473"
"327","80001581473","Templiner See bei Templin",NA,"80001581473_HM","2020","MST N_Indikatortaxa","mittlere Anzahl nutzbarer Indikatortaxa","PhytoSee 7.0 (15.12.2017)","Phytoplankton",NA,"401463","5887612","18",NA,NA,"DELW_DEBB80001581473"
"328","80001581473","Templiner See bei Templin",NA,"80001581473_HM","2017","Chl_Saison_Anzahl",NA,"LAWA-TI Gewässerbewertung stehender Gewässer","Chemie (See und FG)",NA,"401463","5887612","10",NA,NA,"DELW_DEBB80001581473"
"329","80001581473","Templiner See bei Templin",NA,"80001581473_HM","2014","MST Bac_Crypto_S_Bew","Bewertung Bac_Crypto für Messstelle und Jahr","PhytoSee 7.0 (15.12.2017)","Phytoplankton",NA,"401463","5887612","3,01",NA,NA,"DELW_DEBB80001581473"
"330","80001581473","Templiner See bei Templin",NA,"2796","2010","MIB","Makrophytenindex Brandenburg","MIB 2004","Makrophyten",NA,"400740","5886956","2,99",NA,NA,"DELW_DEBB80001581473"
"331","80001581473","Templiner See bei Templin",NA,"2794","2010","Teilbewertung Diatomeen, vorläufig/FGW - Ergebnis ohne Salzbelastung & See - vorläufige Bewertung","See, FGW; Bewertung der Messstelle (1 bis 5 möglich), bei Wert='999' ist das Ergebnis ungesichert; Seen - TI-Anteil, RAQ-Arten und TI-Anzahl wird berücksichtigt","PHYLIB 4.1","Diatomeen",NA,"402230","5888027","2",NA,NA,"DELW_DEBB80001581473"
"332","80001581473","Templiner See bei Templin",NA,"80001581473_HM","2023","TI_akt","LAWA-Trophieindex","LAWA-TI Gewässerbewertung stehender Gewässer","Chemie (See und FG)",NA,"401463","5887612","3,49",NA,NA,"DELW_DEBB80001581473"
"333","80001581473","Templiner See bei Templin",NA,"80001581473_HM","2023","MST PTSI_Bew","PTSI-Bewertung für Messstelle und Jahr","PhytoSee Online 8.0.3 (09.04.2024)","Phytoplankton",NA,"401463","5887612","3,82",NA,NA,"DELW_DEBB80001581473"
"334","80001581473","Templiner See bei Templin",NA,"80001581473_HM","2023","MST Bac_Chloro_S_Bew","Bewertung Bac_Chloro für Messstelle und Jahr","PhytoSee Online 8.0.3 (09.04.2024)","Phytoplankton",NA,"401463","5887612","4,22",NA,NA,"DELW_DEBB80001581473"
"335","80001581473","Templiner See bei Templin",NA,"80001581473_HM","2023","MST Typ_Nr","PP-Subtyp der bewerteten MST im Jahr der Untersuchung","PhytoSee Online 8.0.3 (09.04.2024)","Phytoplankton",NA,"401463","5887612","PP 10.1",NA,NA,"DELW_DEBB80001581473"
"336","80001581473","Templiner See bei Templin",NA,"2793","2014","Makrophytentyp","Makrophytentyp des Wasserköpers verwendet in der Bewertung der Messstelle (siehe Tabelle WAGUET_OWNER_SCHLUESSEL_WERT_TEXT)","PHYLIB 5.3","Diatomeen",NA,"401825","5887963","TKp - 11",NA,NA,"DELW_DEBB80001581473"
"337","80001581473","Templiner See bei Templin",NA,"2791","2014","WRRL-Fließgewässertyp","WRRL-Fließgewässertyp und -Seetyp verwendet in der Bewertung der Messstelle (siehe Tabelle WAGUET_OWNER_SCHLUESSEL_WERT_TEXT)","PHYLIB 5.3","Diatomeen",NA,"400387","5887253","11",NA,NA,"DELW_DEBB80001581473"
"338","80001581473","Templiner See bei Templin",NA,"80001581473_HM","2007","TP_Frühjahr",NA,"LAWA-TI Gewässerbewertung stehender Gewässer","Chemie (See und FG)",NA,"401463","5887612","40",NA,NA,"DELW_DEBB80001581473"
"339","80001581473","Templiner See bei Templin",NA,"80001581473_HM","2010","MST Gesamtbiovolumen in mm3/l","Gesamtbiovolumen Saison (mm3/l) im Mittel Mittel März - November","PhytoSee 7.0 (15.12.2017)","Phytoplankton","mm3/l","401463","5887612","9,31",NA,NA,"DELW_DEBB80001581473"
"340","80001581473","Templiner See bei Templin",NA,"80001581473_HM","2014","MST Chloro-Bewertung","Bewertung Chloro für Messstelle und Jahr","PhytoSee 7.0 (15.12.2017)","Phytoplankton",NA,"401463","5887612","3,01",NA,NA,"DELW_DEBB80001581473"
"341","80001581473","Templiner See bei Templin",NA,"2793","2007","Teilbewertung Makrophyten","Bewertung der Messstelle (1 bis 5 möglich), bei leeren Feld ist das Ergebnis ungesichert","MIB 2004","Makrophyten",NA,"401825","5887963","1",NA,NA,"DELW_DEBB80001581473"
"342","80001581473","Templiner See bei Templin",NA,"2794","2023","RAQ gesichert","RAQ gesichert","PHYLIB 5.3","Diatomeen",NA,"402230","5888027","1",NA,NA,"DELW_DEBB80001581473"
"343","80001581473","Templiner See bei Templin",NA,"80001581473_HM","2010","MST Typ_Nr","PP-Subtyp der bewerteten MST im Jahr der Untersuchung","PhytoSee 7.0 (15.12.2017)","Phytoplankton",NA,"401463","5887612","PP 11.1",NA,NA,"DELW_DEBB80001581473"
"344","80001581473","Templiner See bei Templin",NA,"2794","2017","vorlaeufigeBewertung","See; Fließgew; vorläufige Bewertung der Messstelle, (FGW - Halobienindex und Versauerung wird nicht berücksichtigt; Seen - TI-Anteil, RAQ-Arten und TI-Anzahl wird nicht berücksichtigt)","PHYLIB 5.3","Diatomeen",NA,"402230","5888027","1",NA,NA,"DELW_DEBB80001581473"
"345","80001581473","Templiner See bei Templin",NA,"80001581473_HM","2023","Sichttiefe_Saison_Anzahl",NA,"LAWA-TI Gewässerbewertung stehender Gewässer","Chemie (See und FG)",NA,"401463","5887612","7",NA,NA,"DELW_DEBB80001581473"
"346","80001581473","Templiner See bei Templin",NA,"2794","2014","Teilbewertung Diatomeen/Zustands-/Potentialklasse FGW und Seen","FGW, See; Bewertung der Messstelle (1 bis 5 möglich), bei Wert='999' ist das Ergebnis ungesichert; (bei FGW-Halobienindex und Versauerung wird berücksichtigt)","PHYLIB 5.3","Diatomeen",NA,"402230","5888027","1",NA,NA,"DELW_DEBB80001581473"
"347","80001581473","Templiner See bei Templin",NA,"80001581473euphot","2007","Bewertung Phytoplankton","Bi Phytoplankton ( nach neuer (2009) See-Typzuweisung und Phytosee 4) und Phytofliess","nicht bekannt","Phytoplankton",NA,"401443","5887660","4",NA,NA,"DELW_DEBB80001581473"
"348","80001581473","Templiner See bei Templin",NA,"2794","2023","Zustandsklasse","Zustands-/Potentialklasse","PHYLIB 5.3","Diatomeen",NA,"402230","5888027","1",NA,NA,"DELW_DEBB80001581473"
"349","80001581473","Templiner See bei Templin",NA,"80001581473_HM","2023","MST Beprobung konform?","Beprobung methodenkonform oder nicht? für Messstelle und Jahr","PhytoSee Online 8.0.3 (09.04.2024)","Phytoplankton",NA,"401463","5887612","Phyto-Beprobung ok,incl. Märzprobe,incl. Novemberprobe",NA,NA,"DELW_DEBB80001581473"
"350","80001581473","Templiner See bei Templin",NA,"2026080","1998","Sichttiefe_Jahesmittel","Sichttiefe_Jahesmittel in m","nicht bekannt","Chemie (See und FG)",NA,NA,NA,"1,22",NA,NA,"DELW_DEBB80001581473"
"351","80001581473","Templiner See bei Templin",NA,"80001581473_HM","2020","MST Beprobung konform?","Beprobung methodenkonform oder nicht? für Messstelle und Jahr","PhytoSee 7.0 (15.12.2017)","Phytoplankton",NA,"401463","5887612","ok",NA,NA,"DELW_DEBB80001581473"
"352","80001581473","Templiner See bei Templin",NA,"2792","2017","aerophileArten%","See; Fließgew, sauerstoffliebende Arten in Prozent nach Schaumburg","PHYLIB 5.3","Diatomeen",NA,"400996","5887369","0",NA,NA,"DELW_DEBB80001581473"
"353","80001581473","Templiner See bei Templin",NA,"2795","2017","Makrophytentyp","Makrophytentyp des Wasserköpers verwendet in der Bewertung der Messstelle (siehe Tabelle WAGUET_OWNER_SCHLUESSEL_WERT_TEXT)","PHYLIB 5.3","Diatomeen",NA,"401525","5887475","TKp - 11",NA,NA,"DELW_DEBB80001581473"
"354","80001581473","Templiner See bei Templin",NA,"80001581473_HM","2014","MST Biomasse_Metrik","Metrik Biomasse  für Messstelle und Jahr","PhytoSee 7.0 (15.12.2017)","Phytoplankton",NA,"401463","5887612","3,42",NA,NA,"DELW_DEBB80001581473"
"355","80001581473","Templiner See bei Templin",NA,"2794","2017","Teilbewertung Diatomeen, vorläufig/FGW - Ergebnis ohne Salzbelastung & See - vorläufige Bewertung","See, FGW; Bewertung der Messstelle (1 bis 5 möglich), bei Wert='999' ist das Ergebnis ungesichert; Seen - TI-Anteil, RAQ-Arten und TI-Anzahl wird berücksichtigt","PHYLIB 5.3","Diatomeen",NA,"402230","5888027","1",NA,NA,"DELW_DEBB80001581473"
"356","80001581473","Templiner See bei Templin",NA,"2795","2017","M_RAQ","See; Modul Referenzartenquotien","PHYLIB 5.3","Diatomeen",NA,"401525","5887475","0,33",NA,NA,"DELW_DEBB80001581473"
"357","80001581473","Templiner See bei Templin",NA,"2792","2017","M_TILNord / Trophieindex (umger.)","See; Modul Trophie-Index (Wert zwischen 0 und 1)","PHYLIB 5.3","Diatomeen",NA,"400996","5887369","0,95",NA,NA,"DELW_DEBB80001581473"
"358","80001581473","Templiner See bei Templin",NA,"80001581473_HM","2020","Chl_Saison",NA,"LAWA-TI Gewässerbewertung stehender Gewässer","Chemie (See und FG)",NA,"401463","5887612","51,17",NA,NA,"DELW_DEBB80001581473"
"359","80001581473","Templiner See bei Templin",NA,"2792","2007","M_RAQ","See; Modul Referenzartenquotien","nicht bekannt","Diatomeen",NA,"400996","5887369","0,74",NA,NA,"DELW_DEBB80001581473"
"360","80001581473","Templiner See bei Templin",NA,"2792","2014","TIL_Nord","See; berechneter Trophie-Index Nord","PHYLIB 5.3","Diatomeen",NA,"400996","5887369","1,8",NA,NA,"DELW_DEBB80001581473"
"361","80001581473","Templiner See bei Templin",NA,"80001581473_HM","2014","TP_Frühjahr",NA,"LAWA-TI Gewässerbewertung stehender Gewässer","Chemie (See und FG)",NA,"401463","5887612","85",NA,NA,"DELW_DEBB80001581473"
"362","80001581473","Templiner See bei Templin",NA,"80001581473_HM","2010","MST Gew_DiProf","Gewichtung DiProf für Messstelle und Jahr","PhytoSee 7.0 (15.12.2017)","Phytoplankton",NA,"401463","5887612","2",NA,NA,"DELW_DEBB80001581473"
"363","80001581473","Templiner See bei Templin",NA,"2791","2007","M_RAQ","See; Modul Referenzartenquotien","nicht bekannt","Diatomeen",NA,"400387","5887253","0,92",NA,NA,"DELW_DEBB80001581473"
"364","80001581473","Templiner See bei Templin",NA,"2794","2014","M_TILNord / Trophieindex (umger.)","See; Modul Trophie-Index (Wert zwischen 0 und 1)","PHYLIB 5.3","Diatomeen",NA,"402230","5888027","0,986",NA,NA,"DELW_DEBB80001581473"
"365","80001581473","Templiner See bei Templin",NA,"2795","2014","vorlaeufigeBewertung","See; Fließgew; vorläufige Bewertung der Messstelle, (FGW - Halobienindex und Versauerung wird nicht berücksichtigt; Seen - TI-Anteil, RAQ-Arten und TI-Anzahl wird nicht berücksichtigt)","PHYLIB 5.3","Diatomeen",NA,"401525","5887475","1",NA,NA,"DELW_DEBB80001581473"
"366","80001581473","Templiner See bei Templin",NA,"80001581473_HM","2014","TP_Frühjahr_Anzahl",NA,"LAWA-TI Gewässerbewertung stehender Gewässer","Chemie (See und FG)",NA,"401463","5887612","5",NA,NA,"DELW_DEBB80001581473"
"367","80001581473","Templiner See bei Templin",NA,"80001581473_HM","2017","MST Crypto_Cyan_S_Bew","Bewertung Crypto_Cyan für Messstelle und Jahr","PhytoSee 7.0 (15.12.2017)","Phytoplankton",NA,"401463","5887612","4,41",NA,NA,"DELW_DEBB80001581473"
"368","80001581473","Templiner See bei Templin",NA,"80001581473_HM","2023","MST MaxvonMonat",NA,"PhytoSee Online 8.0.3 (09.04.2024)","Phytoplankton",NA,"401463","5887612","11",NA,NA,"DELW_DEBB80001581473"
"369","80001581473","Templiner See bei Templin",NA,"80001581473_HM","2020","MST PTSI_Bew","PTSI-Bewertung für Messstelle und Jahr","PhytoSee 7.0 (15.12.2017)","Phytoplankton",NA,"401463","5887612","4,32",NA,NA,"DELW_DEBB80001581473"
"370","80001581473","Templiner See bei Templin",NA,"80001581473_HM","2010","MST Crypto_Cyan_S_Bew","Bewertung Crypto_Cyan für Messstelle und Jahr","PhytoSee 7.0 (15.12.2017)","Phytoplankton",NA,"401463","5887612","4,65",NA,NA,"DELW_DEBB80001581473"
"371","80001581473","Templiner See bei Templin",NA,"80001581473_HM","2017","Sichttiefe_Saison_Anzahl",NA,"LAWA-TI Gewässerbewertung stehender Gewässer","Chemie (See und FG)",NA,"401463","5887612","7",NA,NA,"DELW_DEBB80001581473"
"372","80001581473","Templiner See bei Templin",NA,"80001581473_HM","2023","MST Algenklassen_Metrik","Bewertung anhand des Mittelwertergebnisses aller Einzel-Klassenmetriks je Seentyp unter der Regel: Wenn Bewertungswert <0,5 dann gleich Wert 0,5 oder wenn Bewertungswert >5,5 dann gleich Wert 5,5","PhytoSee Online 8.0.3 (09.04.2024)","Phytoplankton",NA,"401463","5887612","3,52",NA,NA,"DELW_DEBB80001581473"
"373","80001581473","Templiner See bei Templin",NA,"80001581473_HM","2010","MST Bac_Crypto_S_Bew","Bewertung Bac_Crypto für Messstelle und Jahr","PhytoSee 7.0 (15.12.2017)","Phytoplankton",NA,"401463","5887612","2,02",NA,NA,"DELW_DEBB80001581473"
"374","80001581473","Templiner See bei Templin",NA,"2791","2017","MIB","Makrophytenindex Brandenburg","nicht bekannt","Makrophyten",NA,"400387","5887253","3,2",NA,NA,"DELW_DEBB80001581473"
"375","80001581473","Templiner See bei Templin",NA,"80001581473_HM","2020","TP_Saison",NA,"LAWA-TI Gewässerbewertung stehender Gewässer","Chemie (See und FG)",NA,"401463","5887612","50,67",NA,NA,"DELW_DEBB80001581473"
"376","80001581473","Templiner See bei Templin",NA,"2792","2023","Diatomeentyp","Diatomeentyp des Wasserköpers verwendet in der Bewertung der Messstelle (siehe Tabelle WAGUET_OWNER_SCHLUESSEL_WERT_TEXT)","PHYLIB 5.3","Diatomeen",NA,"400996","5887369","DS 11",NA,NA,"DELW_DEBB80001581473"
"377","80001581473","Templiner See bei Templin",NA,"80001581473_HM","2009","TP_Saison",NA,"LAWA-TI Gewässerbewertung stehender Gewässer","Chemie (See und FG)",NA,"401463","5887612","42,71",NA,NA,"DELW_DEBB80001581473"
"378","80001581473","Templiner See bei Templin",NA,"80001581473_HM","2023","MST IST_PTSI_WERT","Phytoplankton-Taxa-Seen-Index Ist-Wert im Jahresmittel für die Messstelle","PhytoSee Online 8.0.3 (09.04.2024)","Phytoplankton",NA,"401463","5887612","3,16",NA,NA,"DELW_DEBB80001581473"
"379","80001581473","Templiner See bei Templin",NA,"2794","2014","TIL_Nord","See; berechneter Trophie-Index Nord","PHYLIB 5.3","Diatomeen",NA,"402230","5888027","2",NA,NA,"DELW_DEBB80001581473"
"380","80001581473","Templiner See bei Templin",NA,"80001581473_HM","2017","MST PTSI_Bew","PTSI-Bewertung für Messstelle und Jahr","PhytoSee 7.0 (15.12.2017)","Phytoplankton",NA,"401463","5887612","3,54",NA,NA,"DELW_DEBB80001581473"
"381","80001581473","Templiner See bei Templin",NA,"2795","2014","WRRL-Fließgewässertyp","WRRL-Fließgewässertyp und -Seetyp verwendet in der Bewertung der Messstelle (siehe Tabelle WAGUET_OWNER_SCHLUESSEL_WERT_TEXT)","PHYLIB 5.3","Diatomeen",NA,"401525","5887475","11",NA,NA,"DELW_DEBB80001581473"
"382","80001581473","Templiner See bei Templin",NA,"80001581473_HM","2009","Sichttiefe_Saison_Anzahl",NA,"LAWA-TI Gewässerbewertung stehender Gewässer","Chemie (See und FG)",NA,"401463","5887612","7",NA,NA,"DELW_DEBB80001581473"
"383","80001581473","Templiner See bei Templin",NA,"2796","2010","I_Arten","Artindex, Teilindex des MIB","MIB 2004","Makrophyten",NA,"400740","5886956","0-2,17",NA,NA,"DELW_DEBB80001581473"
"384","80001581473","Templiner See bei Templin",NA,"2793","2014","Teilbewertung Diatomeen/Zustands-/Potentialklasse FGW und Seen","FGW, See; Bewertung der Messstelle (1 bis 5 möglich), bei Wert='999' ist das Ergebnis ungesichert; (bei FGW-Halobienindex und Versauerung wird berücksichtigt)","PHYLIB 5.3","Diatomeen",NA,"401825","5887963","1",NA,NA,"DELW_DEBB80001581473"
"385","80001581473","Templiner See bei Templin",NA,"2796","2023","Gesamthäufigkeit (prozent) D","Gesamthäufigkeit [%] D","PHYLIB 5.3","Diatomeen",NA,"400740","5886956","100",NA,NA,"DELW_DEBB80001581473"
"386","80001581473","Templiner See bei Templin",NA,"80001581473_HM","2014","MST Algenklassen_Metrik","Bewertung anhand des Mittelwertergebnisses aller Einzel-Klassenmetriks je Seentyp unter der Regel: Wenn Bewertungswert <0,5 dann gleich Wert 0,5 oder wenn Bewertungswert >5,5 dann gleich Wert 5,5","PhytoSee 7.0 (15.12.2017)","Phytoplankton",NA,"401463","5887612","3,33",NA,NA,"DELW_DEBB80001581473"
"387","80001581473","Templiner See bei Templin",NA,"2794","2007","Teilbewertung Makrophyten","Bewertung der Messstelle (1 bis 5 möglich), bei leeren Feld ist das Ergebnis ungesichert","MIB 2004","Makrophyten",NA,"402230","5888027","1",NA,NA,"DELW_DEBB80001581473"
"388","80001581473","Templiner See bei Templin",NA,"2795","2007","Teilbewertung Diatomeen/Zustands-/Potentialklasse FGW und Seen","FGW, See; Bewertung der Messstelle (1 bis 5 möglich), bei Wert='999' ist das Ergebnis ungesichert; (bei FGW-Halobienindex und Versauerung wird berücksichtigt)","nicht bekannt","Diatomeen",NA,"401525","5887475","2",NA,NA,"DELW_DEBB80001581473"
"389","80001581473","Templiner See bei Templin",NA,"2793","2014","aerophileArten%","See; Fließgew, sauerstoffliebende Arten in Prozent nach Schaumburg","PHYLIB 5.3","Diatomeen",NA,"401825","5887963","0",NA,NA,"DELW_DEBB80001581473"
"390","80001581473","Templiner See bei Templin",NA,"80001581473_HM","2017","MST Algenklassen_Metrik","Bewertung anhand des Mittelwertergebnisses aller Einzel-Klassenmetriks je Seentyp unter der Regel: Wenn Bewertungswert <0,5 dann gleich Wert 0,5 oder wenn Bewertungswert >5,5 dann gleich Wert 5,5","PhytoSee 7.0 (15.12.2017)","Phytoplankton",NA,"401463","5887612","2,44",NA,NA,"DELW_DEBB80001581473"
"391","80001581473","Templiner See bei Templin",NA,"2794","2014","vorlaeufigeBewertung","See; Fließgew; vorläufige Bewertung der Messstelle, (FGW - Halobienindex und Versauerung wird nicht berücksichtigt; Seen - TI-Anteil, RAQ-Arten und TI-Anzahl wird nicht berücksichtigt)","PHYLIB 5.3","Diatomeen",NA,"402230","5888027","1",NA,NA,"DELW_DEBB80001581473"
"392","80001581473","Templiner See bei Templin",NA,"80001581473_HM","2020","ST_Saison",NA,"LAWA-TI Gewässerbewertung stehender Gewässer","Chemie (See und FG)",NA,"401463","5887612","0,7",NA,NA,"DELW_DEBB80001581473"
"393","80001581473","Templiner See bei Templin",NA,"80001581473_HM","2023","MST Version-Programm",NA,"PhytoSee Online 8.0.3 (09.04.2024)","Phytoplankton",NA,"401463","5887612","PhytoSee Online 8.0.3, Stand 02.05.2024",NA,NA,"DELW_DEBB80001581473"
"394","80001581473","Templiner See bei Templin",NA,"2796","2017","Teilbewertung Diatomeen, vorläufig/FGW - Ergebnis ohne Salzbelastung & See - vorläufige Bewertung","See, FGW; Bewertung der Messstelle (1 bis 5 möglich), bei Wert='999' ist das Ergebnis ungesichert; Seen - TI-Anteil, RAQ-Arten und TI-Anzahl wird berücksichtigt","PHYLIB 5.3","Diatomeen",NA,"400740","5886956","1",NA,NA,"DELW_DEBB80001581473"
"395","80001581473","Templiner See bei Templin",NA,"2791","2017","I_Arten","Artindex, Teilindex des MIB","MIB 2004","Makrophyten",NA,"400387","5887253","0-1,49",NA,NA,"DELW_DEBB80001581473"
"396","80001581473","Templiner See bei Templin",NA,"2791","2007","Anzahl inidkativer Taxa","Diatomeen Seen","nicht bekannt","Diatomeen",NA,"400387","5887253","12",NA,NA,"DELW_DEBB80001581473"
"397","80001581473","Templiner See bei Templin",NA,"2793","2014","Teilbewertung Diatomeen, vorläufig/FGW - Ergebnis ohne Salzbelastung & See - vorläufige Bewertung","See, FGW; Bewertung der Messstelle (1 bis 5 möglich), bei Wert='999' ist das Ergebnis ungesichert; Seen - TI-Anteil, RAQ-Arten und TI-Anzahl wird berücksichtigt","PHYLIB 5.3","Diatomeen",NA,"401825","5887963","1",NA,NA,"DELW_DEBB80001581473"
"398","80001581473","Templiner See bei Templin",NA,"2794","2007","M_TILNord / Trophieindex (umger.)","See; Modul Trophie-Index (Wert zwischen 0 und 1)","nicht bekannt","Diatomeen",NA,"402230","5888027","0,56",NA,NA,"DELW_DEBB80001581473"
"399","80001581473","Templiner See bei Templin",NA,"80001581473_HM","2023","TP_Frühjahr_Anzahl",NA,"LAWA-TI Gewässerbewertung stehender Gewässer","Chemie (See und FG)",NA,"401463","5887612","5",NA,NA,"DELW_DEBB80001581473"
"400","80001581473","Templiner See bei Templin",NA,"2794","2014","Diatomeentyp","Diatomeentyp des Wasserköpers verwendet in der Bewertung der Messstelle (siehe Tabelle WAGUET_OWNER_SCHLUESSEL_WERT_TEXT)","PHYLIB 5.3","Diatomeen",NA,"402230","5888027","DS 11",NA,NA,"DELW_DEBB80001581473"
"401","80001581473","Templiner See bei Templin",NA,"2796","2017","I_UMG","Index aus der unteren Makrophytengrenze, Teilindex des MIB","MIB 2004","Makrophyten",NA,"400740","5886956","0-2,04",NA,NA,"DELW_DEBB80001581473"
"402","80001581473","Templiner See bei Templin",NA,"80001581473_HM","2020","MST Maximum Chla µg/l",NA,"PhytoSee 7.0 (15.12.2017)","Phytoplankton",NA,"401463","5887612","111",NA,NA,"DELW_DEBB80001581473"
"403","80001581473","Templiner See bei Templin",NA,"2795","2023","Zustandsklasse","Zustands-/Potentialklasse","PHYLIB 5.3","Diatomeen",NA,"401525","5887475","2",NA,NA,"DELW_DEBB80001581473"
"404","80001581473","Templiner See bei Templin",NA,"2793","2023","Gesamthäufigkeit (prozent) D","Gesamthäufigkeit [%] D","PHYLIB 5.3","Diatomeen",NA,"401825","5887963","99,99",NA,NA,"DELW_DEBB80001581473"
"405","80001581473","Templiner See bei Templin",NA,"2792","2017","Teilbewertung Diatomeen, vorläufig/FGW - Ergebnis ohne Salzbelastung & See - vorläufige Bewertung","See, FGW; Bewertung der Messstelle (1 bis 5 möglich), bei Wert='999' ist das Ergebnis ungesichert; Seen - TI-Anteil, RAQ-Arten und TI-Anzahl wird berücksichtigt","PHYLIB 5.3","Diatomeen",NA,"400996","5887369","1",NA,NA,"DELW_DEBB80001581473"
"406","80001581473","Templiner See bei Templin",NA,"80001581473_HM","2009","ST_Saison",NA,"LAWA-TI Gewässerbewertung stehender Gewässer","Chemie (See und FG)",NA,"401463","5887612","0,9125",NA,NA,"DELW_DEBB80001581473"
"407","80001581473","Templiner See bei Templin",NA,"2791","2017","vorlaeufigeBewertung","See; Fließgew; vorläufige Bewertung der Messstelle, (FGW - Halobienindex und Versauerung wird nicht berücksichtigt; Seen - TI-Anteil, RAQ-Arten und TI-Anzahl wird nicht berücksichtigt)","PHYLIB 5.3","Diatomeen",NA,"400387","5887253","1",NA,NA,"DELW_DEBB80001581473"
"408","80001581473","Templiner See bei Templin",NA,"2795","2023","Gesamthäufigkeit (prozent) D","Gesamthäufigkeit [%] D","PHYLIB 5.3","Diatomeen",NA,"401525","5887475","100",NA,NA,"DELW_DEBB80001581473"
"409","80001581473","Templiner See bei Templin",NA,"2791","2007","TIL_Nord","See; berechneter Trophie-Index Nord","nicht bekannt","Diatomeen",NA,"400387","5887253","2,34",NA,NA,"DELW_DEBB80001581473"
"410","80001581473","Templiner See bei Templin",NA,"2794","2023","Teilbewertung Diatomeen/Zustands-/Potentialklasse FGW und Seen","FGW, See; Bewertung der Messstelle (1 bis 5 möglich), bei Wert='999' ist das Ergebnis ungesichert; (bei FGW-Halobienindex und Versauerung wird berücksichtigt)","PHYLIB 5.3","Diatomeen",NA,"402230","5888027","1",NA,NA,"DELW_DEBB80001581473"
"411","80001581473","Templiner See bei Templin",NA,"80001581473_HM","2023","Chl_Saison",NA,"LAWA-TI Gewässerbewertung stehender Gewässer","Chemie (See und FG)",NA,"401463","5887612","35",NA,NA,"DELW_DEBB80001581473"
"412","80001581473","Templiner See bei Templin",NA,"2794","2014","Makrophytentyp","Makrophytentyp des Wasserköpers verwendet in der Bewertung der Messstelle (siehe Tabelle WAGUET_OWNER_SCHLUESSEL_WERT_TEXT)","PHYLIB 5.3","Diatomeen",NA,"402230","5888027","TKp - 11",NA,NA,"DELW_DEBB80001581473"
"413","80001581473","Templiner See bei Templin",NA,"2796","2014","vorlaeufigeBewertung","See; Fließgew; vorläufige Bewertung der Messstelle, (FGW - Halobienindex und Versauerung wird nicht berücksichtigt; Seen - TI-Anteil, RAQ-Arten und TI-Anzahl wird nicht berücksichtigt)","PHYLIB 5.3","Diatomeen",NA,"400740","5886956","2",NA,NA,"DELW_DEBB80001581473"
"414","80001581473","Templiner See bei Templin",NA,"2795","2023","Bewertung (dezimal)","Bewertung (dezimal)","PHYLIB 5.3","Diatomeen",NA,"401525","5887475","2",NA,NA,"DELW_DEBB80001581473"
"415","80001581473","Templiner See bei Templin",NA,"80001581473_HM","2023","MST N_Tage",NA,"PhytoSee Online 8.0.3 (09.04.2024)","Phytoplankton",NA,"401463","5887612","6",NA,NA,"DELW_DEBB80001581473"
"416","80001581473","Templiner See bei Templin",NA,"80001581473_HM","2014","PhytoSee MST Expert_MST-PSI","Expertenurteil für Messstelle und Jahr","PhytoSee 7.0 (15.12.2017)","Phytoplankton",NA,"401463","5887612","PSI MST gültig",NA,NA,"DELW_DEBB80001581473"
"417","80001581473","Templiner See bei Templin",NA,"80001581473_HM","2014","Chl_Saison_Anzahl",NA,"LAWA-TI Gewässerbewertung stehender Gewässer","Chemie (See und FG)",NA,"401463","5887612","10",NA,NA,"DELW_DEBB80001581473"
"418","80001582739","Schwielochsee",NA,"10300011","2008","Teilbewertung Makrophyten","Bewertung der Messstelle (1 bis 5 möglich), bei leeren Feld ist das Ergebnis ungesichert","MIB 2004","Makrophyten",NA,"446147","5765092","3",NA,NA,"DELW_DEBB80001582739"
"419","80001582739","Schwielochsee",NA,"1037","2014","M_TILNord / Trophieindex (umger.)","See; Modul Trophie-Index (Wert zwischen 0 und 1)","PHYLIB 5.3","Diatomeen",NA,"444932","5766558","0,709",NA,NA,"DELW_DEBB80001582739"
"420","80001582739","Schwielochsee",NA,"80001582739_HM","2023","MST Maximum Chla µg/l",NA,"PhytoSee Online 8.0.3 (09.04.2024)","Phytoplankton",NA,"445145","5765686","176",NA,NA,"DELW_DEBB80001582739"
"421","80001582739","Schwielochsee",NA,"1033","2023","Vegetationsgrenze plausibel","Vegetationsgrenze plausibel","PHYLIB 5.3","Makrophyten",NA,"446053","5773006","true",NA,NA,"DELW_DEBB80001582739"
"422","80001582739","Schwielochsee",NA,"80001582739_HM","2023","MST Algenklassen_Metrik","Bewertung anhand des Mittelwertergebnisses aller Einzel-Klassenmetriks je Seentyp unter der Regel: Wenn Bewertungswert <0,5 dann gleich Wert 0,5 oder wenn Bewertungswert >5,5 dann gleich Wert 5,5","PhytoSee Online 8.0.3 (09.04.2024)","Phytoplankton",NA,"445145","5765686","3,53",NA,NA,"DELW_DEBB80001582739"
"423","80001582739","Schwielochsee",NA,"80001582739_HM","2020","MST Bac_Crypto_S_Bew","Bewertung Bac_Crypto für Messstelle und Jahr","PhytoSee 7.0 (15.12.2017)","Phytoplankton",NA,"445145","5765686","1,84",NA,NA,"DELW_DEBB80001582739"
"424","80001582739","Schwielochsee",NA,"10300011","2023","Makrophytenverödung","Makrophytenverödung","PHYLIB 5.3","Diatomeen",NA,"446147","5765092","false",NA,NA,"DELW_DEBB80001582739"
"425","80001582739","Schwielochsee",NA,"1031","2014","Makrophytentyp","Makrophytentyp des Wasserköpers verwendet in der Bewertung der Messstelle (siehe Tabelle WAGUET_OWNER_SCHLUESSEL_WERT_TEXT)","PHYLIB 5.3","Diatomeen",NA,"446157","5767362","TKp - 12",NA,NA,"DELW_DEBB80001582739"
"426","80001582739","Schwielochsee",NA,"1037","2008","TIL_Nord","See; berechneter Trophie-Index Nord","nicht bekannt","Diatomeen",NA,"444932","5766558","3,17",NA,NA,"DELW_DEBB80001582739"
"427","80001582739","Schwielochsee",NA,"80001582739_HM","2008","TP_Saison",NA,"LAWA-TI Gewässerbewertung stehender Gewässer","Chemie (See und FG)",NA,"445145","5765686","182,17",NA,NA,"DELW_DEBB80001582739"
"428","80001582739","Schwielochsee",NA,"80001582739_HM","2017","MST IST_PTSI_WERT","Phytoplankton-Taxa-Seen-Index Ist-Wert im Jahresmittel für die Messstelle","PhytoSee 7.0 (15.12.2017)","Phytoplankton",NA,"445145","5765686","3,71",NA,NA,"DELW_DEBB80001582739"
"429","80001582739","Schwielochsee",NA,"80001582739_1","2005","ST_Saison",NA,"LAWA-TI Gewässerbewertung stehender Gewässer","Chemie (See und FG)",NA,"444387","5763703","1,02",NA,NA,"DELW_DEBB80001582739"
"430","80001582739","Schwielochsee",NA,"80001582739_1","2005","TP_Frühjahr_Anzahl",NA,"LAWA-TI Gewässerbewertung stehender Gewässer","Chemie (See und FG)",NA,"444387","5763703","6",NA,NA,"DELW_DEBB80001582739"
"431","80001582739","Schwielochsee",NA,"80001582739_1","2005","Chl_Saison_Anzahl",NA,"LAWA-TI Gewässerbewertung stehender Gewässer","Chemie (See und FG)",NA,"444387","5763703","10",NA,NA,"DELW_DEBB80001582739"
"432","80001582739","Schwielochsee",NA,"S_0521","2004","Chl_MW","Jahresmittelwert Chl-a in µg/l","nicht bekannt","Chemie (See und FG)",NA,NA,NA,"76,17",NA,NA,"DELW_DEBB80001582739"
"433","80001582739","Schwielochsee",NA,"80001582739_HM","2017","MST PSI Phyto-See-Index","PSI als Zahl für Messstelle und Jahr","PhytoSee 7.0 (15.12.2017)","Phytoplankton",NA,"445145","5765686","3,34",NA,NA,"DELW_DEBB80001582739"
"434","80001582739","Schwielochsee",NA,"80001582739_HM","2017","MST Gesamtbiovolumen in mm3/l","Gesamtbiovolumen Saison (mm3/l) im Mittel Mittel März - November","PhytoSee 7.0 (15.12.2017)","Phytoplankton","mm3/l","445145","5765686","13,9",NA,NA,"DELW_DEBB80001582739"
"435","80001582739","Schwielochsee",NA,"1031","2014","Teilbewertung Diatomeen/Zustands-/Potentialklasse FGW und Seen","FGW, See; Bewertung der Messstelle (1 bis 5 möglich), bei Wert='999' ist das Ergebnis ungesichert; (bei FGW-Halobienindex und Versauerung wird berücksichtigt)","PHYLIB 5.3","Diatomeen",NA,"446157","5767362","3",NA,NA,"DELW_DEBB80001582739"
"436","80001582739","Schwielochsee",NA,"10300010","2023","Diatomeentyp","Diatomeentyp des Wasserköpers verwendet in der Bewertung der Messstelle (siehe Tabelle WAGUET_OWNER_SCHLUESSEL_WERT_TEXT)","PHYLIB 5.3","Diatomeen",NA,"444516","5765112","DS 12",NA,NA,"DELW_DEBB80001582739"
"437","80001582739","Schwielochsee",NA,"1035","2014","WRRL-Fließgewässertyp","WRRL-Fließgewässertyp und -Seetyp verwendet in der Bewertung der Messstelle (siehe Tabelle WAGUET_OWNER_SCHLUESSEL_WERT_TEXT)","PHYLIB 5.3","Diatomeen",NA,"445899","5770756","12",NA,NA,"DELW_DEBB80001582739"
"438","80001582739","Schwielochsee",NA,"10300011","2008","I_Arten","Artindex, Teilindex des MIB","MIB 2004","Makrophyten",NA,"446147","5765092","0-2,57",NA,NA,"DELW_DEBB80001582739"
"439","80001582739","Schwielochsee",NA,"80001582739_HM","2023","MST PSI Phyto-See-Index","PSI als Zahl für Messstelle und Jahr","PhytoSee Online 8.0.3 (09.04.2024)","Phytoplankton",NA,"445145","5765686","3,65",NA,NA,"DELW_DEBB80001582739"
"440","80001582739","Schwielochsee",NA,"1033","2008","MIB","Makrophytenindex Brandenburg","MIB 2004","Makrophyten",NA,"446053","5773006","3,71",NA,NA,"DELW_DEBB80001582739"
"441","80001582739","Schwielochsee",NA,"80001582739_HM","2017","MST Algenklassen_Metrik","Bewertung anhand des Mittelwertergebnisses aller Einzel-Klassenmetriks je Seentyp unter der Regel: Wenn Bewertungswert <0,5 dann gleich Wert 0,5 oder wenn Bewertungswert >5,5 dann gleich Wert 5,5","PhytoSee 7.0 (15.12.2017)","Phytoplankton",NA,"445145","5765686","3,81",NA,NA,"DELW_DEBB80001582739"
"442","80001582739","Schwielochsee",NA,"1033","2014","WRRL-Fließgewässertyp","WRRL-Fließgewässertyp und -Seetyp verwendet in der Bewertung der Messstelle (siehe Tabelle WAGUET_OWNER_SCHLUESSEL_WERT_TEXT)","PHYLIB 5.3","Diatomeen",NA,"446053","5773006","12",NA,NA,"DELW_DEBB80001582739"
"443","80001582739","Schwielochsee",NA,"80001582739_HM","2020","Sichttiefe_Saison_Anzahl",NA,"LAWA-TI Gewässerbewertung stehender Gewässer","Chemie (See und FG)",NA,"445145","5765686","6",NA,NA,"DELW_DEBB80001582739"
"444","80001582739","Schwielochsee",NA,"80001582739_HM","2005","TP_MW","Mittelwert TP in mg/l (Messergb.)","LAWA-TI Gewässerbewertung stehender Gewässer","Chemie (See und FG)",NA,"445145","5765686","119,13",NA,NA,"DELW_DEBB80001582739"
"445","80001582739","Schwielochsee",NA,"1033","2023","Bew. Makrophyten (dezimal)","Bew. Makrophyten (dezimal)","PHYLIB 5.3","Makrophyten",NA,"446053","5773006","4,29",NA,NA,"DELW_DEBB80001582739"
"446","80001582739","Schwielochsee",NA,"1038","2008","I_UMG","Index aus der unteren Makrophytengrenze, Teilindex des MIB","MIB 2004","Makrophyten",NA,"443875","5763244","0-1,8",NA,NA,"DELW_DEBB80001582739"
"447","80001582739","Schwielochsee",NA,"1037","2023","Teilbewertung Makrophyten","Bewertung der Messstelle (1 bis 5 möglich), bei leeren Feld ist das Ergebnis ungesichert","PHYLIB 5.3","Makrophyten",NA,"444932","5766558","4",NA,NA,"DELW_DEBB80001582739"
"448","80001582739","Schwielochsee",NA,"10300010","2014","TIL_Nord","See; berechneter Trophie-Index Nord","PHYLIB 5.3","Diatomeen",NA,"444516","5765112","3,07",NA,NA,"DELW_DEBB80001582739"
"449","80001582739","Schwielochsee",NA,"1036","2023","Makrophytenverödung","Makrophytenverödung","PHYLIB 5.3","Diatomeen",NA,"447144","5770085","false",NA,NA,"DELW_DEBB80001582739"
"450","80001582739","Schwielochsee",NA,"80001582739_HM","2017","MST PTSI H/G","H/G PTSI vom Typ","PhytoSee 7.0 (15.12.2017)","Phytoplankton",NA,"445145","5765686","3",NA,NA,"DELW_DEBB80001582739"
"451","80001582739","Schwielochsee",NA,"1038","2014","Teilbewertung Diatomeen, vorläufig/FGW - Ergebnis ohne Salzbelastung & See - vorläufige Bewertung","See, FGW; Bewertung der Messstelle (1 bis 5 möglich), bei Wert='999' ist das Ergebnis ungesichert; Seen - TI-Anteil, RAQ-Arten und TI-Anzahl wird berücksichtigt","PHYLIB 5.3","Diatomeen",NA,"443875","5763244","2",NA,NA,"DELW_DEBB80001582739"
"452","80001582739","Schwielochsee",NA,"1036","2014","TIL_Nord","See; berechneter Trophie-Index Nord","PHYLIB 5.3","Diatomeen",NA,"447144","5770085","2",NA,NA,"DELW_DEBB80001582739"
"453","80001582739","Schwielochsee",NA,"1035","2023","Diatomeentyp","Diatomeentyp des Wasserköpers verwendet in der Bewertung der Messstelle (siehe Tabelle WAGUET_OWNER_SCHLUESSEL_WERT_TEXT)","PHYLIB 5.3","Makrophyten",NA,"445899","5770756","DS 12",NA,NA,"DELW_DEBB80001582739"
"454","80001582739","Schwielochsee",NA,"1039","2008","M_RAQ","See; Modul Referenzartenquotien","nicht bekannt","Diatomeen",NA,"444323","5771900","0,44",NA,NA,"DELW_DEBB80001582739"
"455","80001582739","Schwielochsee",NA,"80001582739_HM","2005","TI_akt","LAWA-Trophieindex","LAWA-TI Gewässerbewertung stehender Gewässer","Chemie (See und FG)",NA,"445145","5765686","3,87",NA,NA,"DELW_DEBB80001582739"
"456","80001582739","Schwielochsee",NA,"1033","2014","Makrophytentyp","Makrophytentyp des Wasserköpers verwendet in der Bewertung der Messstelle (siehe Tabelle WAGUET_OWNER_SCHLUESSEL_WERT_TEXT)","PHYLIB 5.3","Diatomeen",NA,"446053","5773006","TKp - 12",NA,NA,"DELW_DEBB80001582739"
"457","80001582739","Schwielochsee",NA,"1039","2014","Teilbewertung Diatomeen/Zustands-/Potentialklasse FGW und Seen","FGW, See; Bewertung der Messstelle (1 bis 5 möglich), bei Wert='999' ist das Ergebnis ungesichert; (bei FGW-Halobienindex und Versauerung wird berücksichtigt)","PHYLIB 5.3","Diatomeen",NA,"444323","5771900","3",NA,NA,"DELW_DEBB80001582739"
"458","80001582739","Schwielochsee",NA,"1031","2017","MIB","Makrophytenindex Brandenburg","MIB 2004","Makrophyten",NA,"446157","5767362","3,71",NA,NA,"DELW_DEBB80001582739"
"459","80001582739","Schwielochsee",NA,"1035","2023","Zustandsklasse","Zustands-/Potentialklasse","PHYLIB 5.3","Diatomeen",NA,"445899","5770756","3",NA,NA,"DELW_DEBB80001582739"
"460","80001582739","Schwielochsee",NA,"1031","2023","Diatomeentyp","Diatomeentyp des Wasserköpers verwendet in der Bewertung der Messstelle (siehe Tabelle WAGUET_OWNER_SCHLUESSEL_WERT_TEXT)","PHYLIB 5.3","Diatomeen",NA,"446157","5767362","DS 12",NA,NA,"DELW_DEBB80001582739"
"461","80001582739","Schwielochsee",NA,"1038","2014","WRRL-Fließgewässertyp","WRRL-Fließgewässertyp und -Seetyp verwendet in der Bewertung der Messstelle (siehe Tabelle WAGUET_OWNER_SCHLUESSEL_WERT_TEXT)","PHYLIB 5.3","Diatomeen",NA,"443875","5763244","12",NA,NA,"DELW_DEBB80001582739"
"462","80001582739","Schwielochsee",NA,"1036","2017","MIB","Makrophytenindex Brandenburg","MIB 2004","Makrophyten",NA,"447144","5770085","3,73",NA,NA,"DELW_DEBB80001582739"
"463","80001582739","Schwielochsee",NA,"1035","2023","Bewertung (dezimal)","Bewertung (dezimal)","PHYLIB 5.3","Diatomeen",NA,"445899","5770756","2,56",NA,NA,"DELW_DEBB80001582739"
"464","80001582739","Schwielochsee",NA,"1036","2014","Teilbewertung Diatomeen, vorläufig/FGW - Ergebnis ohne Salzbelastung & See - vorläufige Bewertung","See, FGW; Bewertung der Messstelle (1 bis 5 möglich), bei Wert='999' ist das Ergebnis ungesichert; Seen - TI-Anteil, RAQ-Arten und TI-Anzahl wird berücksichtigt","PHYLIB 5.3","Diatomeen",NA,"447144","5770085","2",NA,NA,"DELW_DEBB80001582739"
"465","80001582739","Schwielochsee",NA,"1038","2014","Teilbewertung Diatomeen/Zustands-/Potentialklasse FGW und Seen","FGW, See; Bewertung der Messstelle (1 bis 5 möglich), bei Wert='999' ist das Ergebnis ungesichert; (bei FGW-Halobienindex und Versauerung wird berücksichtigt)","PHYLIB 5.3","Diatomeen",NA,"443875","5763244","2",NA,NA,"DELW_DEBB80001582739"
"466","80001582739","Schwielochsee",NA,"10300011","2014","M_RAQ","See; Modul Referenzartenquotien","PHYLIB 5.3","Diatomeen",NA,"446147","5765092","0-,06",NA,NA,"DELW_DEBB80001582739"
"467","80001582739","Schwielochsee",NA,"1033","2014","aerophileArten%","See; Fließgew, sauerstoffliebende Arten in Prozent nach Schaumburg","PHYLIB 5.3","Diatomeen",NA,"446053","5773006","0",NA,NA,"DELW_DEBB80001582739"
"468","80001582739","Schwielochsee",NA,"1033","2008","I_Arten","Artindex, Teilindex des MIB","MIB 2004","Makrophyten",NA,"446053","5773006","0-3,05",NA,NA,"DELW_DEBB80001582739"
"469","80001582739","Schwielochsee",NA,"1037","2023","Zustandsklasse","Zustands-/Potentialklasse","PHYLIB 5.3","Makrophyten",NA,"444932","5766558","4",NA,NA,"DELW_DEBB80001582739"
"470","80001582739","Schwielochsee",NA,"1038","2008","Teilbewertung Diatomeen/Zustands-/Potentialklasse FGW und Seen","FGW, See; Bewertung der Messstelle (1 bis 5 möglich), bei Wert='999' ist das Ergebnis ungesichert; (bei FGW-Halobienindex und Versauerung wird berücksichtigt)","nicht bekannt","Diatomeen",NA,"443875","5763244","3",NA,NA,"DELW_DEBB80001582739"
"471","80001582739","Schwielochsee",NA,"1031","2008","Anzahl inidkativer Taxa","Diatomeen Seen","nicht bekannt","Diatomeen",NA,"446157","5767362","9",NA,NA,"DELW_DEBB80001582739"
"472","80001582739","Schwielochsee",NA,"1039","2008","Teilbewertung Diatomeen/Zustands-/Potentialklasse FGW und Seen","FGW, See; Bewertung der Messstelle (1 bis 5 möglich), bei Wert='999' ist das Ergebnis ungesichert; (bei FGW-Halobienindex und Versauerung wird berücksichtigt)","nicht bekannt","Diatomeen",NA,"444323","5771900","3",NA,NA,"DELW_DEBB80001582739"
"473","80001582739","Schwielochsee",NA,"1031","2023","Gesamthäufigkeit (prozent) D","Gesamthäufigkeit [%] D","PHYLIB 5.3","Diatomeen",NA,"446157","5767362","100",NA,NA,"DELW_DEBB80001582739"
"474","80001582739","Schwielochsee",NA,"S_0521","2001","Chl_MW","Jahresmittelwert Chl-a in µg/l","nicht bekannt","Chemie (See und FG)",NA,NA,NA,"113,83",NA,NA,"DELW_DEBB80001582739"
"475","80001582739","Schwielochsee",NA,"S_0521","2003","Chl_MW","Jahresmittelwert Chl-a in µg/l","nicht bekannt","Chemie (See und FG)",NA,NA,NA,"90,33",NA,NA,"DELW_DEBB80001582739"
"476","80001582739","Schwielochsee",NA,"1037","2023","Vegetationsgrenze","Vegetationsgrenze","PHYLIB 5.3","Diatomeen",NA,"444932","5766558","1",NA,NA,"DELW_DEBB80001582739"
"477","80001582739","Schwielochsee",NA,"1038","2023","Vegetationsgrenze plausibel","Vegetationsgrenze plausibel","PHYLIB 5.3","Makrophyten",NA,"443875","5763244","true",NA,NA,"DELW_DEBB80001582739"
"478","80001582739","Schwielochsee",NA,"1037","2014","aerophileArten%","See; Fließgew, sauerstoffliebende Arten in Prozent nach Schaumburg","PHYLIB 5.3","Diatomeen",NA,"444932","5766558","0",NA,NA,"DELW_DEBB80001582739"
"479","80001582739","Schwielochsee",NA,"80001582739_1","2005","TP_MW","Mittelwert TP in mg/l (Messergb.)","LAWA-TI Gewässerbewertung stehender Gewässer","Chemie (See und FG)",NA,"444387","5763703","132,5",NA,NA,"DELW_DEBB80001582739"
"480","80001582739","Schwielochsee",NA,"10300010","2017","I_Arten","Artindex, Teilindex des MIB","MIB 2004","Makrophyten",NA,"444516","5765112","0-3,08",NA,NA,"DELW_DEBB80001582739"
"481","80001582739","Schwielochsee",NA,"10300011","2008","I_UMG","Index aus der unteren Makrophytengrenze, Teilindex des MIB","MIB 2004","Makrophyten",NA,"446147","5765092","0-1,65",NA,NA,"DELW_DEBB80001582739"
"482","80001582739","Schwielochsee",NA,"10300016","2020","Teilbewertung_QK_MZB","MZB-Gesamtbewertung/ Bi Ben_Inv","AESHNA (Version Mai 2017)","Makrozoobenthos",NA,"444754","5767759","2",NA,NA,"DELW_DEBB80001582739"
"483","80001582739","Schwielochsee",NA,"80001582739_HM","2014","MST Typ_Nr","PP-Subtyp der bewerteten MST im Jahr der Untersuchung","PhytoSee 7.0 (15.12.2017)","Phytoplankton",NA,"445145","5765686","PP 12",NA,NA,"DELW_DEBB80001582739"
"484","80001582739","Schwielochsee",NA,"1035","2008","Teilbewertung Diatomeen/Zustands-/Potentialklasse FGW und Seen","FGW, See; Bewertung der Messstelle (1 bis 5 möglich), bei Wert='999' ist das Ergebnis ungesichert; (bei FGW-Halobienindex und Versauerung wird berücksichtigt)","nicht bekannt","Diatomeen",NA,"445899","5770756","3",NA,NA,"DELW_DEBB80001582739"
"485","80001582739","Schwielochsee",NA,"1031","2017","I_UMG","Index aus der unteren Makrophytengrenze, Teilindex des MIB","MIB 2004","Makrophyten",NA,"446157","5767362","0-1,55",NA,NA,"DELW_DEBB80001582739"
"486","80001582739","Schwielochsee",NA,"80001582739_HM","2017","TP_Saison",NA,"LAWA-TI Gewässerbewertung stehender Gewässer","Chemie (See und FG)",NA,"445145","5765686","232",NA,NA,"DELW_DEBB80001582739"
"487","80001582739","Schwielochsee",NA,"1033","2023","Vegetationsgrenze plausibel","Vegetationsgrenze plausibel","PHYLIB 5.3","Diatomeen",NA,"446053","5773006","true",NA,NA,"DELW_DEBB80001582739"
"488","80001582739","Schwielochsee",NA,"1039","2014","Diatomeentyp","Diatomeentyp des Wasserköpers verwendet in der Bewertung der Messstelle (siehe Tabelle WAGUET_OWNER_SCHLUESSEL_WERT_TEXT)","PHYLIB 5.3","Diatomeen",NA,"444323","5771900","DS 12",NA,NA,"DELW_DEBB80001582739"
"489","80001582739","Schwielochsee",NA,"S_0522","2002","Chl_MW","Jahresmittelwert Chl-a in µg/l","nicht bekannt","Chemie (See und FG)",NA,NA,NA,"77,85",NA,NA,"DELW_DEBB80001582739"
"490","80001582739","Schwielochsee",NA,"10300010","2023","Vegetationsgrenze","Vegetationsgrenze","PHYLIB 5.3","Diatomeen",NA,"444516","5765112","1",NA,NA,"DELW_DEBB80001582739"
"491","80001582739","Schwielochsee",NA,"1035","2023","Teilbewertung Makrophyten","Bewertung der Messstelle (1 bis 5 möglich), bei leeren Feld ist das Ergebnis ungesichert","PHYLIB 5.3","Makrophyten",NA,"445899","5770756","4",NA,NA,"DELW_DEBB80001582739"
"492","80001582739","Schwielochsee",NA,"S_0521","2005","Chl_MW","Jahresmittelwert Chl-a in µg/l","nicht bekannt","Chemie (See und FG)",NA,NA,NA,"33",NA,NA,"DELW_DEBB80001582739"
"493","80001582739","Schwielochsee",NA,"80001582739_HM","2020","MST N_Tage",NA,"PhytoSee 7.0 (15.12.2017)","Phytoplankton",NA,"445145","5765686","6",NA,NA,"DELW_DEBB80001582739"
"494","80001582739","Schwielochsee",NA,"80001582739_HM","2020","ST_Saison",NA,"LAWA-TI Gewässerbewertung stehender Gewässer","Chemie (See und FG)",NA,"445145","5765686","0,8167",NA,NA,"DELW_DEBB80001582739"
"495","80001582739","Schwielochsee",NA,"1034","2023","Vegetationsgrenze plausibel","Vegetationsgrenze plausibel","PHYLIB 5.3","Diatomeen",NA,"445281","5769246","true",NA,NA,"DELW_DEBB80001582739"
"496","80001582739","Schwielochsee",NA,"1033","2023","Bewertung (dezimal)","Bewertung (dezimal)","PHYLIB 5.3","Makrophyten",NA,"446053","5773006","4,29",NA,NA,"DELW_DEBB80001582739"
"497","80001582739","Schwielochsee",NA,"1035","2023","Gesamthäufigkeit (prozent) D","Gesamthäufigkeit [%] D","PHYLIB 5.3","Diatomeen",NA,"445899","5770756","100",NA,NA,"DELW_DEBB80001582739"
"498","80001582739","Schwielochsee",NA,"80001582739_HM","2020","MST Gesamtbiovolumen in mm3/l","Gesamtbiovolumen Saison (mm3/l) im Mittel Mittel März - November","PhytoSee 7.0 (15.12.2017)","Phytoplankton",NA,"445145","5765686","13",NA,NA,"DELW_DEBB80001582739"
"499","80001582739","Schwielochsee",NA,"1035","2008","I_UMG","Index aus der unteren Makrophytengrenze, Teilindex des MIB","MIB 2004","Makrophyten",NA,"445899","5770756","0-1,8",NA,NA,"DELW_DEBB80001582739"
"500","80001582739","Schwielochsee",NA,"80001582739_HM","2023","MST N_Indikatortaxa","mittlere Anzahl nutzbarer Indikatortaxa","PhytoSee Online 8.0.3 (09.04.2024)","Phytoplankton",NA,"445145","5765686","16",NA,NA,"DELW_DEBB80001582739"
"501","80001582739","Schwielochsee",NA,"80001582739_HM","2017","Chl_Saison",NA,"LAWA-TI Gewässerbewertung stehender Gewässer","Chemie (See und FG)",NA,"445145","5765686","46,17",NA,NA,"DELW_DEBB80001582739"
"502","80001582739","Schwielochsee",NA,"1038","2023","Makrophytentyp","Makrophytentyp des Wasserköpers verwendet in der Bewertung der Messstelle (siehe Tabelle WAGUET_OWNER_SCHLUESSEL_WERT_TEXT)","PHYLIB 5.3","Makrophyten",NA,"443875","5763244","TKp - 12",NA,NA,"DELW_DEBB80001582739"
"503","80001582739","Schwielochsee",NA,"1038","2023","RAQ gesichert","RAQ gesichert","PHYLIB 5.3","Diatomeen",NA,"443875","5763244","1",NA,NA,"DELW_DEBB80001582739"
"504","80001582739","Schwielochsee",NA,"1038","2008","M_TILNord / Trophieindex (umger.)","See; Modul Trophie-Index (Wert zwischen 0 und 1)","nicht bekannt","Diatomeen",NA,"443875","5763244","0,46",NA,NA,"DELW_DEBB80001582739"
"505","80001582739","Schwielochsee",NA,"1033","2023","Zustandsklasse","Zustands-/Potentialklasse","PHYLIB 5.3","Diatomeen",NA,"446053","5773006","2",NA,NA,"DELW_DEBB80001582739"
"506","80001582739","Schwielochsee",NA,"1038","2023","Bew. Makrophyten (dezimal)","Bew. Makrophyten (dezimal)","PHYLIB 5.3","Makrophyten",NA,"443875","5763244","3,61",NA,NA,"DELW_DEBB80001582739"
"507","80001582739","Schwielochsee",NA,"1037","2023","Bew. Makrophyten (dezimal)","Bew. Makrophyten (dezimal)","PHYLIB 5.3","Makrophyten",NA,"444932","5766558","4,26",NA,NA,"DELW_DEBB80001582739"
"508","80001582739","Schwielochsee",NA,"80001582739_HM","2017","MST Diff PTSI-RefTrophie","Differenz zwischen PTSI und Referenztrophiefür Messstelle und Jahr","PhytoSee 7.0 (15.12.2017)","Phytoplankton",NA,"445145","5765686","1,21",NA,NA,"DELW_DEBB80001582739"
"509","80001582739","Schwielochsee",NA,"1037","2014","WRRL-Fließgewässertyp","WRRL-Fließgewässertyp und -Seetyp verwendet in der Bewertung der Messstelle (siehe Tabelle WAGUET_OWNER_SCHLUESSEL_WERT_TEXT)","PHYLIB 5.3","Diatomeen",NA,"444932","5766558","12",NA,NA,"DELW_DEBB80001582739"
"510","80001582739","Schwielochsee",NA,"10300011","2023","Vegetationsgrenze plausibel","Vegetationsgrenze plausibel","PHYLIB 5.3","Diatomeen",NA,"446147","5765092","true",NA,NA,"DELW_DEBB80001582739"
"511","80001582739","Schwielochsee",NA,"1031","2017","I_Arten","Artindex, Teilindex des MIB","MIB 2004","Makrophyten",NA,"446157","5767362","0-3,18",NA,NA,"DELW_DEBB80001582739"
"512","80001582739","Schwielochsee",NA,"80001582739_HM","2014","TNb_Sommer","Stickstoffkonz. im Sommer","LAWA-TI Gewässerbewertung stehender Gewässer","Chemie (See und FG)",NA,"445145","5765686","1,17",NA,NA,"DELW_DEBB80001582739"
"513","80001582739","Schwielochsee",NA,"80001582739_HM","2020","TP_Frühjahr",NA,"LAWA-TI Gewässerbewertung stehender Gewässer","Chemie (See und FG)",NA,"445145","5765686","39",NA,NA,"DELW_DEBB80001582739"
"514","80001582739","Schwielochsee",NA,"1036","2023","Bewertung (dezimal)","Bewertung (dezimal)","PHYLIB 5.3","Makrophyten",NA,"447144","5770085","3,64",NA,NA,"DELW_DEBB80001582739"
"515","80001582739","Schwielochsee",NA,"10300010","2008","Teilbewertung Diatomeen/Zustands-/Potentialklasse FGW und Seen","FGW, See; Bewertung der Messstelle (1 bis 5 möglich), bei Wert='999' ist das Ergebnis ungesichert; (bei FGW-Halobienindex und Versauerung wird berücksichtigt)","nicht bekannt","Diatomeen",NA,"444516","5765112","999999",NA,NA,"DELW_DEBB80001582739"
"516","80001582739","Schwielochsee",NA,"1035","2014","M_RAQ","See; Modul Referenzartenquotien","PHYLIB 5.3","Diatomeen",NA,"445899","5770756","0-,1",NA,NA,"DELW_DEBB80001582739"
"517","80001582739","Schwielochsee",NA,"1034","2017","I_Arten","Artindex, Teilindex des MIB","MIB 2004","Makrophyten",NA,"445281","5769246","0-2,37",NA,NA,"DELW_DEBB80001582739"
"518","80001582739","Schwielochsee",NA,"80001582739_3","2005","Chl_Saison_Anzahl",NA,"LAWA-TI Gewässerbewertung stehender Gewässer","Chemie (See und FG)",NA,"446002","5769556","10",NA,NA,"DELW_DEBB80001582739"
"519","80001582739","Schwielochsee",NA,"1035","2023","Bewertung (dezimal)","Bewertung (dezimal)","PHYLIB 5.3","Makrophyten",NA,"445899","5770756","4",NA,NA,"DELW_DEBB80001582739"
"520","80001582739","Schwielochsee",NA,"1034","2023","Gesamthäufigkeit (prozent) D","Gesamthäufigkeit [%] D","PHYLIB 5.3","Makrophyten",NA,"445281","5769246","0",NA,NA,"DELW_DEBB80001582739"
"521","80001582739","Schwielochsee",NA,"1034","2014","TIL_Nord","See; berechneter Trophie-Index Nord","PHYLIB 5.3","Diatomeen",NA,"445281","5769246","3,34",NA,NA,"DELW_DEBB80001582739"
"522","80001582739","Schwielochsee",NA,"80001582739_HM","2014","TP_Frühjahr",NA,"LAWA-TI Gewässerbewertung stehender Gewässer","Chemie (See und FG)",NA,"445145","5765686","91",NA,NA,"DELW_DEBB80001582739"
"523","80001582739","Schwielochsee",NA,"1035","2023","Makrophytenverödung","Makrophytenverödung","PHYLIB 5.3","Diatomeen",NA,"445899","5770756","false",NA,NA,"DELW_DEBB80001582739"
"524","80001582739","Schwielochsee",NA,"1033","2023","RAQ gesichert","RAQ gesichert","PHYLIB 5.3","Diatomeen",NA,"446053","5773006","1",NA,NA,"DELW_DEBB80001582739"
"525","80001582739","Schwielochsee",NA,"1031","2023","Makrophytentyp","Makrophytentyp des Wasserköpers verwendet in der Bewertung der Messstelle (siehe Tabelle WAGUET_OWNER_SCHLUESSEL_WERT_TEXT)","PHYLIB 5.3","Diatomeen",NA,"446157","5767362","TKp - 12",NA,NA,"DELW_DEBB80001582739"
"526","80001582739","Schwielochsee",NA,"10300011","2008","Teilbewertung Diatomeen/Zustands-/Potentialklasse FGW und Seen","FGW, See; Bewertung der Messstelle (1 bis 5 möglich), bei Wert='999' ist das Ergebnis ungesichert; (bei FGW-Halobienindex und Versauerung wird berücksichtigt)","nicht bekannt","Diatomeen",NA,"446147","5765092","3",NA,NA,"DELW_DEBB80001582739"
"527","80001582739","Schwielochsee",NA,"1033","2023","Vegetationsgrenze","Vegetationsgrenze","PHYLIB 5.3","Makrophyten",NA,"446053","5773006","1,3",NA,NA,"DELW_DEBB80001582739"
"528","80001582739","Schwielochsee",NA,"80001582739_HM","2017","MST Beprobung konform?","Beprobung methodenkonform oder nicht? für Messstelle und Jahr","PhytoSee 7.0 (15.12.2017)","Phytoplankton",NA,"445145","5765686","incl. Novemberprobe",NA,NA,"DELW_DEBB80001582739"
"529","80001582739","Schwielochsee",NA,"1031","2014","Teilbewertung Diatomeen, vorläufig/FGW - Ergebnis ohne Salzbelastung & See - vorläufige Bewertung","See, FGW; Bewertung der Messstelle (1 bis 5 möglich), bei Wert='999' ist das Ergebnis ungesichert; Seen - TI-Anteil, RAQ-Arten und TI-Anzahl wird berücksichtigt","PHYLIB 5.3","Diatomeen",NA,"446157","5767362","3",NA,NA,"DELW_DEBB80001582739"
"530","80001582739","Schwielochsee",NA,"1038","2014","TIL_Nord","See; berechneter Trophie-Index Nord","PHYLIB 5.3","Diatomeen",NA,"443875","5763244","2",NA,NA,"DELW_DEBB80001582739"
"531","80001582739","Schwielochsee",NA,"1039","2014","aerophileArten%","See; Fließgew, sauerstoffliebende Arten in Prozent nach Schaumburg","PHYLIB 5.3","Diatomeen",NA,"444323","5771900","0",NA,NA,"DELW_DEBB80001582739"
"532","80001582739","Schwielochsee",NA,"1034","2017","MIB","Makrophytenindex Brandenburg","MIB 2004","Makrophyten",NA,"445281","5769246","3,89",NA,NA,"DELW_DEBB80001582739"
"533","80001582739","Schwielochsee",NA,"1036","2023","M-sicher","M-sicher","PHYLIB 5.3","Makrophyten",NA,"447144","5770085","true",NA,NA,"DELW_DEBB80001582739"
"534","80001582739","Schwielochsee",NA,"S_0521","2005","Sichttiefe_Jahesmittel","Sichttiefe_Jahesmittel in m","nicht bekannt","Chemie (See und FG)",NA,NA,NA,"0,75",NA,NA,"DELW_DEBB80001582739"
"535","80001582739","Schwielochsee",NA,"1039","2023","Makrophytentyp","Makrophytentyp des Wasserköpers verwendet in der Bewertung der Messstelle (siehe Tabelle WAGUET_OWNER_SCHLUESSEL_WERT_TEXT)","PHYLIB 5.3","Diatomeen",NA,"444323","5771900","TKp - 12",NA,NA,"DELW_DEBB80001582739"
"536","80001582739","Schwielochsee",NA,"80001582739_HM","2020","MST MinvonMonat",NA,"PhytoSee 7.0 (15.12.2017)","Phytoplankton",NA,"445145","5765686","3",NA,NA,"DELW_DEBB80001582739"
"537","80001582739","Schwielochsee",NA,"S_0520","2001","Sichttiefe_Jahesmittel","Sichttiefe_Jahesmittel in m","nicht bekannt","Chemie (See und FG)",NA,NA,NA,"0,3625",NA,NA,"DELW_DEBB80001582739"
"538","80001582739","Schwielochsee",NA,"1037","2014","Makrophytentyp","Makrophytentyp des Wasserköpers verwendet in der Bewertung der Messstelle (siehe Tabelle WAGUET_OWNER_SCHLUESSEL_WERT_TEXT)","PHYLIB 5.3","Diatomeen",NA,"444932","5766558","TKp - 12",NA,NA,"DELW_DEBB80001582739"
"539","80001582739","Schwielochsee",NA,"1033","2008","Teilbewertung Diatomeen/Zustands-/Potentialklasse FGW und Seen","FGW, See; Bewertung der Messstelle (1 bis 5 möglich), bei Wert='999' ist das Ergebnis ungesichert; (bei FGW-Halobienindex und Versauerung wird berücksichtigt)","nicht bekannt","Diatomeen",NA,"446053","5773006","3",NA,NA,"DELW_DEBB80001582739"
"540","80001582739","Schwielochsee",NA,"1033","2023","Gesamthäufigkeit (prozent) D","Gesamthäufigkeit [%] D","PHYLIB 5.3","Makrophyten",NA,"446053","5773006","0",NA,NA,"DELW_DEBB80001582739"
"541","80001582739","Schwielochsee",NA,"80001582739_HM","2014","MST Gesamtbiovolumen in mm3/l","Gesamtbiovolumen Saison (mm3/l) im Mittel Mittel März - November","PhytoSee 7.0 (15.12.2017)","Phytoplankton","mm3/l","445145","5765686","12,19",NA,NA,"DELW_DEBB80001582739"
"542","80001582739","Schwielochsee",NA,"80001582739_HM","2023","MST PTSI H/G","H/G PTSI vom Typ","PhytoSee Online 8.0.3 (09.04.2024)","Phytoplankton",NA,"445145","5765686","3",NA,NA,"DELW_DEBB80001582739"
"543","80001582739","Schwielochsee",NA,"10300011","2020","Teilbewertung_QK_MZB","MZB-Gesamtbewertung/ Bi Ben_Inv","AESHNA (Version Mai 2017)","Makrozoobenthos",NA,"446147","5765092","2",NA,NA,"DELW_DEBB80001582739"
"544","80001582739","Schwielochsee",NA,"1036","2017","I_UMG","Index aus der unteren Makrophytengrenze, Teilindex des MIB","MIB 2004","Makrophyten",NA,"447144","5770085","0-1,8",NA,NA,"DELW_DEBB80001582739"
"545","80001582739","Schwielochsee",NA,"80001582739_HM","2021","EQR","DeLFI","DeLFI","Fische",NA,"445145","5765686","0,68",NA,NA,"DELW_DEBB80001582739"
"546","80001582739","Schwielochsee",NA,"1036","2014","M_RAQ","See; Modul Referenzartenquotien","PHYLIB 5.3","Diatomeen",NA,"447144","5770085","0-,2",NA,NA,"DELW_DEBB80001582739"
"547","80001582739","Schwielochsee",NA,"1039","2014","TIL_Nord","See; berechneter Trophie-Index Nord","PHYLIB 5.3","Diatomeen",NA,"444323","5771900","3,38",NA,NA,"DELW_DEBB80001582739"
"548","80001582739","Schwielochsee",NA,"80001582739_HM","2020","MST TypPTSI_Ref","PTSI-Referenz für den Typ","PhytoSee 7.0 (15.12.2017)","Phytoplankton",NA,"445145","5765686","2,5",NA,NA,"DELW_DEBB80001582739"
"549","80001582739","Schwielochsee",NA,"80001582739_3","2005","Chl_Saison",NA,"LAWA-TI Gewässerbewertung stehender Gewässer","Chemie (See und FG)",NA,"446002","5769556","40,5",NA,NA,"DELW_DEBB80001582739"
"550","80001582739","Schwielochsee",NA,"80001582739_1","2005","TI_akt","LAWA-Trophieindex","LAWA-TI Gewässerbewertung stehender Gewässer","Chemie (See und FG)",NA,"444387","5763703","3,9",NA,NA,"DELW_DEBB80001582739"
"551","80001582739","Schwielochsee",NA,"80001582739_HM","2014","TP_MW","Mittelwert TP in mg/l (Messergb.)","LAWA-TI Gewässerbewertung stehender Gewässer","Chemie (See und FG)",NA,"445145","5765686","104,08",NA,NA,"DELW_DEBB80001582739"
"552","80001582739","Schwielochsee",NA,"1033","2023","WRRL-Fließgewässertyp","WRRL-Fließgewässertyp und -Seetyp verwendet in der Bewertung der Messstelle (siehe Tabelle WAGUET_OWNER_SCHLUESSEL_WERT_TEXT)","PHYLIB 5.3","Diatomeen",NA,"446053","5773006","12",NA,NA,"DELW_DEBB80001582739"
"553","80001582739","Schwielochsee",NA,"1031","2017","MIB","Makrophytenindex Brandenburg","nicht bekannt","Makrophyten",NA,"446157","5767362","3,71",NA,NA,"DELW_DEBB80001582739"
"554","80001582739","Schwielochsee",NA,"1039","2023","M-sicher","M-sicher","PHYLIB 5.3","Makrophyten",NA,"444323","5771900","false",NA,NA,"DELW_DEBB80001582739"
"555","80001582739","Schwielochsee",NA,"1037","2023","RAQ gesichert","RAQ gesichert","PHYLIB 5.3","Diatomeen",NA,"444932","5766558","1",NA,NA,"DELW_DEBB80001582739"
"556","80001582739","Schwielochsee",NA,"1035","2023","Bew. Makrophyten (dezimal)","Bew. Makrophyten (dezimal)","PHYLIB 5.3","Makrophyten",NA,"445899","5770756","4",NA,NA,"DELW_DEBB80001582739"
"557","80001582739","Schwielochsee",NA,"80001582739_HM","2023","MST Beprobung konform?","Beprobung methodenkonform oder nicht? für Messstelle und Jahr","PhytoSee Online 8.0.3 (09.04.2024)","Phytoplankton",NA,"445145","5765686","Phyto-Beprobung ok,incl. Märzprobe",NA,NA,"DELW_DEBB80001582739"
"558","80001582739","Schwielochsee",NA,"80001582739_3","2005","TP_Saison",NA,"LAWA-TI Gewässerbewertung stehender Gewässer","Chemie (See und FG)",NA,"446002","5769556","141,5",NA,NA,"DELW_DEBB80001582739"
"559","80001582739","Schwielochsee",NA,"1038","2023","Vegetationsgrenze","Vegetationsgrenze","PHYLIB 5.3","Diatomeen",NA,"443875","5763244","1",NA,NA,"DELW_DEBB80001582739"
"560","80001582739","Schwielochsee",NA,"1039","2023","RAQ gesichert","RAQ gesichert","PHYLIB 5.3","Diatomeen",NA,"444323","5771900","0",NA,NA,"DELW_DEBB80001582739"
"561","80001582739","Schwielochsee",NA,"1034","2008","MIB","Makrophytenindex Brandenburg","MIB 2004","Makrophyten",NA,"445281","5769246","3,82",NA,NA,"DELW_DEBB80001582739"
"562","80001582739","Schwielochsee",NA,"1038","2020","Teilbewertung_QK_MZB","MZB-Gesamtbewertung/ Bi Ben_Inv","AESHNA (Version Mai 2017)","Makrozoobenthos",NA,"443875","5763244","1",NA,NA,"DELW_DEBB80001582739"
"563","80001582739","Schwielochsee",NA,"1036","2014","aerophileArten%","See; Fließgew, sauerstoffliebende Arten in Prozent nach Schaumburg","PHYLIB 5.3","Diatomeen",NA,"447144","5770085","0",NA,NA,"DELW_DEBB80001582739"
"564","80001582739","Schwielochsee",NA,"10300010","2014","aerophileArten%","See; Fließgew, sauerstoffliebende Arten in Prozent nach Schaumburg","PHYLIB 5.3","Diatomeen",NA,"444516","5765112","0",NA,NA,"DELW_DEBB80001582739"
"565","80001582739","Schwielochsee",NA,"80001582739_HM","2008","Sichttiefe_Saison_Anzahl",NA,"LAWA-TI Gewässerbewertung stehender Gewässer","Chemie (See und FG)",NA,"445145","5765686","6",NA,NA,"DELW_DEBB80001582739"
"566","80001582739","Schwielochsee",NA,"10300011","2020","MMI","Multimetrischer Index","AESHNA (Version Mai 2017)","Makrozoobenthos",NA,"446147","5765092","0,71",NA,NA,"DELW_DEBB80001582739"
"567","80001582739","Schwielochsee",NA,"80001582739_HM","2017","MST Crypto_Cyan_S_Bew","Bewertung Crypto_Cyan für Messstelle und Jahr","PhytoSee 7.0 (15.12.2017)","Phytoplankton",NA,"445145","5765686","3,43",NA,NA,"DELW_DEBB80001582739"
"568","80001582739","Schwielochsee",NA,"1036","2023","WRRL-Fließgewässertyp","WRRL-Fließgewässertyp und -Seetyp verwendet in der Bewertung der Messstelle (siehe Tabelle WAGUET_OWNER_SCHLUESSEL_WERT_TEXT)","PHYLIB 5.3","Diatomeen",NA,"447144","5770085","12",NA,NA,"DELW_DEBB80001582739"
"569","80001582739","Schwielochsee",NA,"80001582739_HM","2017","TP_Frühjahr",NA,"LAWA-TI Gewässerbewertung stehender Gewässer","Chemie (See und FG)",NA,"445145","5765686","61",NA,NA,"DELW_DEBB80001582739"
"570","80001582739","Schwielochsee",NA,"1037","2023","Makrophytenverödung","Makrophytenverödung","PHYLIB 5.3","Diatomeen",NA,"444932","5766558","false",NA,NA,"DELW_DEBB80001582739"
"571","80001582739","Schwielochsee",NA,"10300010","2014","Teilbewertung Diatomeen, vorläufig/FGW - Ergebnis ohne Salzbelastung & See - vorläufige Bewertung","See, FGW; Bewertung der Messstelle (1 bis 5 möglich), bei Wert='999' ist das Ergebnis ungesichert; Seen - TI-Anteil, RAQ-Arten und TI-Anzahl wird berücksichtigt","PHYLIB 5.3","Diatomeen",NA,"444516","5765112","2",NA,NA,"DELW_DEBB80001582739"
"572","80001582739","Schwielochsee",NA,"1036","2008","M_RAQ","See; Modul Referenzartenquotien","nicht bekannt","Diatomeen",NA,"447144","5770085","0,42",NA,NA,"DELW_DEBB80001582739"
"573","80001582739","Schwielochsee",NA,"1031","2023","WRRL-Fließgewässertyp","WRRL-Fließgewässertyp und -Seetyp verwendet in der Bewertung der Messstelle (siehe Tabelle WAGUET_OWNER_SCHLUESSEL_WERT_TEXT)","PHYLIB 5.3","Diatomeen",NA,"446157","5767362","12",NA,NA,"DELW_DEBB80001582739"
"574","80001582739","Schwielochsee",NA,"80001582739_HM","2017","Sichttiefe_Saison_Anzahl",NA,"LAWA-TI Gewässerbewertung stehender Gewässer","Chemie (See und FG)",NA,"445145","5765686","6",NA,NA,"DELW_DEBB80001582739"
"575","80001582739","Schwielochsee",NA,"80001582739_HM","2020","MST Biomasse_Metrik","Metrik Biomasse  für Messstelle und Jahr","PhytoSee 7.0 (15.12.2017)","Phytoplankton",NA,"445145","5765686","3,34",NA,NA,"DELW_DEBB80001582739"
"576","80001582739","Schwielochsee",NA,"80001582739_HM","2020","MST Algenklassen_Metrik","Bewertung anhand des Mittelwertergebnisses aller Einzel-Klassenmetriks je Seentyp unter der Regel: Wenn Bewertungswert <0,5 dann gleich Wert 0,5 oder wenn Bewertungswert >5,5 dann gleich Wert 5,5","PhytoSee 7.0 (15.12.2017)","Phytoplankton",NA,"445145","5765686","2,74",NA,NA,"DELW_DEBB80001582739"
"577","80001582739","Schwielochsee",NA,"80001582739_HM","2023","MST Diff PTSI-RefTrophie","Differenz zwischen PTSI und Referenztrophiefür Messstelle und Jahr","PhytoSee Online 8.0.3 (09.04.2024)","Phytoplankton",NA,"445145","5765686","1,36",NA,NA,"DELW_DEBB80001582739"
"578","80001582739","Schwielochsee",NA,"1038","2008","TIL_Nord","See; berechneter Trophie-Index Nord","nicht bekannt","Diatomeen",NA,"443875","5763244","3,34",NA,NA,"DELW_DEBB80001582739"
"579","80001582739","Schwielochsee",NA,"S_0520","2003","Sichttiefe_Jahesmittel","Sichttiefe_Jahesmittel in m","nicht bekannt","Chemie (See und FG)",NA,NA,NA,"0,3",NA,NA,"DELW_DEBB80001582739"
"580","80001582739","Schwielochsee",NA,"1033","2023","Diatomeentyp","Diatomeentyp des Wasserköpers verwendet in der Bewertung der Messstelle (siehe Tabelle WAGUET_OWNER_SCHLUESSEL_WERT_TEXT)","PHYLIB 5.3","Makrophyten",NA,"446053","5773006","DS 12",NA,NA,"DELW_DEBB80001582739"
"581","80001582739","Schwielochsee",NA,"80001582739_HM","2005","TP_Frühjahr_Anzahl",NA,"LAWA-TI Gewässerbewertung stehender Gewässer","Chemie (See und FG)",NA,"445145","5765686","6",NA,NA,"DELW_DEBB80001582739"
"582","80001582739","Schwielochsee",NA,"80001582739_3","2005","TP_MW","Mittelwert TP in mg/l (Messergb.)","LAWA-TI Gewässerbewertung stehender Gewässer","Chemie (See und FG)",NA,"446002","5769556","94,75",NA,NA,"DELW_DEBB80001582739"
"583","80001582739","Schwielochsee",NA,"1034","2023","M-sicher","M-sicher","PHYLIB 5.3","Diatomeen",NA,"445281","5769246","false",NA,NA,"DELW_DEBB80001582739"
"584","80001582739","Schwielochsee",NA,"1031","2008","I_UMG","Index aus der unteren Makrophytengrenze, Teilindex des MIB","MIB 2004","Makrophyten",NA,"446157","5767362","0-1,5",NA,NA,"DELW_DEBB80001582739"
"585","80001582739","Schwielochsee",NA,"S_0520","2000","Chl_MW","Jahresmittelwert Chl-a in µg/l","nicht bekannt","Chemie (See und FG)",NA,NA,NA,"110,4",NA,NA,"DELW_DEBB80001582739"
"586","80001582739","Schwielochsee",NA,"10300011","2023","RAQ gesichert","RAQ gesichert","PHYLIB 5.3","Diatomeen",NA,"446147","5765092","1",NA,NA,"DELW_DEBB80001582739"
"587","80001582739","Schwielochsee",NA,"10300011","2014","M_TILNord / Trophieindex (umger.)","See; Modul Trophie-Index (Wert zwischen 0 und 1)","PHYLIB 5.3","Diatomeen",NA,"446147","5765092","0,825",NA,NA,"DELW_DEBB80001582739"
"588","80001582739","Schwielochsee",NA,"80001582739_HM","2014","MST Diff PTSI-RefTrophie","Differenz zwischen PTSI und Referenztrophiefür Messstelle und Jahr","PhytoSee 7.0 (15.12.2017)","Phytoplankton",NA,"445145","5765686","0,9019",NA,NA,"DELW_DEBB80001582739"
"589","80001582739","Schwielochsee",NA,"10300010","2014","Teilbewertung Diatomeen/Zustands-/Potentialklasse FGW und Seen","FGW, See; Bewertung der Messstelle (1 bis 5 möglich), bei Wert='999' ist das Ergebnis ungesichert; (bei FGW-Halobienindex und Versauerung wird berücksichtigt)","PHYLIB 5.3","Diatomeen",NA,"444516","5765112","2",NA,NA,"DELW_DEBB80001582739"
"590","80001582739","Schwielochsee",NA,"1039","2008","TIL_Nord","See; berechneter Trophie-Index Nord","nicht bekannt","Diatomeen",NA,"444323","5771900","3,25",NA,NA,"DELW_DEBB80001582739"
"591","80001582739","Schwielochsee",NA,"1037","2008","M_TILNord / Trophieindex (umger.)","See; Modul Trophie-Index (Wert zwischen 0 und 1)","nicht bekannt","Diatomeen",NA,"444932","5766558","0,53",NA,NA,"DELW_DEBB80001582739"
"592","80001582739","Schwielochsee",NA,"1034","2008","Teilbewertung Makrophyten","Bewertung der Messstelle (1 bis 5 möglich), bei leeren Feld ist das Ergebnis ungesichert","MIB 2004","Makrophyten",NA,"445281","5769246","3",NA,NA,"DELW_DEBB80001582739"
"593","80001582739","Schwielochsee",NA,"1031","2023","RAQ gesichert","RAQ gesichert","PHYLIB 5.3","Makrophyten",NA,"446157","5767362","0",NA,NA,"DELW_DEBB80001582739"
"594","80001582739","Schwielochsee",NA,"10300011","2023","Diatomeentyp","Diatomeentyp des Wasserköpers verwendet in der Bewertung der Messstelle (siehe Tabelle WAGUET_OWNER_SCHLUESSEL_WERT_TEXT)","PHYLIB 5.3","Diatomeen",NA,"446147","5765092","DS 12",NA,NA,"DELW_DEBB80001582739"
"595","80001582739","Schwielochsee",NA,"10300010","2014","M_TILNord / Trophieindex (umger.)","See; Modul Trophie-Index (Wert zwischen 0 und 1)","PHYLIB 5.3","Diatomeen",NA,"444516","5765112","0,767",NA,NA,"DELW_DEBB80001582739"
"596","80001582739","Schwielochsee",NA,"80001582739_HM","2005","Sichttiefe_Saison_Anzahl",NA,"LAWA-TI Gewässerbewertung stehender Gewässer","Chemie (See und FG)",NA,"445145","5765686","6",NA,NA,"DELW_DEBB80001582739"
"597","80001582739","Schwielochsee",NA,"1038","2020","MMI","Multimetrischer Index","AESHNA (Version Mai 2017)","Makrozoobenthos",NA,"443875","5763244","0,93",NA,NA,"DELW_DEBB80001582739"
"598","80001582739","Schwielochsee",NA,"80001582739_HM","2020","MST PTSI H/G","H/G PTSI vom Typ","PhytoSee 7.0 (15.12.2017)","Phytoplankton",NA,"445145","5765686","3",NA,NA,"DELW_DEBB80001582739"
"599","80001582739","Schwielochsee",NA,"1033","2008","Anzahl inidkativer Taxa","Diatomeen Seen","nicht bekannt","Diatomeen",NA,"446053","5773006","13",NA,NA,"DELW_DEBB80001582739"
"600","80001582739","Schwielochsee",NA,"10300014","2020","Teilbewertung_QK_MZB","MZB-Gesamtbewertung/ Bi Ben_Inv","AESHNA (Version Mai 2017)","Makrozoobenthos",NA,"446676","5769357","1",NA,NA,"DELW_DEBB80001582739"
"601","80001582739","Schwielochsee",NA,"1037","2023","Vegetationsgrenze plausibel","Vegetationsgrenze plausibel","PHYLIB 5.3","Makrophyten",NA,"444932","5766558","true",NA,NA,"DELW_DEBB80001582739"
"602","80001582739","Schwielochsee",NA,"1038","2014","vorlaeufigeBewertung","See; Fließgew; vorläufige Bewertung der Messstelle, (FGW - Halobienindex und Versauerung wird nicht berücksichtigt; Seen - TI-Anteil, RAQ-Arten und TI-Anzahl wird nicht berücksichtigt)","PHYLIB 5.3","Diatomeen",NA,"443875","5763244","2",NA,NA,"DELW_DEBB80001582739"
"603","80001582739","Schwielochsee",NA,"S_0522","2004","Sichttiefe_Jahesmittel","Sichttiefe_Jahesmittel in m","nicht bekannt","Chemie (See und FG)",NA,NA,NA,"0,55",NA,NA,"DELW_DEBB80001582739"
"604","80001582739","Schwielochsee",NA,"1034","2023","Diatomeentyp","Diatomeentyp des Wasserköpers verwendet in der Bewertung der Messstelle (siehe Tabelle WAGUET_OWNER_SCHLUESSEL_WERT_TEXT)","PHYLIB 5.3","Diatomeen",NA,"445281","5769246","DS 12",NA,NA,"DELW_DEBB80001582739"
"605","80001582739","Schwielochsee",NA,"1033","2008","M_RAQ","See; Modul Referenzartenquotien","nicht bekannt","Diatomeen",NA,"446053","5773006","0,23",NA,NA,"DELW_DEBB80001582739"
"606","80001582739","Schwielochsee",NA,"1036","2023","Zustandsklasse","Zustands-/Potentialklasse","PHYLIB 5.3","Diatomeen",NA,"447144","5770085","2",NA,NA,"DELW_DEBB80001582739"
"607","80001582739","Schwielochsee",NA,"80001582739_HM","2023","MST TypPTSI_Ref","PTSI-Referenz für den Typ","PhytoSee Online 8.0.3 (09.04.2024)","Phytoplankton",NA,"445145","5765686","2,5",NA,NA,"DELW_DEBB80001582739"
"608","80001582739","Schwielochsee",NA,"S_0520","2004","Sichttiefe_Jahesmittel","Sichttiefe_Jahesmittel in m","nicht bekannt","Chemie (See und FG)",NA,NA,NA,"0,4667",NA,NA,"DELW_DEBB80001582739"
"609","80001582739","Schwielochsee",NA,"1039","2023","Diatomeentyp","Diatomeentyp des Wasserköpers verwendet in der Bewertung der Messstelle (siehe Tabelle WAGUET_OWNER_SCHLUESSEL_WERT_TEXT)","PHYLIB 5.3","Makrophyten",NA,"444323","5771900","DS 12",NA,NA,"DELW_DEBB80001582739"
"610","80001582739","Schwielochsee",NA,"1034","2023","Vegetationsgrenze","Vegetationsgrenze","PHYLIB 5.3","Diatomeen",NA,"445281","5769246","1",NA,NA,"DELW_DEBB80001582739"
"611","80001582739","Schwielochsee",NA,"1036","2023","Makrophytentyp","Makrophytentyp des Wasserköpers verwendet in der Bewertung der Messstelle (siehe Tabelle WAGUET_OWNER_SCHLUESSEL_WERT_TEXT)","PHYLIB 5.3","Diatomeen",NA,"447144","5770085","TKp - 12",NA,NA,"DELW_DEBB80001582739"
"612","80001582739","Schwielochsee",NA,"80001582739_HM","2020","Chl_Saison",NA,"LAWA-TI Gewässerbewertung stehender Gewässer","Chemie (See und FG)",NA,"445145","5765686","43,43",NA,NA,"DELW_DEBB80001582739"
"613","80001582739","Schwielochsee",NA,"S_0522","2003","Chl_MW","Jahresmittelwert Chl-a in µg/l","nicht bekannt","Chemie (See und FG)",NA,NA,NA,"72,34",NA,NA,"DELW_DEBB80001582739"
"614","80001582739","Schwielochsee",NA,"10300010","2023","Zustandsklasse","Zustands-/Potentialklasse","PHYLIB 5.3","Diatomeen",NA,"444516","5765112","2",NA,NA,"DELW_DEBB80001582739"
"615","80001582739","Schwielochsee",NA,"1037","2023","Gesamthäufigkeit (prozent) D","Gesamthäufigkeit [%] D","PHYLIB 5.3","Diatomeen",NA,"444932","5766558","99,99",NA,NA,"DELW_DEBB80001582739"
"616","80001582739","Schwielochsee",NA,"80001582739_HM","2020","MST G_PTSI",NA,"PhytoSee 7.0 (15.12.2017)","Phytoplankton",NA,"445145","5765686","2",NA,NA,"DELW_DEBB80001582739"
"617","80001582739","Schwielochsee",NA,"80001582739_3","2005","TNb_Sommer","Stickstoffkonz. im Sommer","LAWA-TI Gewässerbewertung stehender Gewässer","Chemie (See und FG)",NA,"446002","5769556","1",NA,NA,"DELW_DEBB80001582739"
"618","80001582739","Schwielochsee",NA,"80001582739_HM","2021","Modul","DeLFI","DeLFI","Fische",NA,"445145","5765686","1",NA,NA,"DELW_DEBB80001582739"
"619","80001582739","Schwielochsee",NA,"1037","2023","M-sicher","M-sicher","PHYLIB 5.3","Makrophyten",NA,"444932","5766558","true",NA,NA,"DELW_DEBB80001582739"
"620","80001582739","Schwielochsee",NA,"10300011","2014","Makrophytentyp","Makrophytentyp des Wasserköpers verwendet in der Bewertung der Messstelle (siehe Tabelle WAGUET_OWNER_SCHLUESSEL_WERT_TEXT)","PHYLIB 5.3","Diatomeen",NA,"446147","5765092","TKp - 12",NA,NA,"DELW_DEBB80001582739"
"621","80001582739","Schwielochsee",NA,"10300010","2017","MIB","Makrophytenindex Brandenburg","nicht bekannt","Makrophyten",NA,"444516","5765112","3,7",NA,NA,"DELW_DEBB80001582739"
"622","80001582739","Schwielochsee",NA,"1036","2023","Zustandsklasse","Zustands-/Potentialklasse","PHYLIB 5.3","Makrophyten",NA,"447144","5770085","4",NA,NA,"DELW_DEBB80001582739"
"623","80001582739","Schwielochsee",NA,"80001582739_HM","2023","MST Bac_Crypto_S_Bew","Bewertung Bac_Crypto für Messstelle und Jahr","PhytoSee Online 8.0.3 (09.04.2024)","Phytoplankton",NA,"445145","5765686","3,72",NA,NA,"DELW_DEBB80001582739"
"624","80001582739","Schwielochsee",NA,"S_0520","2002","Sichttiefe_Jahesmittel","Sichttiefe_Jahesmittel in m","nicht bekannt","Chemie (See und FG)",NA,NA,NA,"0,425",NA,NA,"DELW_DEBB80001582739"
"625","80001582739","Schwielochsee",NA,"1037","2014","Teilbewertung Diatomeen, vorläufig/FGW - Ergebnis ohne Salzbelastung & See - vorläufige Bewertung","See, FGW; Bewertung der Messstelle (1 bis 5 möglich), bei Wert='999' ist das Ergebnis ungesichert; Seen - TI-Anteil, RAQ-Arten und TI-Anzahl wird berücksichtigt","PHYLIB 5.3","Diatomeen",NA,"444932","5766558","3",NA,NA,"DELW_DEBB80001582739"
"626","80001582739","Schwielochsee",NA,"1038","2023","Makrophytentyp","Makrophytentyp des Wasserköpers verwendet in der Bewertung der Messstelle (siehe Tabelle WAGUET_OWNER_SCHLUESSEL_WERT_TEXT)","PHYLIB 5.3","Diatomeen",NA,"443875","5763244","TKp - 12",NA,NA,"DELW_DEBB80001582739"
"627","80001582739","Schwielochsee",NA,"10300013","2020","MMI","Multimetrischer Index","AESHNA (Version Mai 2017)","Makrozoobenthos",NA,"444986","5768697","0,87",NA,NA,"DELW_DEBB80001582739"
"628","80001582739","Schwielochsee",NA,"80001582739_HM","2023","MST Biomasse_Metrik","Metrik Biomasse  für Messstelle und Jahr","PhytoSee Online 8.0.3 (09.04.2024)","Phytoplankton",NA,"445145","5765686","3,95",NA,NA,"DELW_DEBB80001582739"
"629","80001582739","Schwielochsee",NA,"1033","2023","Bewertung (dezimal)","Bewertung (dezimal)","PHYLIB 5.3","Diatomeen",NA,"446053","5773006","2,24",NA,NA,"DELW_DEBB80001582739"
"630","80001582739","Schwielochsee",NA,"1035","2023","WRRL-Fließgewässertyp","WRRL-Fließgewässertyp und -Seetyp verwendet in der Bewertung der Messstelle (siehe Tabelle WAGUET_OWNER_SCHLUESSEL_WERT_TEXT)","PHYLIB 5.3","Diatomeen",NA,"445899","5770756","12",NA,NA,"DELW_DEBB80001582739"
"631","80001582739","Schwielochsee",NA,"10300011","2014","Teilbewertung Diatomeen, vorläufig/FGW - Ergebnis ohne Salzbelastung & See - vorläufige Bewertung","See, FGW; Bewertung der Messstelle (1 bis 5 möglich), bei Wert='999' ist das Ergebnis ungesichert; Seen - TI-Anteil, RAQ-Arten und TI-Anzahl wird berücksichtigt","PHYLIB 5.3","Diatomeen",NA,"446147","5765092","2",NA,NA,"DELW_DEBB80001582739"
"632","80001582739","Schwielochsee",NA,"80001582739_HM","2020","TI_akt","LAWA-Trophieindex","LAWA-TI Gewässerbewertung stehender Gewässer","Chemie (See und FG)",NA,"445145","5765686","3,72",NA,NA,"DELW_DEBB80001582739"
"633","80001582739","Schwielochsee",NA,"S_0521","2003","Sichttiefe_Jahesmittel","Sichttiefe_Jahesmittel in m","nicht bekannt","Chemie (See und FG)",NA,NA,NA,"0,3333",NA,NA,"DELW_DEBB80001582739"
"634","80001582739","Schwielochsee",NA,"10300013","2020","Teilbewertung_QK_MZB","MZB-Gesamtbewertung/ Bi Ben_Inv","AESHNA (Version Mai 2017)","Makrozoobenthos",NA,"444986","5768697","1",NA,NA,"DELW_DEBB80001582739"
"635","80001582739","Schwielochsee",NA,"1034","2023","Teilbewertung Makrophyten","Bewertung der Messstelle (1 bis 5 möglich), bei leeren Feld ist das Ergebnis ungesichert","PHYLIB 5.3","Makrophyten",NA,"445281","5769246","4",NA,NA,"DELW_DEBB80001582739"
"636","80001582739","Schwielochsee",NA,"1031","2014","M_TILNord / Trophieindex (umger.)","See; Modul Trophie-Index (Wert zwischen 0 und 1)","PHYLIB 5.3","Diatomeen",NA,"446157","5767362","0,742",NA,NA,"DELW_DEBB80001582739"
"637","80001582739","Schwielochsee",NA,"1033","2023","M-sicher","M-sicher","PHYLIB 5.3","Diatomeen",NA,"446053","5773006","false",NA,NA,"DELW_DEBB80001582739"
"638","80001582739","Schwielochsee",NA,"1036","2008","M_TILNord / Trophieindex (umger.)","See; Modul Trophie-Index (Wert zwischen 0 und 1)","nicht bekannt","Diatomeen",NA,"447144","5770085","0,64",NA,NA,"DELW_DEBB80001582739"
"639","80001582739","Schwielochsee",NA,"80001582739_HM","2023","MST G_PTSI",NA,"PhytoSee Online 8.0.3 (09.04.2024)","Phytoplankton",NA,"445145","5765686","2",NA,NA,"DELW_DEBB80001582739"
"640","80001582739","Schwielochsee",NA,"1036","2023","Vegetationsgrenze","Vegetationsgrenze","PHYLIB 5.3","Makrophyten",NA,"447144","5770085","1,4",NA,NA,"DELW_DEBB80001582739"
"641","80001582739","Schwielochsee",NA,"1033","2023","Vegetationsgrenze","Vegetationsgrenze","PHYLIB 5.3","Diatomeen",NA,"446053","5773006","1",NA,NA,"DELW_DEBB80001582739"
"642","80001582739","Schwielochsee",NA,"1034","2023","Vegetationsgrenze","Vegetationsgrenze","PHYLIB 5.3","Makrophyten",NA,"445281","5769246","1,2",NA,NA,"DELW_DEBB80001582739"
"643","80001582739","Schwielochsee",NA,"1031","2023","Vegetationsgrenze plausibel","Vegetationsgrenze plausibel","PHYLIB 5.3","Diatomeen",NA,"446157","5767362","true",NA,NA,"DELW_DEBB80001582739"
"644","80001582739","Schwielochsee",NA,"1037","2023","M-sicher","M-sicher","PHYLIB 5.3","Diatomeen",NA,"444932","5766558","false",NA,NA,"DELW_DEBB80001582739"
"645","80001582739","Schwielochsee",NA,"1033","2017","MIB","Makrophytenindex Brandenburg","MIB 2004","Makrophyten",NA,"446053","5773006","3,67",NA,NA,"DELW_DEBB80001582739"
"646","80001582739","Schwielochsee",NA,"1033","2023","RAQ gesichert","RAQ gesichert","PHYLIB 5.3","Makrophyten",NA,"446053","5773006","0",NA,NA,"DELW_DEBB80001582739"
"647","80001582739","Schwielochsee",NA,"1036","2023","RAQ gesichert","RAQ gesichert","PHYLIB 5.3","Diatomeen",NA,"447144","5770085","1",NA,NA,"DELW_DEBB80001582739"
"648","80001582739","Schwielochsee",NA,"1035","2008","Anzahl inidkativer Taxa","Diatomeen Seen","nicht bekannt","Diatomeen",NA,"445899","5770756","11",NA,NA,"DELW_DEBB80001582739"
"649","80001582739","Schwielochsee",NA,"1038","2008","Anzahl inidkativer Taxa","Diatomeen Seen","nicht bekannt","Diatomeen",NA,"443875","5763244","10",NA,NA,"DELW_DEBB80001582739"
"650","80001582739","Schwielochsee",NA,"10300010","2008","Anzahl inidkativer Taxa","Diatomeen Seen","nicht bekannt","Diatomeen",NA,"444516","5765112","2",NA,NA,"DELW_DEBB80001582739"
"651","80001582739","Schwielochsee",NA,"1033","2008","Teilbewertung Makrophyten","Bewertung der Messstelle (1 bis 5 möglich), bei leeren Feld ist das Ergebnis ungesichert","MIB 2004","Makrophyten",NA,"446053","5773006","3",NA,NA,"DELW_DEBB80001582739"
"652","80001582739","Schwielochsee",NA,"1036","2023","Teilbewertung Makrophyten","Bewertung der Messstelle (1 bis 5 möglich), bei leeren Feld ist das Ergebnis ungesichert","PHYLIB 5.3","Makrophyten",NA,"447144","5770085","4",NA,NA,"DELW_DEBB80001582739"
"653","80001582739","Schwielochsee",NA,"10300010","2008","TIL_Nord","See; berechneter Trophie-Index Nord","nicht bekannt","Diatomeen",NA,"444516","5765112","3,39",NA,NA,"DELW_DEBB80001582739"
"654","80001582739","Schwielochsee",NA,"1033","2008","M_TILNord / Trophieindex (umger.)","See; Modul Trophie-Index (Wert zwischen 0 und 1)","nicht bekannt","Diatomeen",NA,"446053","5773006","0,47",NA,NA,"DELW_DEBB80001582739"
"655","80001582739","Schwielochsee",NA,"80001582739_HM","2020","MST Chla µg/l",NA,"PhytoSee 7.0 (15.12.2017)","Phytoplankton",NA,"445145","5765686","43,43",NA,NA,"DELW_DEBB80001582739"
"656","80001582739","Schwielochsee",NA,"1037","2023","Makrophytentyp","Makrophytentyp des Wasserköpers verwendet in der Bewertung der Messstelle (siehe Tabelle WAGUET_OWNER_SCHLUESSEL_WERT_TEXT)","PHYLIB 5.3","Diatomeen",NA,"444932","5766558","TKp - 12",NA,NA,"DELW_DEBB80001582739"
"657","80001582739","Schwielochsee",NA,"1035","2008","Teilbewertung Makrophyten","Bewertung der Messstelle (1 bis 5 möglich), bei leeren Feld ist das Ergebnis ungesichert","MIB 2004","Makrophyten",NA,"445899","5770756","3",NA,NA,"DELW_DEBB80001582739"
"658","80001582739","Schwielochsee",NA,"1035","2008","MIB","Makrophytenindex Brandenburg","MIB 2004","Makrophyten",NA,"445899","5770756","3,8",NA,NA,"DELW_DEBB80001582739"
"659","80001582739","Schwielochsee",NA,"1036","2023","Gesamthäufigkeit (prozent) D","Gesamthäufigkeit [%] D","PHYLIB 5.3","Makrophyten",NA,"447144","5770085","0",NA,NA,"DELW_DEBB80001582739"
"660","80001582739","Schwielochsee",NA,"80001582739_HM","2014","MST Crypto_Cyan_S_Bew","Bewertung Crypto_Cyan für Messstelle und Jahr","PhytoSee 7.0 (15.12.2017)","Phytoplankton",NA,"445145","5765686","3,26",NA,NA,"DELW_DEBB80001582739"
"661","80001582739","Schwielochsee",NA,"1037","2008","Anzahl inidkativer Taxa","Diatomeen Seen","nicht bekannt","Diatomeen",NA,"444932","5766558","9",NA,NA,"DELW_DEBB80001582739"
"662","80001582739","Schwielochsee",NA,"1035","2008","I_Arten","Artindex, Teilindex des MIB","MIB 2004","Makrophyten",NA,"445899","5770756","0-2,53",NA,NA,"DELW_DEBB80001582739"
"663","80001582739","Schwielochsee",NA,"1036","2017","I_Arten","Artindex, Teilindex des MIB","MIB 2004","Makrophyten",NA,"447144","5770085","0-2,76",NA,NA,"DELW_DEBB80001582739"
"664","80001582739","Schwielochsee",NA,"S_0522","2003","Sichttiefe_Jahesmittel","Sichttiefe_Jahesmittel in m","nicht bekannt","Chemie (See und FG)",NA,NA,NA,"0,3333",NA,NA,"DELW_DEBB80001582739"
"665","80001582739","Schwielochsee",NA,"10300010","2017","I_UMG","Index aus der unteren Makrophytengrenze, Teilindex des MIB","MIB 2004","Makrophyten",NA,"444516","5765112","0-1,65",NA,NA,"DELW_DEBB80001582739"
"666","80001582739","Schwielochsee",NA,"80001582739_HM","2017","TI_akt","LAWA-Trophieindex","LAWA-TI Gewässerbewertung stehender Gewässer","Chemie (See und FG)",NA,"445145","5765686","3,85",NA,NA,"DELW_DEBB80001582739"
"667","80001582739","Schwielochsee",NA,"80001582739_HM","2023","MST PTSI_Bew","PTSI-Bewertung für Messstelle und Jahr","PhytoSee Online 8.0.3 (09.04.2024)","Phytoplankton",NA,"445145","5765686","3,23",NA,NA,"DELW_DEBB80001582739"
"668","80001582739","Schwielochsee",NA,"1031","2001","I_UMG","Index aus der unteren Makrophytengrenze, Teilindex des MIB","MIB 2004","Makrophyten",NA,"446157","5767362","0-1,65",NA,NA,"DELW_DEBB80001582739"
"669","80001582739","Schwielochsee",NA,"10300011","2023","Bewertung (dezimal)","Bewertung (dezimal)","PHYLIB 5.3","Diatomeen",NA,"446147","5765092","2,02",NA,NA,"DELW_DEBB80001582739"
"670","80001582739","Schwielochsee",NA,"10300011","2008","M_RAQ","See; Modul Referenzartenquotien","nicht bekannt","Diatomeen",NA,"446147","5765092","0,33",NA,NA,"DELW_DEBB80001582739"
"671","80001582739","Schwielochsee",NA,"1039","2014","Teilbewertung Diatomeen, vorläufig/FGW - Ergebnis ohne Salzbelastung & See - vorläufige Bewertung","See, FGW; Bewertung der Messstelle (1 bis 5 möglich), bei Wert='999' ist das Ergebnis ungesichert; Seen - TI-Anteil, RAQ-Arten und TI-Anzahl wird berücksichtigt","PHYLIB 5.3","Diatomeen",NA,"444323","5771900","3",NA,NA,"DELW_DEBB80001582739"
"672","80001582739","Schwielochsee",NA,"1038","2017","MIB","Makrophytenindex Brandenburg","nicht bekannt","Makrophyten",NA,"443875","5763244","3,74",NA,NA,"DELW_DEBB80001582739"
"673","80001582739","Schwielochsee",NA,"80001582739_HM","2005","TP_Frühjahr",NA,"LAWA-TI Gewässerbewertung stehender Gewässer","Chemie (See und FG)",NA,"445145","5765686","77",NA,NA,"DELW_DEBB80001582739"
"674","80001582739","Schwielochsee",NA,"80001582739_HM","2023","MST Chla µg/l",NA,"PhytoSee Online 8.0.3 (09.04.2024)","Phytoplankton",NA,"445145","5765686","74,57",NA,NA,"DELW_DEBB80001582739"
"675","80001582739","Schwielochsee",NA,"1037","2023","Zustandsklasse","Zustands-/Potentialklasse","PHYLIB 5.3","Diatomeen",NA,"444932","5766558","2",NA,NA,"DELW_DEBB80001582739"
"676","80001582739","Schwielochsee",NA,"1034","2023","WRRL-Fließgewässertyp","WRRL-Fließgewässertyp und -Seetyp verwendet in der Bewertung der Messstelle (siehe Tabelle WAGUET_OWNER_SCHLUESSEL_WERT_TEXT)","PHYLIB 5.3","Diatomeen",NA,"445281","5769246","12",NA,NA,"DELW_DEBB80001582739"
"677","80001582739","Schwielochsee",NA,"10300011","2008","TIL_Nord","See; berechneter Trophie-Index Nord","nicht bekannt","Diatomeen",NA,"446147","5765092","3,3",NA,NA,"DELW_DEBB80001582739"
"678","80001582739","Schwielochsee",NA,"80001582739_1","2005","TP_Saison",NA,"LAWA-TI Gewässerbewertung stehender Gewässer","Chemie (See und FG)",NA,"444387","5763703","165",NA,NA,"DELW_DEBB80001582739"
"679","80001582739","Schwielochsee",NA,"S_0522","2000","Chl_MW","Jahresmittelwert Chl-a in µg/l","nicht bekannt","Chemie (See und FG)",NA,NA,NA,"65",NA,NA,"DELW_DEBB80001582739"
"680","80001582739","Schwielochsee",NA,"1031","2023","Makrophytenverödung","Makrophytenverödung","PHYLIB 5.3","Diatomeen",NA,"446157","5767362","false",NA,NA,"DELW_DEBB80001582739"
"681","80001582739","Schwielochsee",NA,"1038","2023","WRRL-Fließgewässertyp","WRRL-Fließgewässertyp und -Seetyp verwendet in der Bewertung der Messstelle (siehe Tabelle WAGUET_OWNER_SCHLUESSEL_WERT_TEXT)","PHYLIB 5.3","Diatomeen",NA,"443875","5763244","12",NA,NA,"DELW_DEBB80001582739"
"682","80001582739","Schwielochsee",NA,"1038","2023","Bewertung (dezimal)","Bewertung (dezimal)","PHYLIB 5.3","Makrophyten",NA,"443875","5763244","3,61",NA,NA,"DELW_DEBB80001582739"
"683","80001582739","Schwielochsee",NA,"10300010","2023","Makrophytenverödung","Makrophytenverödung","PHYLIB 5.3","Diatomeen",NA,"444516","5765112","false",NA,NA,"DELW_DEBB80001582739"
"684","80001582739","Schwielochsee",NA,"1037","2023","RAQ gesichert","RAQ gesichert","PHYLIB 5.3","Makrophyten",NA,"444932","5766558","0",NA,NA,"DELW_DEBB80001582739"
"685","80001582739","Schwielochsee",NA,"80001582739_HM","2020","MST G_Algenklasse",NA,"PhytoSee 7.0 (15.12.2017)","Phytoplankton",NA,"445145","5765686","3",NA,NA,"DELW_DEBB80001582739"
"686","80001582739","Schwielochsee",NA,"1031","2023","Zustandsklasse","Zustands-/Potentialklasse","PHYLIB 5.3","Makrophyten",NA,"446157","5767362","4",NA,NA,"DELW_DEBB80001582739"
"687","80001582739","Schwielochsee",NA,"80001582739_HM","2023","MST N_Tage",NA,"PhytoSee Online 8.0.3 (09.04.2024)","Phytoplankton",NA,"445145","5765686","6",NA,NA,"DELW_DEBB80001582739"
"688","80001582739","Schwielochsee",NA,"1034","2014","WRRL-Fließgewässertyp","WRRL-Fließgewässertyp und -Seetyp verwendet in der Bewertung der Messstelle (siehe Tabelle WAGUET_OWNER_SCHLUESSEL_WERT_TEXT)","PHYLIB 5.3","Diatomeen",NA,"445281","5769246","12",NA,NA,"DELW_DEBB80001582739"
"689","80001582739","Schwielochsee",NA,"1036","2008","Teilbewertung Diatomeen/Zustands-/Potentialklasse FGW und Seen","FGW, See; Bewertung der Messstelle (1 bis 5 möglich), bei Wert='999' ist das Ergebnis ungesichert; (bei FGW-Halobienindex und Versauerung wird berücksichtigt)","nicht bekannt","Diatomeen",NA,"447144","5770085","3",NA,NA,"DELW_DEBB80001582739"
"690","80001582739","Schwielochsee",NA,"1034","2023","Teilbewertung Diatomeen/Zustands-/Potentialklasse FGW und Seen","FGW, See; Bewertung der Messstelle (1 bis 5 möglich), bei Wert='999' ist das Ergebnis ungesichert; (bei FGW-Halobienindex und Versauerung wird berücksichtigt)","PHYLIB 5.3","Diatomeen",NA,"445281","5769246","3",NA,NA,"DELW_DEBB80001582739"
"691","80001582739","Schwielochsee",NA,"1031","2023","Gesamthäufigkeit (prozent) D","Gesamthäufigkeit [%] D","PHYLIB 5.3","Makrophyten",NA,"446157","5767362","0",NA,NA,"DELW_DEBB80001582739"
"692","80001582739","Schwielochsee",NA,"80001582739_HM","2020","MST Version-Programm",NA,"PhytoSee 7.0 (15.12.2017)","Phytoplankton",NA,"445145","5765686","PhytoSee 7.0 (15.12.2017)",NA,NA,"DELW_DEBB80001582739"
"693","80001582739","Schwielochsee",NA,"80001582739euphot","2008","Sichttiefe_Jahesmittel","Sichttiefe_Jahesmittel in m","nicht bekannt","Chemie (See und FG)",NA,NA,NA,"0,725",NA,NA,"DELW_DEBB80001582739"
"694","80001582739","Schwielochsee",NA,"1034","2014","M_RAQ","See; Modul Referenzartenquotien","PHYLIB 5.3","Diatomeen",NA,"445281","5769246","0-,04",NA,NA,"DELW_DEBB80001582739"
"695","80001582739","Schwielochsee",NA,"1039","2023","Gesamthäufigkeit (prozent) D","Gesamthäufigkeit [%] D","PHYLIB 5.3","Diatomeen",NA,"444323","5771900","100",NA,NA,"DELW_DEBB80001582739"
"696","80001582739","Schwielochsee",NA,"80001582739_HM","2020","Chl_Saison_Anzahl",NA,"LAWA-TI Gewässerbewertung stehender Gewässer","Chemie (See und FG)",NA,"445145","5765686","10",NA,NA,"DELW_DEBB80001582739"
"697","80001582739","Schwielochsee",NA,"1033","2023","Makrophytenverödung","Makrophytenverödung","PHYLIB 5.3","Makrophyten",NA,"446053","5773006","false",NA,NA,"DELW_DEBB80001582739"
"698","80001582739","Schwielochsee",NA,"1034","2023","Makrophytenverödung","Makrophytenverödung","PHYLIB 5.3","Makrophyten",NA,"445281","5769246","false",NA,NA,"DELW_DEBB80001582739"
"699","80001582739","Schwielochsee",NA,"1031","2023","RAQ gesichert","RAQ gesichert","PHYLIB 5.3","Diatomeen",NA,"446157","5767362","1",NA,NA,"DELW_DEBB80001582739"
"700","80001582739","Schwielochsee",NA,"1035","2023","Gesamthäufigkeit (prozent) D","Gesamthäufigkeit [%] D","PHYLIB 5.3","Makrophyten",NA,"445899","5770756","0",NA,NA,"DELW_DEBB80001582739"
"701","80001582739","Schwielochsee",NA,"80001582739_HM","2020","MST Beprobung konform?","Beprobung methodenkonform oder nicht? für Messstelle und Jahr","PhytoSee 7.0 (15.12.2017)","Phytoplankton",NA,"445145","5765686","incl. Märzprobe",NA,NA,"DELW_DEBB80001582739"
"702","80001582739","Schwielochsee",NA,"1038","2023","Diatomeentyp","Diatomeentyp des Wasserköpers verwendet in der Bewertung der Messstelle (siehe Tabelle WAGUET_OWNER_SCHLUESSEL_WERT_TEXT)","PHYLIB 5.3","Makrophyten",NA,"443875","5763244","DS 12",NA,NA,"DELW_DEBB80001582739"
"703","80001582739","Schwielochsee",NA,"1031","2023","Makrophytentyp","Makrophytentyp des Wasserköpers verwendet in der Bewertung der Messstelle (siehe Tabelle WAGUET_OWNER_SCHLUESSEL_WERT_TEXT)","PHYLIB 5.3","Makrophyten",NA,"446157","5767362","TKp - 12",NA,NA,"DELW_DEBB80001582739"
"704","80001582739","Schwielochsee",NA,"1036","2023","Gesamthäufigkeit (prozent) D","Gesamthäufigkeit [%] D","PHYLIB 5.3","Diatomeen",NA,"447144","5770085","100",NA,NA,"DELW_DEBB80001582739"
"705","80001582739","Schwielochsee",NA,"6828050","1996","Chl_MW","Jahresmittelwert Chl-a in µg/l","nicht bekannt","Chemie (See und FG)",NA,NA,NA,"111,33",NA,NA,"DELW_DEBB80001582739"
"706","80001582739","Schwielochsee",NA,"1031","2023","Vegetationsgrenze","Vegetationsgrenze","PHYLIB 5.3","Diatomeen",NA,"446157","5767362","1",NA,NA,"DELW_DEBB80001582739"
"707","80001582739","Schwielochsee",NA,"1033","2020","Teilbewertung_QK_MZB","MZB-Gesamtbewertung/ Bi Ben_Inv","AESHNA (Version Mai 2017)","Makrozoobenthos",NA,"446053","5773006","1",NA,NA,"DELW_DEBB80001582739"
"708","80001582739","Schwielochsee",NA,"1036","2014","Makrophytentyp","Makrophytentyp des Wasserköpers verwendet in der Bewertung der Messstelle (siehe Tabelle WAGUET_OWNER_SCHLUESSEL_WERT_TEXT)","PHYLIB 5.3","Diatomeen",NA,"447144","5770085","TKp - 12",NA,NA,"DELW_DEBB80001582739"
"709","80001582739","Schwielochsee",NA,"1033","2023","Makrophytentyp","Makrophytentyp des Wasserköpers verwendet in der Bewertung der Messstelle (siehe Tabelle WAGUET_OWNER_SCHLUESSEL_WERT_TEXT)","PHYLIB 5.3","Diatomeen",NA,"446053","5773006","TKp - 12",NA,NA,"DELW_DEBB80001582739"
"710","80001582739","Schwielochsee",NA,"1038","2008","MIB","Makrophytenindex Brandenburg","MIB 2004","Makrophyten",NA,"443875","5763244","3,8",NA,NA,"DELW_DEBB80001582739"
"711","80001582739","Schwielochsee",NA,"1039","2020","Teilbewertung_QK_MZB","MZB-Gesamtbewertung/ Bi Ben_Inv","AESHNA (Version Mai 2017)","Makrozoobenthos",NA,"444323","5771900","1",NA,NA,"DELW_DEBB80001582739"
"712","80001582739","Schwielochsee",NA,"80001582739_HM","2005","ST_Saison",NA,"LAWA-TI Gewässerbewertung stehender Gewässer","Chemie (See und FG)",NA,"445145","5765686","0,675",NA,NA,"DELW_DEBB80001582739"
"713","80001582739","Schwielochsee",NA,"1036","2023","Vegetationsgrenze","Vegetationsgrenze","PHYLIB 5.3","Diatomeen",NA,"447144","5770085","1",NA,NA,"DELW_DEBB80001582739"
"714","80001582739","Schwielochsee",NA,"1039","2023","Gesamthäufigkeit (prozent) D","Gesamthäufigkeit [%] D","PHYLIB 5.3","Makrophyten",NA,"444323","5771900","0",NA,NA,"DELW_DEBB80001582739"
"715","80001582739","Schwielochsee",NA,"1035","2023","Makrophytenverödung","Makrophytenverödung","PHYLIB 5.3","Makrophyten",NA,"445899","5770756","false",NA,NA,"DELW_DEBB80001582739"
"716","80001582739","Schwielochsee",NA,"1035","2014","Teilbewertung Diatomeen, vorläufig/FGW - Ergebnis ohne Salzbelastung & See - vorläufige Bewertung","See, FGW; Bewertung der Messstelle (1 bis 5 möglich), bei Wert='999' ist das Ergebnis ungesichert; Seen - TI-Anteil, RAQ-Arten und TI-Anzahl wird berücksichtigt","PHYLIB 5.3","Diatomeen",NA,"445899","5770756","2",NA,NA,"DELW_DEBB80001582739"
"717","80001582739","Schwielochsee",NA,"1039","2014","M_TILNord / Trophieindex (umger.)","See; Modul Trophie-Index (Wert zwischen 0 und 1)","PHYLIB 5.3","Diatomeen",NA,"444323","5771900","0,644",NA,NA,"DELW_DEBB80001582739"
"718","80001582739","Schwielochsee",NA,"1033","2023","Gesamthäufigkeit (prozent) D","Gesamthäufigkeit [%] D","PHYLIB 5.3","Diatomeen",NA,"446053","5773006","100",NA,NA,"DELW_DEBB80001582739"
"719","80001582739","Schwielochsee",NA,"1034","2023","RAQ gesichert","RAQ gesichert","PHYLIB 5.3","Makrophyten",NA,"445281","5769246","0",NA,NA,"DELW_DEBB80001582739"
"720","80001582739","Schwielochsee",NA,"1034","2023","RAQ gesichert","RAQ gesichert","PHYLIB 5.3","Diatomeen",NA,"445281","5769246","1",NA,NA,"DELW_DEBB80001582739"
"721","80001582739","Schwielochsee",NA,"80001582739_HM","2014","TP_Saison",NA,"LAWA-TI Gewässerbewertung stehender Gewässer","Chemie (See und FG)",NA,"445145","5765686","117,17",NA,NA,"DELW_DEBB80001582739"
"722","80001582739","Schwielochsee",NA,"1035","2023","Makrophytentyp","Makrophytentyp des Wasserköpers verwendet in der Bewertung der Messstelle (siehe Tabelle WAGUET_OWNER_SCHLUESSEL_WERT_TEXT)","PHYLIB 5.3","Makrophyten",NA,"445899","5770756","TKp - 12",NA,NA,"DELW_DEBB80001582739"
"723","80001582739","Schwielochsee",NA,"1034","2014","Makrophytentyp","Makrophytentyp des Wasserköpers verwendet in der Bewertung der Messstelle (siehe Tabelle WAGUET_OWNER_SCHLUESSEL_WERT_TEXT)","PHYLIB 5.3","Diatomeen",NA,"445281","5769246","TKp - 12",NA,NA,"DELW_DEBB80001582739"
"724","80001582739","Schwielochsee",NA,"80001582739_HM","2020","MST Typ_Nr","PP-Subtyp der bewerteten MST im Jahr der Untersuchung","PhytoSee 7.0 (15.12.2017)","Phytoplankton",NA,"445145","5765686","PP 12",NA,NA,"DELW_DEBB80001582739"
"725","80001582739","Schwielochsee",NA,"1039","2023","WRRL-Fließgewässertyp","WRRL-Fließgewässertyp und -Seetyp verwendet in der Bewertung der Messstelle (siehe Tabelle WAGUET_OWNER_SCHLUESSEL_WERT_TEXT)","PHYLIB 5.3","Diatomeen",NA,"444323","5771900","12",NA,NA,"DELW_DEBB80001582739"
"726","80001582739","Schwielochsee",NA,"1035","2014","vorlaeufigeBewertung","See; Fließgew; vorläufige Bewertung der Messstelle, (FGW - Halobienindex und Versauerung wird nicht berücksichtigt; Seen - TI-Anteil, RAQ-Arten und TI-Anzahl wird nicht berücksichtigt)","PHYLIB 5.3","Diatomeen",NA,"445899","5770756","2",NA,NA,"DELW_DEBB80001582739"
"727","80001582739","Schwielochsee",NA,"1035","2017","I_Arten","Artindex, Teilindex des MIB","MIB 2004","Makrophyten",NA,"445899","5770756","0-2,71",NA,NA,"DELW_DEBB80001582739"
"728","80001582739","Schwielochsee",NA,"1033","2017","I_Arten","Artindex, Teilindex des MIB","MIB 2004","Makrophyten",NA,"446053","5773006","0-2,81",NA,NA,"DELW_DEBB80001582739"
"729","80001582739","Schwielochsee",NA,"80001582739_HM","2014","MST IST_PTSI_WERT","Phytoplankton-Taxa-Seen-Index Ist-Wert im Jahresmittel für die Messstelle","PhytoSee 7.0 (15.12.2017)","Phytoplankton",NA,"445145","5765686","3,4",NA,NA,"DELW_DEBB80001582739"
"730","80001582739","Schwielochsee",NA,"10300011","2017","MIB","Makrophytenindex Brandenburg","nicht bekannt","Makrophyten",NA,"446147","5765092","3,7",NA,NA,"DELW_DEBB80001582739"
"731","80001582739","Schwielochsee",NA,"80001582739_HM","2017","MST Biomasse_Metrik","Metrik Biomasse  für Messstelle und Jahr","PhytoSee 7.0 (15.12.2017)","Phytoplankton",NA,"445145","5765686","3,2",NA,NA,"DELW_DEBB80001582739"
"732","80001582739","Schwielochsee",NA,"1033","2014","Diatomeentyp","Diatomeentyp des Wasserköpers verwendet in der Bewertung der Messstelle (siehe Tabelle WAGUET_OWNER_SCHLUESSEL_WERT_TEXT)","PHYLIB 5.3","Diatomeen",NA,"446053","5773006","DS 12",NA,NA,"DELW_DEBB80001582739"
"733","80001582739","Schwielochsee",NA,"80001582739_HM","2023","ST_Saison",NA,"LAWA-TI Gewässerbewertung stehender Gewässer","Chemie (See und FG)",NA,"445145","5765686","0,9083",NA,NA,"DELW_DEBB80001582739"
"734","80001582739","Schwielochsee",NA,"1034","2008","I_UMG","Index aus der unteren Makrophytengrenze, Teilindex des MIB","MIB 2004","Makrophyten",NA,"445281","5769246","0-1,75",NA,NA,"DELW_DEBB80001582739"
"735","80001582739","Schwielochsee",NA,"80001582739_HM","2005","Chl_Saison",NA,"LAWA-TI Gewässerbewertung stehender Gewässer","Chemie (See und FG)",NA,"445145","5765686","42",NA,NA,"DELW_DEBB80001582739"
"736","80001582739","Schwielochsee",NA,"10300010","2023","Gesamthäufigkeit (prozent) D","Gesamthäufigkeit [%] D","PHYLIB 5.3","Diatomeen",NA,"444516","5765112","100",NA,NA,"DELW_DEBB80001582739"
"737","80001582739","Schwielochsee",NA,"10300010","2023","RAQ gesichert","RAQ gesichert","PHYLIB 5.3","Diatomeen",NA,"444516","5765112","1",NA,NA,"DELW_DEBB80001582739"
"738","80001582739","Schwielochsee",NA,"80001582739_HM","2020","MST Chloro-Bewertung","Bewertung Chloro für Messstelle und Jahr","PhytoSee 7.0 (15.12.2017)","Phytoplankton",NA,"445145","5765686","4,57",NA,NA,"DELW_DEBB80001582739"
"739","80001582739","Schwielochsee",NA,"S_0522","2001","Sichttiefe_Jahesmittel","Sichttiefe_Jahesmittel in m","nicht bekannt","Chemie (See und FG)",NA,NA,NA,"0,4833",NA,NA,"DELW_DEBB80001582739"
"740","80001582739","Schwielochsee",NA,"1031","2014","Diatomeentyp","Diatomeentyp des Wasserköpers verwendet in der Bewertung der Messstelle (siehe Tabelle WAGUET_OWNER_SCHLUESSEL_WERT_TEXT)","PHYLIB 5.3","Diatomeen",NA,"446157","5767362","DS 12",NA,NA,"DELW_DEBB80001582739"
"741","80001582739","Schwielochsee",NA,"10300010","2023","Vegetationsgrenze plausibel","Vegetationsgrenze plausibel","PHYLIB 5.3","Diatomeen",NA,"444516","5765112","true",NA,NA,"DELW_DEBB80001582739"
"742","80001582739","Schwielochsee",NA,"1037","2023","Bewertung (dezimal)","Bewertung (dezimal)","PHYLIB 5.3","Diatomeen",NA,"444932","5766558","1,88",NA,NA,"DELW_DEBB80001582739"
"743","80001582739","Schwielochsee",NA,"80001582739_HM","2023","MST Version-Programm",NA,"PhytoSee Online 8.0.3 (09.04.2024)","Phytoplankton",NA,"445145","5765686","PhytoSee Online 8.0.3, Stand 02.05.2024",NA,NA,"DELW_DEBB80001582739"
"744","80001582739","Schwielochsee",NA,"1033","2020","MMI","Multimetrischer Index","AESHNA (Version Mai 2017)","Makrozoobenthos",NA,"446053","5773006","0,84",NA,NA,"DELW_DEBB80001582739"
"745","80001582739","Schwielochsee",NA,"80001582739_HM","2017","MST Chloro-Bewertung","Bewertung Chloro für Messstelle und Jahr","PhytoSee 7.0 (15.12.2017)","Phytoplankton",NA,"445145","5765686","4,98",NA,NA,"DELW_DEBB80001582739"
"746","80001582739","Schwielochsee",NA,"80001582739_HM","2014","TI_akt","LAWA-Trophieindex","LAWA-TI Gewässerbewertung stehender Gewässer","Chemie (See und FG)",NA,"445145","5765686","3,83",NA,NA,"DELW_DEBB80001582739"
"747","80001582739","Schwielochsee",NA,"80001582739_HM","2020","MST PTSI_Bew","PTSI-Bewertung für Messstelle und Jahr","PhytoSee 7.0 (15.12.2017)","Phytoplankton",NA,"445145","5765686","3,15",NA,NA,"DELW_DEBB80001582739"
"748","80001582739","Schwielochsee",NA,"10300011","2008","Anzahl inidkativer Taxa","Diatomeen Seen","nicht bekannt","Diatomeen",NA,"446147","5765092","9",NA,NA,"DELW_DEBB80001582739"
"749","80001582739","Schwielochsee",NA,"1034","2008","I_Arten","Artindex, Teilindex des MIB","MIB 2004","Makrophyten",NA,"445281","5769246","0-2,53",NA,NA,"DELW_DEBB80001582739"
"750","80001582739","Schwielochsee",NA,"80001582739_HM","2020","TP_Frühjahr_Anzahl",NA,"LAWA-TI Gewässerbewertung stehender Gewässer","Chemie (See und FG)",NA,"445145","5765686","6",NA,NA,"DELW_DEBB80001582739"
"751","80001582739","Schwielochsee",NA,"80001582739_3","2005","Sichttiefe_Saison_Anzahl",NA,"LAWA-TI Gewässerbewertung stehender Gewässer","Chemie (See und FG)",NA,"446002","5769556","6",NA,NA,"DELW_DEBB80001582739"
"752","80001582739","Schwielochsee",NA,"10300010","2023","WRRL-Fließgewässertyp","WRRL-Fließgewässertyp und -Seetyp verwendet in der Bewertung der Messstelle (siehe Tabelle WAGUET_OWNER_SCHLUESSEL_WERT_TEXT)","PHYLIB 5.3","Diatomeen",NA,"444516","5765112","12",NA,NA,"DELW_DEBB80001582739"
"753","80001582739","Schwielochsee",NA,"1038","2023","Teilbewertung Makrophyten","Bewertung der Messstelle (1 bis 5 möglich), bei leeren Feld ist das Ergebnis ungesichert","PHYLIB 5.3","Makrophyten",NA,"443875","5763244","4",NA,NA,"DELW_DEBB80001582739"
"754","80001582739","Schwielochsee",NA,"80001582739_HM","2023","Bewertung Phytoplankton","Bi Phytoplankton ( nach neuer (2009) See-Typzuweisung und Phytosee 4) und Phytofliess","PhytoSee Online 8.0.3 (09.04.2024)","Phytoplankton",NA,"445145","5765686","4",NA,NA,"DELW_DEBB80001582739"
"755","80001582739","Schwielochsee",NA,"1035","2014","M_TILNord / Trophieindex (umger.)","See; Modul Trophie-Index (Wert zwischen 0 und 1)","PHYLIB 5.3","Diatomeen",NA,"445899","5770756","0,657",NA,NA,"DELW_DEBB80001582739"
"756","80001582739","Schwielochsee",NA,"1038","2023","M-sicher","M-sicher","PHYLIB 5.3","Makrophyten",NA,"443875","5763244","true",NA,NA,"DELW_DEBB80001582739"
"757","80001582739","Schwielochsee",NA,"1039","2023","Makrophytenverödung","Makrophytenverödung","PHYLIB 5.3","Makrophyten",NA,"444323","5771900","false",NA,NA,"DELW_DEBB80001582739"
"758","80001582739","Schwielochsee",NA,"80001582739_HM","2014","MST Beprobung konform?","Beprobung methodenkonform oder nicht? für Messstelle und Jahr","PhytoSee 7.0 (15.12.2017)","Phytoplankton",NA,"445145","5765686","ok",NA,NA,"DELW_DEBB80001582739"
"759","80001582739","Schwielochsee",NA,"1039","2014","vorlaeufigeBewertung","See; Fließgew; vorläufige Bewertung der Messstelle, (FGW - Halobienindex und Versauerung wird nicht berücksichtigt; Seen - TI-Anteil, RAQ-Arten und TI-Anzahl wird nicht berücksichtigt)","PHYLIB 5.3","Diatomeen",NA,"444323","5771900","3",NA,NA,"DELW_DEBB80001582739"
"760","80001582739","Schwielochsee",NA,"1038","2023","Zustandsklasse","Zustands-/Potentialklasse","PHYLIB 5.3","Diatomeen",NA,"443875","5763244","3",NA,NA,"DELW_DEBB80001582739"
"761","80001582739","Schwielochsee",NA,"1035","2014","Makrophytentyp","Makrophytentyp des Wasserköpers verwendet in der Bewertung der Messstelle (siehe Tabelle WAGUET_OWNER_SCHLUESSEL_WERT_TEXT)","PHYLIB 5.3","Diatomeen",NA,"445899","5770756","TKp - 12",NA,NA,"DELW_DEBB80001582739"
"762","80001582739","Schwielochsee",NA,"1035","2023","Vegetationsgrenze","Vegetationsgrenze","PHYLIB 5.3","Makrophyten",NA,"445899","5770756","1,6",NA,NA,"DELW_DEBB80001582739"
"763","80001582739","Schwielochsee",NA,"1036","2023","Bewertung (dezimal)","Bewertung (dezimal)","PHYLIB 5.3","Diatomeen",NA,"447144","5770085","2,34",NA,NA,"DELW_DEBB80001582739"
"764","80001582739","Schwielochsee",NA,"1031","2023","Diatomeentyp","Diatomeentyp des Wasserköpers verwendet in der Bewertung der Messstelle (siehe Tabelle WAGUET_OWNER_SCHLUESSEL_WERT_TEXT)","PHYLIB 5.3","Makrophyten",NA,"446157","5767362","DS 12",NA,NA,"DELW_DEBB80001582739"
"765","80001582739","Schwielochsee",NA,"80001582739_HM","2020","MST Gewässerart",NA,"PhytoSee 7.0 (15.12.2017)","Phytoplankton",NA,"445145","5765686","See",NA,NA,"DELW_DEBB80001582739"
"766","80001582739","Schwielochsee",NA,"1035","2023","WRRL-Fließgewässertyp","WRRL-Fließgewässertyp und -Seetyp verwendet in der Bewertung der Messstelle (siehe Tabelle WAGUET_OWNER_SCHLUESSEL_WERT_TEXT)","PHYLIB 5.3","Makrophyten",NA,"445899","5770756","12",NA,NA,"DELW_DEBB80001582739"
"767","80001582739","Schwielochsee",NA,"10300011","2008","M_TILNord / Trophieindex (umger.)","See; Modul Trophie-Index (Wert zwischen 0 und 1)","nicht bekannt","Diatomeen",NA,"446147","5765092","0,48",NA,NA,"DELW_DEBB80001582739"
"768","80001582739","Schwielochsee",NA,"80001582739_HM","2020","MST Gesamtbewertung verbal stufig","PSI verbal  für Messstelle und Jahr","PhytoSee 7.0 (15.12.2017)","Phytoplankton",NA,"445145","5765686","mäßig",NA,NA,"DELW_DEBB80001582739"
"769","80001582739","Schwielochsee",NA,"10300011","2023","WRRL-Fließgewässertyp","WRRL-Fließgewässertyp und -Seetyp verwendet in der Bewertung der Messstelle (siehe Tabelle WAGUET_OWNER_SCHLUESSEL_WERT_TEXT)","PHYLIB 5.3","Diatomeen",NA,"446147","5765092","12",NA,NA,"DELW_DEBB80001582739"
"770","80001582739","Schwielochsee",NA,"80001582739_HM","2023","TP_Frühjahr_Anzahl",NA,"LAWA-TI Gewässerbewertung stehender Gewässer","Chemie (See und FG)",NA,"445145","5765686","6",NA,NA,"DELW_DEBB80001582739"
"771","80001582739","Schwielochsee",NA,"80001582739_HM","2014","MST Chloro-Bewertung","Bewertung Chloro für Messstelle und Jahr","PhytoSee 7.0 (15.12.2017)","Phytoplankton",NA,"445145","5765686","5,05",NA,NA,"DELW_DEBB80001582739"
"772","80001582739","Schwielochsee",NA,"1037","2014","TIL_Nord","See; berechneter Trophie-Index Nord","PHYLIB 5.3","Diatomeen",NA,"444932","5766558","3,22",NA,NA,"DELW_DEBB80001582739"
"773","80001582739","Schwielochsee",NA,"1034","2014","M_TILNord / Trophieindex (umger.)","See; Modul Trophie-Index (Wert zwischen 0 und 1)","PHYLIB 5.3","Diatomeen",NA,"445281","5769246","0,66",NA,NA,"DELW_DEBB80001582739"
"774","80001582739","Schwielochsee",NA,"80001582739_HM","2008","TP_Frühjahr_Anzahl",NA,"LAWA-TI Gewässerbewertung stehender Gewässer","Chemie (See und FG)",NA,"445145","5765686","6",NA,NA,"DELW_DEBB80001582739"
"775","80001582739","Schwielochsee",NA,"80001582739_1","2005","TNb_Sommer","Stickstoffkonz. im Sommer","LAWA-TI Gewässerbewertung stehender Gewässer","Chemie (See und FG)",NA,"444387","5763703","1,25",NA,NA,"DELW_DEBB80001582739"
"776","80001582739","Schwielochsee",NA,"1033","2017","MIB","Makrophytenindex Brandenburg","nicht bekannt","Makrophyten",NA,"446053","5773006","3,67",NA,NA,"DELW_DEBB80001582739"
"777","80001582739","Schwielochsee",NA,"1033","2014","Teilbewertung Diatomeen/Zustands-/Potentialklasse FGW und Seen","FGW, See; Bewertung der Messstelle (1 bis 5 möglich), bei Wert='999' ist das Ergebnis ungesichert; (bei FGW-Halobienindex und Versauerung wird berücksichtigt)","PHYLIB 5.3","Diatomeen",NA,"446053","5773006","3",NA,NA,"DELW_DEBB80001582739"
"778","80001582739","Schwielochsee",NA,"10300012","2020","MMI","Multimetrischer Index","AESHNA (Version Mai 2017)","Makrozoobenthos",NA,"445983","5770601","0,91",NA,NA,"DELW_DEBB80001582739"
"779","80001582739","Schwielochsee",NA,"1038","2023","Vegetationsgrenze plausibel","Vegetationsgrenze plausibel","PHYLIB 5.3","Diatomeen",NA,"443875","5763244","true",NA,NA,"DELW_DEBB80001582739"
"780","80001582739","Schwielochsee",NA,"80001582739_HM","2020","MST PSI Phyto-See-Index","PSI als Zahl für Messstelle und Jahr","PhytoSee 7.0 (15.12.2017)","Phytoplankton",NA,"445145","5765686","3,1",NA,NA,"DELW_DEBB80001582739"
"781","80001582739","Schwielochsee",NA,"1035","2023","Makrophytentyp","Makrophytentyp des Wasserköpers verwendet in der Bewertung der Messstelle (siehe Tabelle WAGUET_OWNER_SCHLUESSEL_WERT_TEXT)","PHYLIB 5.3","Diatomeen",NA,"445899","5770756","TKp - 12",NA,NA,"DELW_DEBB80001582739"
"782","80001582739","Schwielochsee",NA,"10300012","2020","Teilbewertung_QK_MZB","MZB-Gesamtbewertung/ Bi Ben_Inv","AESHNA (Version Mai 2017)","Makrozoobenthos",NA,"445983","5770601","1",NA,NA,"DELW_DEBB80001582739"
"783","80001582739","Schwielochsee",NA,"1031","2023","Vegetationsgrenze plausibel","Vegetationsgrenze plausibel","PHYLIB 5.3","Makrophyten",NA,"446157","5767362","true",NA,NA,"DELW_DEBB80001582739"
"784","80001582739","Schwielochsee",NA,"80001582739_HM","2014","MST Bac_Crypto_S_Bew","Bewertung Bac_Crypto für Messstelle und Jahr","PhytoSee 7.0 (15.12.2017)","Phytoplankton",NA,"445145","5765686","3,71",NA,NA,"DELW_DEBB80001582739"
"785","80001582739","Schwielochsee",NA,"1031","2020","MMI","Multimetrischer Index","AESHNA (Version Mai 2017)","Makrozoobenthos",NA,"446157","5767362","0,86",NA,NA,"DELW_DEBB80001582739"
"786","80001582739","Schwielochsee",NA,"10300015","2020","MMI","Multimetrischer Index","AESHNA (Version Mai 2017)","Makrozoobenthos",NA,"443596","5765106","0,93",NA,NA,"DELW_DEBB80001582739"
"787","80001582739","Schwielochsee",NA,"10300010","2014","WRRL-Fließgewässertyp","WRRL-Fließgewässertyp und -Seetyp verwendet in der Bewertung der Messstelle (siehe Tabelle WAGUET_OWNER_SCHLUESSEL_WERT_TEXT)","PHYLIB 5.3","Diatomeen",NA,"444516","5765112","12",NA,NA,"DELW_DEBB80001582739"
"788","80001582739","Schwielochsee",NA,"1031","2023","Teilbewertung Diatomeen/Zustands-/Potentialklasse FGW und Seen","FGW, See; Bewertung der Messstelle (1 bis 5 möglich), bei Wert='999' ist das Ergebnis ungesichert; (bei FGW-Halobienindex und Versauerung wird berücksichtigt)","PHYLIB 5.3","Diatomeen",NA,"446157","5767362","2",NA,NA,"DELW_DEBB80001582739"
"789","80001582739","Schwielochsee",NA,"80001582739_HM","2014","MST TypPTSI_Ref","PTSI-Referenz für den Typ","PhytoSee 7.0 (15.12.2017)","Phytoplankton",NA,"445145","5765686","2,5",NA,NA,"DELW_DEBB80001582739"
"790","80001582739","Schwielochsee",NA,"1037","2023","WRRL-Fließgewässertyp","WRRL-Fließgewässertyp und -Seetyp verwendet in der Bewertung der Messstelle (siehe Tabelle WAGUET_OWNER_SCHLUESSEL_WERT_TEXT)","PHYLIB 5.3","Makrophyten",NA,"444932","5766558","12",NA,NA,"DELW_DEBB80001582739"
"791","80001582739","Schwielochsee",NA,"1031","2014","vorlaeufigeBewertung","See; Fließgew; vorläufige Bewertung der Messstelle, (FGW - Halobienindex und Versauerung wird nicht berücksichtigt; Seen - TI-Anteil, RAQ-Arten und TI-Anzahl wird nicht berücksichtigt)","PHYLIB 5.3","Diatomeen",NA,"446157","5767362","3",NA,NA,"DELW_DEBB80001582739"
"792","80001582739","Schwielochsee",NA,"80001582739_HM","2023","Chl_Saison_Anzahl",NA,"LAWA-TI Gewässerbewertung stehender Gewässer","Chemie (See und FG)",NA,"445145","5765686","10",NA,NA,"DELW_DEBB80001582739"
"793","80001582739","Schwielochsee",NA,"1036","2023","Makrophytentyp","Makrophytentyp des Wasserköpers verwendet in der Bewertung der Messstelle (siehe Tabelle WAGUET_OWNER_SCHLUESSEL_WERT_TEXT)","PHYLIB 5.3","Makrophyten",NA,"447144","5770085","TKp - 12",NA,NA,"DELW_DEBB80001582739"
"794","80001582739","Schwielochsee",NA,"S_0520","2003","Chl_MW","Jahresmittelwert Chl-a in µg/l","nicht bekannt","Chemie (See und FG)",NA,NA,NA,"107,17",NA,NA,"DELW_DEBB80001582739"
"795","80001582739","Schwielochsee",NA,"S_0520","2002","Chl_MW","Jahresmittelwert Chl-a in µg/l","nicht bekannt","Chemie (See und FG)",NA,NA,NA,"85,5",NA,NA,"DELW_DEBB80001582739"
"796","80001582739","Schwielochsee",NA,"1037","2023","Vegetationsgrenze","Vegetationsgrenze","PHYLIB 5.3","Makrophyten",NA,"444932","5766558","1",NA,NA,"DELW_DEBB80001582739"
"797","80001582739","Schwielochsee",NA,"1035","2023","Vegetationsgrenze plausibel","Vegetationsgrenze plausibel","PHYLIB 5.3","Makrophyten",NA,"445899","5770756","true",NA,NA,"DELW_DEBB80001582739"
"798","80001582739","Schwielochsee",NA,"1031","2023","Makrophytenverödung","Makrophytenverödung","PHYLIB 5.3","Makrophyten",NA,"446157","5767362","false",NA,NA,"DELW_DEBB80001582739"
"799","80001582739","Schwielochsee",NA,"1039","2023","Makrophytenverödung","Makrophytenverödung","PHYLIB 5.3","Diatomeen",NA,"444323","5771900","false",NA,NA,"DELW_DEBB80001582739"
"800","80001582739","Schwielochsee",NA,"80001582739_HM","2014","Chl_Saison",NA,"LAWA-TI Gewässerbewertung stehender Gewässer","Chemie (See und FG)",NA,"445145","5765686","50,55",NA,NA,"DELW_DEBB80001582739"
"801","80001582739","Schwielochsee",NA,"1037","2023","Makrophytentyp","Makrophytentyp des Wasserköpers verwendet in der Bewertung der Messstelle (siehe Tabelle WAGUET_OWNER_SCHLUESSEL_WERT_TEXT)","PHYLIB 5.3","Makrophyten",NA,"444932","5766558","TKp - 12",NA,NA,"DELW_DEBB80001582739"
"802","80001582739","Schwielochsee",NA,"1031","2014","TIL_Nord","See; berechneter Trophie-Index Nord","PHYLIB 5.3","Diatomeen",NA,"446157","5767362","3,14",NA,NA,"DELW_DEBB80001582739"
"803","80001582739","Schwielochsee",NA,"1036","2017","MIB","Makrophytenindex Brandenburg","nicht bekannt","Makrophyten",NA,"447144","5770085","3,73",NA,NA,"DELW_DEBB80001582739"
"804","80001582739","Schwielochsee",NA,"80001582739_3","2005","TI_akt","LAWA-Trophieindex","LAWA-TI Gewässerbewertung stehender Gewässer","Chemie (See und FG)",NA,"446002","5769556","3,71",NA,NA,"DELW_DEBB80001582739"
"805","80001582739","Schwielochsee",NA,"1035","2023","RAQ gesichert","RAQ gesichert","PHYLIB 5.3","Makrophyten",NA,"445899","5770756","0",NA,NA,"DELW_DEBB80001582739"
"806","80001582739","Schwielochsee",NA,"1034","2023","Diatomeentyp","Diatomeentyp des Wasserköpers verwendet in der Bewertung der Messstelle (siehe Tabelle WAGUET_OWNER_SCHLUESSEL_WERT_TEXT)","PHYLIB 5.3","Makrophyten",NA,"445281","5769246","DS 12",NA,NA,"DELW_DEBB80001582739"
"807","80001582739","Schwielochsee",NA,"1037","2023","WRRL-Fließgewässertyp","WRRL-Fließgewässertyp und -Seetyp verwendet in der Bewertung der Messstelle (siehe Tabelle WAGUET_OWNER_SCHLUESSEL_WERT_TEXT)","PHYLIB 5.3","Diatomeen",NA,"444932","5766558","12",NA,NA,"DELW_DEBB80001582739"
"808","80001582739","Schwielochsee",NA,"10300011","2014","WRRL-Fließgewässertyp","WRRL-Fließgewässertyp und -Seetyp verwendet in der Bewertung der Messstelle (siehe Tabelle WAGUET_OWNER_SCHLUESSEL_WERT_TEXT)","PHYLIB 5.3","Diatomeen",NA,"446147","5765092","12",NA,NA,"DELW_DEBB80001582739"
"809","80001582739","Schwielochsee",NA,"1031","2020","Teilbewertung_QK_MZB","MZB-Gesamtbewertung/ Bi Ben_Inv","AESHNA (Version Mai 2017)","Makrozoobenthos",NA,"446157","5767362","1",NA,NA,"DELW_DEBB80001582739"
"810","80001582739","Schwielochsee",NA,"1033","2023","M-sicher","M-sicher","PHYLIB 5.3","Makrophyten",NA,"446053","5773006","true",NA,NA,"DELW_DEBB80001582739"
"811","80001582739","Schwielochsee",NA,"S_0520","2004","Chl_MW","Jahresmittelwert Chl-a in µg/l","nicht bekannt","Chemie (See und FG)",NA,NA,NA,"71",NA,NA,"DELW_DEBB80001582739"
"812","80001582739","Schwielochsee",NA,"1034","2023","Makrophytenverödung","Makrophytenverödung","PHYLIB 5.3","Diatomeen",NA,"445281","5769246","false",NA,NA,"DELW_DEBB80001582739"
"813","80001582739","Schwielochsee",NA,"1038","2017","I_Arten","Artindex, Teilindex des MIB","MIB 2004","Makrophyten",NA,"443875","5763244","0-2,95",NA,NA,"DELW_DEBB80001582739"
"814","80001582739","Schwielochsee",NA,"1038","2023","Zustandsklasse","Zustands-/Potentialklasse","PHYLIB 5.3","Makrophyten",NA,"443875","5763244","4",NA,NA,"DELW_DEBB80001582739"
"815","80001582739","Schwielochsee",NA,"80001582739_HM","2017","Chl_Saison_Anzahl",NA,"LAWA-TI Gewässerbewertung stehender Gewässer","Chemie (See und FG)",NA,"445145","5765686","10",NA,NA,"DELW_DEBB80001582739"
"816","80001582739","Schwielochsee",NA,"1033","2017","I_UMG","Index aus der unteren Makrophytengrenze, Teilindex des MIB","MIB 2004","Makrophyten",NA,"446053","5773006","0-1,9",NA,NA,"DELW_DEBB80001582739"
"817","80001582739","Schwielochsee",NA,"80001582739_1","2005","Chl_Saison",NA,"LAWA-TI Gewässerbewertung stehender Gewässer","Chemie (See und FG)",NA,"444387","5763703","57,65",NA,NA,"DELW_DEBB80001582739"
"818","80001582739","Schwielochsee",NA,"80001582739_HM","2017","ST_Saison",NA,"LAWA-TI Gewässerbewertung stehender Gewässer","Chemie (See und FG)",NA,"445145","5765686","0,9333",NA,NA,"DELW_DEBB80001582739"
"819","80001582739","Schwielochsee",NA,"80001582739_HM","2020","MST IST_PTSI_WERT","Phytoplankton-Taxa-Seen-Index Ist-Wert im Jahresmittel für die Messstelle","PhytoSee 7.0 (15.12.2017)","Phytoplankton",NA,"445145","5765686","3,82",NA,NA,"DELW_DEBB80001582739"
"820","80001582739","Schwielochsee",NA,"1037","2014","Diatomeentyp","Diatomeentyp des Wasserköpers verwendet in der Bewertung der Messstelle (siehe Tabelle WAGUET_OWNER_SCHLUESSEL_WERT_TEXT)","PHYLIB 5.3","Diatomeen",NA,"444932","5766558","DS 12",NA,NA,"DELW_DEBB80001582739"
"821","80001582739","Schwielochsee",NA,"1038","2008","M_RAQ","See; Modul Referenzartenquotien","nicht bekannt","Diatomeen",NA,"443875","5763244","0,4",NA,NA,"DELW_DEBB80001582739"
"822","80001582739","Schwielochsee",NA,"80001582739_HM","2021","Zustandsklasse Begründung","DeLFI","DeLFI","Fische",NA,"445145","5765686","Übereinstimmung der Module",NA,NA,"DELW_DEBB80001582739"
"823","80001582739","Schwielochsee",NA,"10300010","2023","M-sicher","M-sicher","PHYLIB 5.3","Diatomeen",NA,"444516","5765112","false",NA,NA,"DELW_DEBB80001582739"
"824","80001582739","Schwielochsee",NA,"80001582739_HM","2017","MST Typ_Nr","PP-Subtyp der bewerteten MST im Jahr der Untersuchung","PhytoSee 7.0 (15.12.2017)","Phytoplankton",NA,"445145","5765686","PP 12",NA,NA,"DELW_DEBB80001582739"
"825","80001582739","Schwielochsee",NA,"1031","2008","M_RAQ","See; Modul Referenzartenquotien","nicht bekannt","Diatomeen",NA,"446157","5767362","0,22",NA,NA,"DELW_DEBB80001582739"
"826","80001582739","Schwielochsee",NA,"80001582739_HM","2014","Bewertung Phytoplankton","Bi Phytoplankton ( nach neuer (2009) See-Typzuweisung und Phytosee 4) und Phytofliess","PhytoSee 7.0 (15.12.2017)","Phytoplankton",NA,"445145","5765686","3",NA,NA,"DELW_DEBB80001582739"
"827","80001582739","Schwielochsee",NA,"80001582739_HM","2023","MST Gesamtbewertung verbal stufig","PSI verbal  für Messstelle und Jahr","PhytoSee Online 8.0.3 (09.04.2024)","Phytoplankton",NA,"445145","5765686","unbefried.",NA,NA,"DELW_DEBB80001582739"
"828","80001582739","Schwielochsee",NA,"10300010","2014","M_RAQ","See; Modul Referenzartenquotien","PHYLIB 5.3","Diatomeen",NA,"444516","5765112","0",NA,NA,"DELW_DEBB80001582739"
"829","80001582739","Schwielochsee",NA,"10300010","2017","MIB","Makrophytenindex Brandenburg","MIB 2004","Makrophyten",NA,"444516","5765112","3,7",NA,NA,"DELW_DEBB80001582739"
"830","80001582739","Schwielochsee",NA,"80001582739_HM","2023","MST IST_PTSI_WERT","Phytoplankton-Taxa-Seen-Index Ist-Wert im Jahresmittel für die Messstelle","PhytoSee Online 8.0.3 (09.04.2024)","Phytoplankton",NA,"445145","5765686","3,86",NA,NA,"DELW_DEBB80001582739"
"831","80001582739","Schwielochsee",NA,"1039","2023","Vegetationsgrenze plausibel","Vegetationsgrenze plausibel","PHYLIB 5.3","Makrophyten",NA,"444323","5771900","true",NA,NA,"DELW_DEBB80001582739"
"832","80001582739","Schwielochsee",NA,"10300011","2014","Teilbewertung Diatomeen/Zustands-/Potentialklasse FGW und Seen","FGW, See; Bewertung der Messstelle (1 bis 5 möglich), bei Wert='999' ist das Ergebnis ungesichert; (bei FGW-Halobienindex und Versauerung wird berücksichtigt)","PHYLIB 5.3","Diatomeen",NA,"446147","5765092","2",NA,NA,"DELW_DEBB80001582739"
"833","80001582739","Schwielochsee",NA,"1031","2023","Bewertung (dezimal)","Bewertung (dezimal)","PHYLIB 5.3","Makrophyten",NA,"446157","5767362","4,19",NA,NA,"DELW_DEBB80001582739"
"834","80001582739","Schwielochsee",NA,"80001582739_HM","2014","Chl_Saison_Anzahl",NA,"LAWA-TI Gewässerbewertung stehender Gewässer","Chemie (See und FG)",NA,"445145","5765686","10",NA,NA,"DELW_DEBB80001582739"
"835","80001582739","Schwielochsee",NA,"80001582739_HM","2023","Sichttiefe_Saison_Anzahl",NA,"LAWA-TI Gewässerbewertung stehender Gewässer","Chemie (See und FG)",NA,"445145","5765686","6",NA,NA,"DELW_DEBB80001582739"
"836","80001582739","Schwielochsee",NA,"80001582739_HM","2014","MST N_Indikatortaxa","mittlere Anzahl nutzbarer Indikatortaxa","PhytoSee 7.0 (15.12.2017)","Phytoplankton",NA,"445145","5765686","6,5",NA,NA,"DELW_DEBB80001582739"
"837","80001582739","Schwielochsee",NA,"80001582739_HM","2020","MST N_Indikatortaxa","mittlere Anzahl nutzbarer Indikatortaxa","PhytoSee 7.0 (15.12.2017)","Phytoplankton",NA,"445145","5765686","12,67",NA,NA,"DELW_DEBB80001582739"
"838","80001582739","Schwielochsee",NA,"1036","2023","Teilbewertung Diatomeen/Zustands-/Potentialklasse FGW und Seen","FGW, See; Bewertung der Messstelle (1 bis 5 möglich), bei Wert='999' ist das Ergebnis ungesichert; (bei FGW-Halobienindex und Versauerung wird berücksichtigt)","PHYLIB 5.3","Diatomeen",NA,"447144","5770085","2",NA,NA,"DELW_DEBB80001582739"
"839","80001582739","Schwielochsee",NA,"10300011","2017","I_Arten","Artindex, Teilindex des MIB","MIB 2004","Makrophyten",NA,"446147","5765092","0-2,98",NA,NA,"DELW_DEBB80001582739"
"840","80001582739","Schwielochsee",NA,"80001582739_HM","2017","MST Bac_Crypto_S_Bew","Bewertung Bac_Crypto für Messstelle und Jahr","PhytoSee 7.0 (15.12.2017)","Phytoplankton",NA,"445145","5765686","3,01",NA,NA,"DELW_DEBB80001582739"
"841","80001582739","Schwielochsee",NA,"1036","2014","M_TILNord / Trophieindex (umger.)","See; Modul Trophie-Index (Wert zwischen 0 und 1)","PHYLIB 5.3","Diatomeen",NA,"447144","5770085","0,847",NA,NA,"DELW_DEBB80001582739"
"842","80001582739","Schwielochsee",NA,"80001582739_HM","2014","MST Biomasse_Metrik","Metrik Biomasse  für Messstelle und Jahr","PhytoSee 7.0 (15.12.2017)","Phytoplankton",NA,"445145","5765686","3,47",NA,NA,"DELW_DEBB80001582739"
"843","80001582739","Schwielochsee",NA,"1035","2008","M_RAQ","See; Modul Referenzartenquotien","nicht bekannt","Diatomeen",NA,"445899","5770756","0,45",NA,NA,"DELW_DEBB80001582739"
"844","80001582739","Schwielochsee",NA,"1035","2023","RAQ gesichert","RAQ gesichert","PHYLIB 5.3","Diatomeen",NA,"445899","5770756","1",NA,NA,"DELW_DEBB80001582739"
"845","80001582739","Schwielochsee",NA,"80001582739_HM","2005","TNb_Sommer","Stickstoffkonz. im Sommer","LAWA-TI Gewässerbewertung stehender Gewässer","Chemie (See und FG)",NA,"445145","5765686","1,25",NA,NA,"DELW_DEBB80001582739"
"846","80001582739","Schwielochsee",NA,"1037","2023","Teilbewertung Diatomeen/Zustands-/Potentialklasse FGW und Seen","FGW, See; Bewertung der Messstelle (1 bis 5 möglich), bei Wert='999' ist das Ergebnis ungesichert; (bei FGW-Halobienindex und Versauerung wird berücksichtigt)","PHYLIB 5.3","Diatomeen",NA,"444932","5766558","2",NA,NA,"DELW_DEBB80001582739"
"847","80001582739","Schwielochsee",NA,"1033","2023","Teilbewertung Diatomeen/Zustands-/Potentialklasse FGW und Seen","FGW, See; Bewertung der Messstelle (1 bis 5 möglich), bei Wert='999' ist das Ergebnis ungesichert; (bei FGW-Halobienindex und Versauerung wird berücksichtigt)","PHYLIB 5.3","Diatomeen",NA,"446053","5773006","2",NA,NA,"DELW_DEBB80001582739"
"848","80001582739","Schwielochsee",NA,"80001582739_HM","2014","ST_Saison",NA,"LAWA-TI Gewässerbewertung stehender Gewässer","Chemie (See und FG)",NA,"445145","5765686","0,805",NA,NA,"DELW_DEBB80001582739"
"849","80001582739","Schwielochsee",NA,"1035","2023","Vegetationsgrenze","Vegetationsgrenze","PHYLIB 5.3","Diatomeen",NA,"445899","5770756","1",NA,NA,"DELW_DEBB80001582739"
"850","80001582739","Schwielochsee",NA,"1039","2023","WRRL-Fließgewässertyp","WRRL-Fließgewässertyp und -Seetyp verwendet in der Bewertung der Messstelle (siehe Tabelle WAGUET_OWNER_SCHLUESSEL_WERT_TEXT)","PHYLIB 5.3","Makrophyten",NA,"444323","5771900","12",NA,NA,"DELW_DEBB80001582739"
"851","80001582739","Schwielochsee",NA,"1033","2023","Teilbewertung Makrophyten","Bewertung der Messstelle (1 bis 5 möglich), bei leeren Feld ist das Ergebnis ungesichert","PHYLIB 5.3","Makrophyten",NA,"446053","5773006","4",NA,NA,"DELW_DEBB80001582739"
"852","80001582739","Schwielochsee",NA,"1031","2008","M_TILNord / Trophieindex (umger.)","See; Modul Trophie-Index (Wert zwischen 0 und 1)","nicht bekannt","Diatomeen",NA,"446157","5767362","0,7",NA,NA,"DELW_DEBB80001582739"
"853","80001582739","Schwielochsee",NA,"10300011","2014","vorlaeufigeBewertung","See; Fließgew; vorläufige Bewertung der Messstelle, (FGW - Halobienindex und Versauerung wird nicht berücksichtigt; Seen - TI-Anteil, RAQ-Arten und TI-Anzahl wird nicht berücksichtigt)","PHYLIB 5.3","Diatomeen",NA,"446147","5765092","2",NA,NA,"DELW_DEBB80001582739"
"854","80001582739","Schwielochsee",NA,"80001582739_HM","2008","Chl_Saison",NA,"LAWA-TI Gewässerbewertung stehender Gewässer","Chemie (See und FG)",NA,"445145","5765686","72,17",NA,NA,"DELW_DEBB80001582739"
"855","80001582739","Schwielochsee",NA,"80001582739euphot","2008","Chl_MW","Jahresmittelwert Chl-a in µg/l","nicht bekannt","Chemie (See und FG)",NA,NA,NA,"72",NA,NA,"DELW_DEBB80001582739"
"856","80001582739","Schwielochsee",NA,"1039","2023","M-sicher","M-sicher","PHYLIB 5.3","Diatomeen",NA,"444323","5771900","false",NA,NA,"DELW_DEBB80001582739"
"857","80001582739","Schwielochsee",NA,"80001582739_HM","2014","MST PTSI_Bew","PTSI-Bewertung für Messstelle und Jahr","PhytoSee 7.0 (15.12.2017)","Phytoplankton",NA,"445145","5765686","2,3",NA,NA,"DELW_DEBB80001582739"
"858","80001582739","Schwielochsee",NA,"80001582739_HM","2014","PhytoSee MST Expert_MST-PSI","Expertenurteil für Messstelle und Jahr","PhytoSee 7.0 (15.12.2017)","Phytoplankton",NA,"445145","5765686","PSI MST gültig",NA,NA,"DELW_DEBB80001582739"
"859","80001582739","Schwielochsee",NA,"1035","2014","Diatomeentyp","Diatomeentyp des Wasserköpers verwendet in der Bewertung der Messstelle (siehe Tabelle WAGUET_OWNER_SCHLUESSEL_WERT_TEXT)","PHYLIB 5.3","Diatomeen",NA,"445899","5770756","DS 12",NA,NA,"DELW_DEBB80001582739"
"860","80001582739","Schwielochsee",NA,"1038","2014","Diatomeentyp","Diatomeentyp des Wasserköpers verwendet in der Bewertung der Messstelle (siehe Tabelle WAGUET_OWNER_SCHLUESSEL_WERT_TEXT)","PHYLIB 5.3","Diatomeen",NA,"443875","5763244","DS 12",NA,NA,"DELW_DEBB80001582739"
"861","80001582739","Schwielochsee",NA,"80001582739_HM","2023","MST MinvonMonat",NA,"PhytoSee Online 8.0.3 (09.04.2024)","Phytoplankton",NA,"445145","5765686","3",NA,NA,"DELW_DEBB80001582739"
"862","80001582739","Schwielochsee",NA,"1036","2023","Diatomeentyp","Diatomeentyp des Wasserköpers verwendet in der Bewertung der Messstelle (siehe Tabelle WAGUET_OWNER_SCHLUESSEL_WERT_TEXT)","PHYLIB 5.3","Makrophyten",NA,"447144","5770085","DS 12",NA,NA,"DELW_DEBB80001582739"
"863","80001582739","Schwielochsee",NA,"10300015","2020","Teilbewertung_QK_MZB","MZB-Gesamtbewertung/ Bi Ben_Inv","AESHNA (Version Mai 2017)","Makrozoobenthos",NA,"443596","5765106","1",NA,NA,"DELW_DEBB80001582739"
"864","80001582739","Schwielochsee",NA,"1039","2023","Vegetationsgrenze","Vegetationsgrenze","PHYLIB 5.3","Makrophyten",NA,"444323","5771900","1,3",NA,NA,"DELW_DEBB80001582739"
"865","80001582739","Schwielochsee",NA,"1034","2023","Bew. Makrophyten (dezimal)","Bew. Makrophyten (dezimal)","PHYLIB 5.3","Makrophyten",NA,"445281","5769246","3,65",NA,NA,"DELW_DEBB80001582739"
"866","80001582739","Schwielochsee",NA,"S_0521","2004","Sichttiefe_Jahesmittel","Sichttiefe_Jahesmittel in m","nicht bekannt","Chemie (See und FG)",NA,NA,NA,"0,4333",NA,NA,"DELW_DEBB80001582739"
"867","80001582739","Schwielochsee",NA,"10300011","2014","Diatomeentyp","Diatomeentyp des Wasserköpers verwendet in der Bewertung der Messstelle (siehe Tabelle WAGUET_OWNER_SCHLUESSEL_WERT_TEXT)","PHYLIB 5.3","Diatomeen",NA,"446147","5765092","DS 12",NA,NA,"DELW_DEBB80001582739"
"868","80001582739","Schwielochsee",NA,"80001582739_HM","2020","Bewertung Phytoplankton","Bi Phytoplankton ( nach neuer (2009) See-Typzuweisung und Phytosee 4) und Phytofliess","PhytoSee 7.0 (15.12.2017)","Phytoplankton",NA,"445145","5765686","3",NA,NA,"DELW_DEBB80001582739"
"869","80001582739","Schwielochsee",NA,"1035","2014","TIL_Nord","See; berechneter Trophie-Index Nord","PHYLIB 5.3","Diatomeen",NA,"445899","5770756","3,35",NA,NA,"DELW_DEBB80001582739"
"870","80001582739","Schwielochsee",NA,"10300010","2008","M_TILNord / Trophieindex (umger.)","See; Modul Trophie-Index (Wert zwischen 0 und 1)","nicht bekannt","Diatomeen",NA,"444516","5765112","0,44",NA,NA,"DELW_DEBB80001582739"
"871","80001582739","Schwielochsee",NA,"10300011","2017","MIB","Makrophytenindex Brandenburg","MIB 2004","Makrophyten",NA,"446147","5765092","3,7",NA,NA,"DELW_DEBB80001582739"
"872","80001582739","Schwielochsee",NA,"80001582739_HM","2023","TP_Frühjahr",NA,"LAWA-TI Gewässerbewertung stehender Gewässer","Chemie (See und FG)",NA,"445145","5765686","59",NA,NA,"DELW_DEBB80001582739"
"873","80001582739","Schwielochsee",NA,"1031","2014","aerophileArten%","See; Fließgew, sauerstoffliebende Arten in Prozent nach Schaumburg","PHYLIB 5.3","Diatomeen",NA,"446157","5767362","0",NA,NA,"DELW_DEBB80001582739"
"874","80001582739","Schwielochsee",NA,"1036","2023","Makrophytenverödung","Makrophytenverödung","PHYLIB 5.3","Makrophyten",NA,"447144","5770085","false",NA,NA,"DELW_DEBB80001582739"
"875","80001582739","Schwielochsee",NA,"80001582739_HM","2008","TP_Frühjahr",NA,"LAWA-TI Gewässerbewertung stehender Gewässer","Chemie (See und FG)",NA,"445145","5765686","56",NA,NA,"DELW_DEBB80001582739"
"876","80001582739","Schwielochsee",NA,"80001582739_HM","2020","MST N Monate",NA,"PhytoSee 7.0 (15.12.2017)","Phytoplankton",NA,"445145","5765686","6",NA,NA,"DELW_DEBB80001582739"
"877","80001582739","Schwielochsee",NA,"10300010","2023","Makrophytentyp","Makrophytentyp des Wasserköpers verwendet in der Bewertung der Messstelle (siehe Tabelle WAGUET_OWNER_SCHLUESSEL_WERT_TEXT)","PHYLIB 5.3","Diatomeen",NA,"444516","5765112","TKp - 12",NA,NA,"DELW_DEBB80001582739"
"878","80001582739","Schwielochsee",NA,"1031","2008","Teilbewertung Makrophyten","Bewertung der Messstelle (1 bis 5 möglich), bei leeren Feld ist das Ergebnis ungesichert","MIB 2004","Makrophyten",NA,"446157","5767362","3",NA,NA,"DELW_DEBB80001582739"
"879","80001582739","Schwielochsee",NA,"10300011","2023","Vegetationsgrenze","Vegetationsgrenze","PHYLIB 5.3","Diatomeen",NA,"446147","5765092","1",NA,NA,"DELW_DEBB80001582739"
"880","80001582739","Schwielochsee",NA,"1034","2014","aerophileArten%","See; Fließgew, sauerstoffliebende Arten in Prozent nach Schaumburg","PHYLIB 5.3","Diatomeen",NA,"445281","5769246","0",NA,NA,"DELW_DEBB80001582739"
"881","80001582739","Schwielochsee",NA,"1037","2023","Vegetationsgrenze plausibel","Vegetationsgrenze plausibel","PHYLIB 5.3","Diatomeen",NA,"444932","5766558","true",NA,NA,"DELW_DEBB80001582739"
"882","80001582739","Schwielochsee",NA,"S_0520","2000","Sichttiefe_Jahesmittel","Sichttiefe_Jahesmittel in m","nicht bekannt","Chemie (See und FG)",NA,NA,NA,"0,6333",NA,NA,"DELW_DEBB80001582739"
"883","80001582739","Schwielochsee",NA,"1031","2014","M_RAQ","See; Modul Referenzartenquotien","PHYLIB 5.3","Diatomeen",NA,"446157","5767362","0-,33",NA,NA,"DELW_DEBB80001582739"
"884","80001582739","Schwielochsee",NA,"1033","2014","vorlaeufigeBewertung","See; Fließgew; vorläufige Bewertung der Messstelle, (FGW - Halobienindex und Versauerung wird nicht berücksichtigt; Seen - TI-Anteil, RAQ-Arten und TI-Anzahl wird nicht berücksichtigt)","PHYLIB 5.3","Diatomeen",NA,"446053","5773006","3",NA,NA,"DELW_DEBB80001582739"
"885","80001582739","Schwielochsee",NA,"80001582739_HM","2020","MST MaxvonMonat",NA,"PhytoSee 7.0 (15.12.2017)","Phytoplankton",NA,"445145","5765686","9",NA,NA,"DELW_DEBB80001582739"
"886","80001582739","Schwielochsee",NA,"S_0521","2002","Chl_MW","Jahresmittelwert Chl-a in µg/l","nicht bekannt","Chemie (See und FG)",NA,NA,NA,"73,25",NA,NA,"DELW_DEBB80001582739"
"887","80001582739","Schwielochsee",NA,"10300016","2020","MMI","Multimetrischer Index","AESHNA (Version Mai 2017)","Makrozoobenthos",NA,"444754","5767759","0,77",NA,NA,"DELW_DEBB80001582739"
"888","80001582739","Schwielochsee",NA,"1037","2014","vorlaeufigeBewertung","See; Fließgew; vorläufige Bewertung der Messstelle, (FGW - Halobienindex und Versauerung wird nicht berücksichtigt; Seen - TI-Anteil, RAQ-Arten und TI-Anzahl wird nicht berücksichtigt)","PHYLIB 5.3","Diatomeen",NA,"444932","5766558","3",NA,NA,"DELW_DEBB80001582739"
"889","80001582739","Schwielochsee",NA,"1039","2008","M_TILNord / Trophieindex (umger.)","See; Modul Trophie-Index (Wert zwischen 0 und 1)","nicht bekannt","Diatomeen",NA,"444323","5771900","0,5",NA,NA,"DELW_DEBB80001582739"
"890","80001582739","Schwielochsee",NA,"10300011","2023","Teilbewertung Diatomeen/Zustands-/Potentialklasse FGW und Seen","FGW, See; Bewertung der Messstelle (1 bis 5 möglich), bei Wert='999' ist das Ergebnis ungesichert; (bei FGW-Halobienindex und Versauerung wird berücksichtigt)","PHYLIB 5.3","Diatomeen",NA,"446147","5765092","2",NA,NA,"DELW_DEBB80001582739"
"891","80001582739","Schwielochsee",NA,"10300011","2008","MIB","Makrophytenindex Brandenburg","MIB 2004","Makrophyten",NA,"446147","5765092","3,85",NA,NA,"DELW_DEBB80001582739"
"892","80001582739","Schwielochsee",NA,"S_0521","2000","Chl_MW","Jahresmittelwert Chl-a in µg/l","nicht bekannt","Chemie (See und FG)",NA,NA,NA,"97",NA,NA,"DELW_DEBB80001582739"
"893","80001582739","Schwielochsee",NA,"S_0522","2001","Chl_MW","Jahresmittelwert Chl-a in µg/l","nicht bekannt","Chemie (See und FG)",NA,NA,NA,"66,92",NA,NA,"DELW_DEBB80001582739"
"894","80001582739","Schwielochsee",NA,"1037","2023","Gesamthäufigkeit (prozent) D","Gesamthäufigkeit [%] D","PHYLIB 5.3","Makrophyten",NA,"444932","5766558","0",NA,NA,"DELW_DEBB80001582739"
"895","80001582739","Schwielochsee",NA,"6828050","1996","Sichttiefe_Jahesmittel","Sichttiefe_Jahesmittel in m","nicht bekannt","Chemie (See und FG)",NA,NA,NA,"0,55",NA,NA,"DELW_DEBB80001582739"
"896","80001582739","Schwielochsee",NA,"80001582739_HM","2005","Chl_Saison_Anzahl",NA,"LAWA-TI Gewässerbewertung stehender Gewässer","Chemie (See und FG)",NA,"445145","5765686","10",NA,NA,"DELW_DEBB80001582739"
"897","80001582739","Schwielochsee",NA,"1035","2023","Teilbewertung Diatomeen/Zustands-/Potentialklasse FGW und Seen","FGW, See; Bewertung der Messstelle (1 bis 5 möglich), bei Wert='999' ist das Ergebnis ungesichert; (bei FGW-Halobienindex und Versauerung wird berücksichtigt)","PHYLIB 5.3","Diatomeen",NA,"445899","5770756","3",NA,NA,"DELW_DEBB80001582739"
"898","80001582739","Schwielochsee",NA,"1038","2023","Makrophytenverödung","Makrophytenverödung","PHYLIB 5.3","Diatomeen",NA,"443875","5763244","false",NA,NA,"DELW_DEBB80001582739"
"899","80001582739","Schwielochsee",NA,"10300010","2014","Diatomeentyp","Diatomeentyp des Wasserköpers verwendet in der Bewertung der Messstelle (siehe Tabelle WAGUET_OWNER_SCHLUESSEL_WERT_TEXT)","PHYLIB 5.3","Diatomeen",NA,"444516","5765112","DS 12",NA,NA,"DELW_DEBB80001582739"
"900","80001582739","Schwielochsee",NA,"1034","2023","Makrophytentyp","Makrophytentyp des Wasserköpers verwendet in der Bewertung der Messstelle (siehe Tabelle WAGUET_OWNER_SCHLUESSEL_WERT_TEXT)","PHYLIB 5.3","Makrophyten",NA,"445281","5769246","TKp - 12",NA,NA,"DELW_DEBB80001582739"
"901","80001582739","Schwielochsee",NA,"1033","2023","WRRL-Fließgewässertyp","WRRL-Fließgewässertyp und -Seetyp verwendet in der Bewertung der Messstelle (siehe Tabelle WAGUET_OWNER_SCHLUESSEL_WERT_TEXT)","PHYLIB 5.3","Makrophyten",NA,"446053","5773006","12",NA,NA,"DELW_DEBB80001582739"
"902","80001582739","Schwielochsee",NA,"1031","2008","Teilbewertung Diatomeen/Zustands-/Potentialklasse FGW und Seen","FGW, See; Bewertung der Messstelle (1 bis 5 möglich), bei Wert='999' ist das Ergebnis ungesichert; (bei FGW-Halobienindex und Versauerung wird berücksichtigt)","nicht bekannt","Diatomeen",NA,"446157","5767362","3",NA,NA,"DELW_DEBB80001582739"
"903","80001582739","Schwielochsee",NA,"1035","2023","Vegetationsgrenze plausibel","Vegetationsgrenze plausibel","PHYLIB 5.3","Diatomeen",NA,"445899","5770756","true",NA,NA,"DELW_DEBB80001582739"
"904","80001582739","Schwielochsee",NA,"1038","2023","M-sicher","M-sicher","PHYLIB 5.3","Diatomeen",NA,"443875","5763244","false",NA,NA,"DELW_DEBB80001582739"
"905","80001582739","Schwielochsee",NA,"1034","2014","Teilbewertung Diatomeen/Zustands-/Potentialklasse FGW und Seen","FGW, See; Bewertung der Messstelle (1 bis 5 möglich), bei Wert='999' ist das Ergebnis ungesichert; (bei FGW-Halobienindex und Versauerung wird berücksichtigt)","PHYLIB 5.3","Diatomeen",NA,"445281","5769246","2",NA,NA,"DELW_DEBB80001582739"
"906","80001582739","Schwielochsee",NA,"1033","2008","TIL_Nord","See; berechneter Trophie-Index Nord","nicht bekannt","Diatomeen",NA,"446053","5773006","3,33",NA,NA,"DELW_DEBB80001582739"
"907","80001582739","Schwielochsee",NA,"1036","2023","Bew. Makrophyten (dezimal)","Bew. Makrophyten (dezimal)","PHYLIB 5.3","Makrophyten",NA,"447144","5770085","3,64",NA,NA,"DELW_DEBB80001582739"
"908","80001582739","Schwielochsee",NA,"80001582739_HM","2023","MST Chloro-Bewertung","Bewertung Chloro für Messstelle und Jahr","PhytoSee Online 8.0.3 (09.04.2024)","Phytoplankton",NA,"445145","5765686","3,93",NA,NA,"DELW_DEBB80001582739"
"909","80001582739","Schwielochsee",NA,"S_0520","2005","Sichttiefe_Jahesmittel","Sichttiefe_Jahesmittel in m","nicht bekannt","Chemie (See und FG)",NA,NA,NA,"0,675",NA,NA,"DELW_DEBB80001582739"
"910","80001582739","Schwielochsee",NA,"1031","2008","MIB","Makrophytenindex Brandenburg","MIB 2004","Makrophyten",NA,"446157","5767362","3,76",NA,NA,"DELW_DEBB80001582739"
"911","80001582739","Schwielochsee",NA,"80001582739_HM","2023","TI_akt","LAWA-Trophieindex","LAWA-TI Gewässerbewertung stehender Gewässer","Chemie (See und FG)",NA,"445145","5765686","3,89",NA,NA,"DELW_DEBB80001582739"
"912","80001582739","Schwielochsee",NA,"1038","2014","Makrophytentyp","Makrophytentyp des Wasserköpers verwendet in der Bewertung der Messstelle (siehe Tabelle WAGUET_OWNER_SCHLUESSEL_WERT_TEXT)","PHYLIB 5.3","Diatomeen",NA,"443875","5763244","TKp - 12",NA,NA,"DELW_DEBB80001582739"
"913","80001582739","Schwielochsee",NA,"1031","2023","Teilbewertung Makrophyten","Bewertung der Messstelle (1 bis 5 möglich), bei leeren Feld ist das Ergebnis ungesichert","PHYLIB 5.3","Makrophyten",NA,"446157","5767362","4",NA,NA,"DELW_DEBB80001582739"
"914","80001582739","Schwielochsee",NA,"1038","2008","I_Arten","Artindex, Teilindex des MIB","MIB 2004","Makrophyten",NA,"443875","5763244","0-2,53",NA,NA,"DELW_DEBB80001582739"
"915","80001582739","Schwielochsee",NA,"1031","2023","M-sicher","M-sicher","PHYLIB 5.3","Makrophyten",NA,"446157","5767362","true",NA,NA,"DELW_DEBB80001582739"
"916","80001582739","Schwielochsee",NA,"80001582739_3","2005","TP_Frühjahr",NA,"LAWA-TI Gewässerbewertung stehender Gewässer","Chemie (See und FG)",NA,"446002","5769556","48",NA,NA,"DELW_DEBB80001582739"
"917","80001582739","Schwielochsee",NA,"80001582739_HM","2017","Bewertung Phytoplankton","Bi Phytoplankton ( nach neuer (2009) See-Typzuweisung und Phytosee 4) und Phytofliess","PhytoSee 7.0 (15.12.2017)","Phytoplankton",NA,"445145","5765686","3",NA,NA,"DELW_DEBB80001582739"
"918","80001582739","Schwielochsee",NA,"1038","2014","M_TILNord / Trophieindex (umger.)","See; Modul Trophie-Index (Wert zwischen 0 und 1)","PHYLIB 5.3","Diatomeen",NA,"443875","5763244","0,818",NA,NA,"DELW_DEBB80001582739"
"919","80001582739","Schwielochsee",NA,"80001582739_HM","2023","MST Typ_Nr","PP-Subtyp der bewerteten MST im Jahr der Untersuchung","PhytoSee Online 8.0.3 (09.04.2024)","Phytoplankton",NA,"445145","5765686","PP 12",NA,NA,"DELW_DEBB80001582739"
"920","80001582739","Schwielochsee",NA,"80001582739_HM","2017","PhytoSee MST Expert_MST-PSI","Expertenurteil für Messstelle und Jahr","PhytoSee 7.0 (15.12.2017)","Phytoplankton",NA,"445145","5765686","PSI MST gültig",NA,NA,"DELW_DEBB80001582739"
"921","80001582739","Schwielochsee",NA,"1038","2014","M_RAQ","See; Modul Referenzartenquotien","PHYLIB 5.3","Diatomeen",NA,"443875","5763244","0,22",NA,NA,"DELW_DEBB80001582739"
"922","80001582739","Schwielochsee",NA,"80001582739_HM","2020","TP_Saison",NA,"LAWA-TI Gewässerbewertung stehender Gewässer","Chemie (See und FG)",NA,"445145","5765686","173",NA,NA,"DELW_DEBB80001582739"
"923","80001582739","Schwielochsee",NA,"1034","2023","Gesamthäufigkeit (prozent) D","Gesamthäufigkeit [%] D","PHYLIB 5.3","Diatomeen",NA,"445281","5769246","99,99",NA,NA,"DELW_DEBB80001582739"
"924","80001582739","Schwielochsee",NA,"80001582739_HM","2023","MST N Monate",NA,"PhytoSee Online 8.0.3 (09.04.2024)","Phytoplankton",NA,"445145","5765686","6",NA,NA,"DELW_DEBB80001582739"
"925","80001582739","Schwielochsee",NA,"S_0522","2004","Chl_MW","Jahresmittelwert Chl-a in µg/l","nicht bekannt","Chemie (See und FG)",NA,NA,NA,"57,75",NA,NA,"DELW_DEBB80001582739"
"926","80001582739","Schwielochsee",NA,"1033","2014","M_RAQ","See; Modul Referenzartenquotien","PHYLIB 5.3","Diatomeen",NA,"446053","5773006","0-,44",NA,NA,"DELW_DEBB80001582739"
"927","80001582739","Schwielochsee",NA,"80001582739_HM","2023","Chl_Saison",NA,"LAWA-TI Gewässerbewertung stehender Gewässer","Chemie (See und FG)",NA,"445145","5765686","74,57",NA,NA,"DELW_DEBB80001582739"
"928","80001582739","Schwielochsee",NA,"1039","2014","WRRL-Fließgewässertyp","WRRL-Fließgewässertyp und -Seetyp verwendet in der Bewertung der Messstelle (siehe Tabelle WAGUET_OWNER_SCHLUESSEL_WERT_TEXT)","PHYLIB 5.3","Diatomeen",NA,"444323","5771900","12",NA,NA,"DELW_DEBB80001582739"
"929","80001582739","Schwielochsee",NA,"1036","2014","Teilbewertung Diatomeen/Zustands-/Potentialklasse FGW und Seen","FGW, See; Bewertung der Messstelle (1 bis 5 möglich), bei Wert='999' ist das Ergebnis ungesichert; (bei FGW-Halobienindex und Versauerung wird berücksichtigt)","PHYLIB 5.3","Diatomeen",NA,"447144","5770085","2",NA,NA,"DELW_DEBB80001582739"
"930","80001582739","Schwielochsee",NA,"10300011","2017","I_UMG","Index aus der unteren Makrophytengrenze, Teilindex des MIB","MIB 2004","Makrophyten",NA,"446147","5765092","0-1,7",NA,NA,"DELW_DEBB80001582739"
"931","80001582739","Schwielochsee",NA,"1038","2023","RAQ gesichert","RAQ gesichert","PHYLIB 5.3","Makrophyten",NA,"443875","5763244","0",NA,NA,"DELW_DEBB80001582739"
"932","80001582739","Schwielochsee",NA,"80001582739_HM","2017","MST Gesamtbewertung verbal stufig","PSI verbal  für Messstelle und Jahr","PhytoSee 7.0 (15.12.2017)","Phytoplankton",NA,"445145","5765686","mäßig",NA,NA,"DELW_DEBB80001582739"
"933","80001582739","Schwielochsee",NA,"1036","2014","Diatomeentyp","Diatomeentyp des Wasserköpers verwendet in der Bewertung der Messstelle (siehe Tabelle WAGUET_OWNER_SCHLUESSEL_WERT_TEXT)","PHYLIB 5.3","Diatomeen",NA,"447144","5770085","DS 12",NA,NA,"DELW_DEBB80001582739"
"934","80001582739","Schwielochsee",NA,"80001582739_HM","2008","Chl_Saison_Anzahl",NA,"LAWA-TI Gewässerbewertung stehender Gewässer","Chemie (See und FG)",NA,"445145","5765686","10",NA,NA,"DELW_DEBB80001582739"
"935","80001582739","Schwielochsee",NA,"1038","2023","Teilbewertung Diatomeen/Zustands-/Potentialklasse FGW und Seen","FGW, See; Bewertung der Messstelle (1 bis 5 möglich), bei Wert='999' ist das Ergebnis ungesichert; (bei FGW-Halobienindex und Versauerung wird berücksichtigt)","PHYLIB 5.3","Diatomeen",NA,"443875","5763244","3",NA,NA,"DELW_DEBB80001582739"
"936","80001582739","Schwielochsee",NA,"1031","2023","Bew. Makrophyten (dezimal)","Bew. Makrophyten (dezimal)","PHYLIB 5.3","Makrophyten",NA,"446157","5767362","4,19",NA,NA,"DELW_DEBB80001582739"
"937","80001582739","Schwielochsee",NA,"80001582739_HM","2020","MST Maximum Chla µg/l",NA,"PhytoSee 7.0 (15.12.2017)","Phytoplankton",NA,"445145","5765686","118",NA,NA,"DELW_DEBB80001582739"
"938","80001582739","Schwielochsee",NA,"S_0522","2005","Chl_MW","Jahresmittelwert Chl-a in µg/l","nicht bekannt","Chemie (See und FG)",NA,NA,NA,"39,76",NA,NA,"DELW_DEBB80001582739"
"939","80001582739","Schwielochsee",NA,"10300010","2023","Bewertung (dezimal)","Bewertung (dezimal)","PHYLIB 5.3","Diatomeen",NA,"444516","5765112","1,87",NA,NA,"DELW_DEBB80001582739"
"940","80001582739","Schwielochsee",NA,"1039","2023","RAQ gesichert","RAQ gesichert","PHYLIB 5.3","Makrophyten",NA,"444323","5771900","0",NA,NA,"DELW_DEBB80001582739"
"941","80001582739","Schwielochsee",NA,"80001582739_HM","2017","MST N_Indikatortaxa","mittlere Anzahl nutzbarer Indikatortaxa","PhytoSee 7.0 (15.12.2017)","Phytoplankton",NA,"445145","5765686","13,67",NA,NA,"DELW_DEBB80001582739"
"942","80001582739","Schwielochsee",NA,"1036","2014","vorlaeufigeBewertung","See; Fließgew; vorläufige Bewertung der Messstelle, (FGW - Halobienindex und Versauerung wird nicht berücksichtigt; Seen - TI-Anteil, RAQ-Arten und TI-Anzahl wird nicht berücksichtigt)","PHYLIB 5.3","Diatomeen",NA,"447144","5770085","2",NA,NA,"DELW_DEBB80001582739"
"943","80001582739","Schwielochsee",NA,"80001582739_HM","2014","Sichttiefe_Saison_Anzahl",NA,"LAWA-TI Gewässerbewertung stehender Gewässer","Chemie (See und FG)",NA,"445145","5765686","6",NA,NA,"DELW_DEBB80001582739"
"944","80001582739","Schwielochsee",NA,"1038","2023","Bewertung (dezimal)","Bewertung (dezimal)","PHYLIB 5.3","Diatomeen",NA,"443875","5763244","2,51",NA,NA,"DELW_DEBB80001582739"
"945","80001582739","Schwielochsee",NA,"80001582739_HM","2023","TP_Saison",NA,"LAWA-TI Gewässerbewertung stehender Gewässer","Chemie (See und FG)",NA,"445145","5765686","139,17",NA,NA,"DELW_DEBB80001582739"
"946","80001582739","Schwielochsee",NA,"1039","2008","Anzahl inidkativer Taxa","Diatomeen Seen","nicht bekannt","Diatomeen",NA,"444323","5771900","9",NA,NA,"DELW_DEBB80001582739"
"947","80001582739","Schwielochsee",NA,"10300011","2023","Makrophytentyp","Makrophytentyp des Wasserköpers verwendet in der Bewertung der Messstelle (siehe Tabelle WAGUET_OWNER_SCHLUESSEL_WERT_TEXT)","PHYLIB 5.3","Diatomeen",NA,"446147","5765092","TKp - 12",NA,NA,"DELW_DEBB80001582739"
"948","80001582739","Schwielochsee",NA,"1038","2023","WRRL-Fließgewässertyp","WRRL-Fließgewässertyp und -Seetyp verwendet in der Bewertung der Messstelle (siehe Tabelle WAGUET_OWNER_SCHLUESSEL_WERT_TEXT)","PHYLIB 5.3","Makrophyten",NA,"443875","5763244","12",NA,NA,"DELW_DEBB80001582739"
"949","80001582739","Schwielochsee",NA,"1039","2023","Teilbewertung Diatomeen/Zustands-/Potentialklasse FGW und Seen","FGW, See; Bewertung der Messstelle (1 bis 5 möglich), bei Wert='999' ist das Ergebnis ungesichert; (bei FGW-Halobienindex und Versauerung wird berücksichtigt)","PHYLIB 5.3","Diatomeen",NA,"444323","5771900","3",NA,NA,"DELW_DEBB80001582739"
"950","80001582739","Schwielochsee",NA,"80001582739euphot","2008","Bewertung Phytoplankton","Bi Phytoplankton ( nach neuer (2009) See-Typzuweisung und Phytosee 4) und Phytofliess","nicht bekannt","Phytoplankton",NA,NA,NA,"4",NA,NA,"DELW_DEBB80001582739"
"951","80001582739","Schwielochsee",NA,"1033","2023","Makrophytenverödung","Makrophytenverödung","PHYLIB 5.3","Diatomeen",NA,"446053","5773006","false",NA,NA,"DELW_DEBB80001582739"
"952","80001582739","Schwielochsee",NA,"80001582739_HM","2023","MST Gesamtbiovolumen in mm3/l","Gesamtbiovolumen Saison (mm3/l) im Mittel Mittel März - November","PhytoSee Online 8.0.3 (09.04.2024)","Phytoplankton",NA,"445145","5765686","14,7",NA,NA,"DELW_DEBB80001582739"
"953","80001582739","Schwielochsee",NA,"1035","2008","M_TILNord / Trophieindex (umger.)","See; Modul Trophie-Index (Wert zwischen 0 und 1)","nicht bekannt","Diatomeen",NA,"445899","5770756","0,54",NA,NA,"DELW_DEBB80001582739"
"954","80001582739","Schwielochsee",NA,"80001582739_1","2005","TP_Frühjahr",NA,"LAWA-TI Gewässerbewertung stehender Gewässer","Chemie (See und FG)",NA,"444387","5763703","100",NA,NA,"DELW_DEBB80001582739"
"955","80001582739","Schwielochsee",NA,"1033","2023","Diatomeentyp","Diatomeentyp des Wasserköpers verwendet in der Bewertung der Messstelle (siehe Tabelle WAGUET_OWNER_SCHLUESSEL_WERT_TEXT)","PHYLIB 5.3","Diatomeen",NA,"446053","5773006","DS 12",NA,NA,"DELW_DEBB80001582739"
"956","80001582739","Schwielochsee",NA,"1038","2023","Diatomeentyp","Diatomeentyp des Wasserköpers verwendet in der Bewertung der Messstelle (siehe Tabelle WAGUET_OWNER_SCHLUESSEL_WERT_TEXT)","PHYLIB 5.3","Diatomeen",NA,"443875","5763244","DS 12",NA,NA,"DELW_DEBB80001582739"
"957","80001582739","Schwielochsee",NA,"1038","2023","Vegetationsgrenze","Vegetationsgrenze","PHYLIB 5.3","Makrophyten",NA,"443875","5763244","1,4",NA,NA,"DELW_DEBB80001582739"
"958","80001582739","Schwielochsee",NA,"1035","2023","Zustandsklasse","Zustands-/Potentialklasse","PHYLIB 5.3","Makrophyten",NA,"445899","5770756","4",NA,NA,"DELW_DEBB80001582739"
"959","80001582739","Schwielochsee",NA,"80001582739_HM","2008","TP_MW","Mittelwert TP in mg/l (Messergb.)","LAWA-TI Gewässerbewertung stehender Gewässer","Chemie (See und FG)",NA,"445145","5765686","119,08",NA,NA,"DELW_DEBB80001582739"
"960","80001582739","Schwielochsee",NA,"10300011","2023","Zustandsklasse","Zustands-/Potentialklasse","PHYLIB 5.3","Diatomeen",NA,"446147","5765092","2",NA,NA,"DELW_DEBB80001582739"
"961","80001582739","Schwielochsee",NA,"1039","2023","Bew. Makrophyten (dezimal)","Bew. Makrophyten (dezimal)","PHYLIB 5.3","Makrophyten",NA,"444323","5771900","3,85",NA,NA,"DELW_DEBB80001582739"
"962","80001582739","Schwielochsee",NA,"80001582739_HM","2020","MST Diff PTSI-RefTrophie","Differenz zwischen PTSI und Referenztrophiefür Messstelle und Jahr","PhytoSee 7.0 (15.12.2017)","Phytoplankton",NA,"445145","5765686","1,32",NA,NA,"DELW_DEBB80001582739"
"963","80001582739","Schwielochsee",NA,"10300014","2020","MMI","Multimetrischer Index","AESHNA (Version Mai 2017)","Makrozoobenthos",NA,"446676","5769357","0,86",NA,NA,"DELW_DEBB80001582739"
"964","80001582739","Schwielochsee",NA,"1036","2008","Anzahl inidkativer Taxa","Diatomeen Seen","nicht bekannt","Diatomeen",NA,"447144","5770085","12",NA,NA,"DELW_DEBB80001582739"
"965","80001582739","Schwielochsee",NA,"1035","2008","TIL_Nord","See; berechneter Trophie-Index Nord","nicht bekannt","Diatomeen",NA,"445899","5770756","3,13",NA,NA,"DELW_DEBB80001582739"
"966","80001582739","Schwielochsee",NA,"1034","2023","Vegetationsgrenze plausibel","Vegetationsgrenze plausibel","PHYLIB 5.3","Makrophyten",NA,"445281","5769246","true",NA,NA,"DELW_DEBB80001582739"
"967","80001582739","Schwielochsee",NA,"80001582739_HM","2014","MST PTSI H/G","H/G PTSI vom Typ","PhytoSee 7.0 (15.12.2017)","Phytoplankton",NA,"445145","5765686","3",NA,NA,"DELW_DEBB80001582739"
"968","80001582739","Schwielochsee",NA,"1031","2008","I_Arten","Artindex, Teilindex des MIB","MIB 2004","Makrophyten",NA,"446157","5767362","0-3,09",NA,NA,"DELW_DEBB80001582739"
"969","80001582739","Schwielochsee",NA,"10300010","2014","Makrophytentyp","Makrophytentyp des Wasserköpers verwendet in der Bewertung der Messstelle (siehe Tabelle WAGUET_OWNER_SCHLUESSEL_WERT_TEXT)","PHYLIB 5.3","Diatomeen",NA,"444516","5765112","TKp - 12",NA,NA,"DELW_DEBB80001582739"
"970","80001582739","Schwielochsee",NA,"1036","2023","M-sicher","M-sicher","PHYLIB 5.3","Diatomeen",NA,"447144","5770085","false",NA,NA,"DELW_DEBB80001582739"
"971","80001582739","Schwielochsee",NA,"1031","2023","M-sicher","M-sicher","PHYLIB 5.3","Diatomeen",NA,"446157","5767362","false",NA,NA,"DELW_DEBB80001582739"
"972","80001582739","Schwielochsee",NA,"1038","2023","Gesamthäufigkeit (prozent) D","Gesamthäufigkeit [%] D","PHYLIB 5.3","Makrophyten",NA,"443875","5763244","0",NA,NA,"DELW_DEBB80001582739"
"973","80001582739","Schwielochsee",NA,"10300011","2014","aerophileArten%","See; Fließgew, sauerstoffliebende Arten in Prozent nach Schaumburg","PHYLIB 5.3","Diatomeen",NA,"446147","5765092","0",NA,NA,"DELW_DEBB80001582739"
"974","80001582739","Schwielochsee",NA,"1039","2020","MMI","Multimetrischer Index","AESHNA (Version Mai 2017)","Makrozoobenthos",NA,"444323","5771900","0,9",NA,NA,"DELW_DEBB80001582739"
"975","80001582739","Schwielochsee",NA,"1036","2023","Vegetationsgrenze plausibel","Vegetationsgrenze plausibel","PHYLIB 5.3","Makrophyten",NA,"447144","5770085","true",NA,NA,"DELW_DEBB80001582739"
"976","80001582739","Schwielochsee",NA,"1037","2023","Makrophytenverödung","Makrophytenverödung","PHYLIB 5.3","Makrophyten",NA,"444932","5766558","false",NA,NA,"DELW_DEBB80001582739"
"977","80001582739","Schwielochsee",NA,"S_0520","2001","Chl_MW","Jahresmittelwert Chl-a in µg/l","nicht bekannt","Chemie (See und FG)",NA,NA,NA,"91,67",NA,NA,"DELW_DEBB80001582739"
"978","80001582739","Schwielochsee",NA,"S_0522","2005","Sichttiefe_Jahesmittel","Sichttiefe_Jahesmittel in m","nicht bekannt","Chemie (See und FG)",NA,NA,NA,"1,03",NA,NA,"DELW_DEBB80001582739"
"979","80001582739","Schwielochsee",NA,"1038","2017","I_UMG","Index aus der unteren Makrophytengrenze, Teilindex des MIB","MIB 2004","Makrophyten",NA,"443875","5763244","0-1,65",NA,NA,"DELW_DEBB80001582739"
"980","80001582739","Schwielochsee",NA,"80001582739_HM","2020","MST G_Biomasse",NA,"PhytoSee 7.0 (15.12.2017)","Phytoplankton",NA,"445145","5765686","4",NA,NA,"DELW_DEBB80001582739"
"981","80001582739","Schwielochsee",NA,"80001582739_HM","2023","MST G_Biomasse",NA,"PhytoSee Online 8.0.3 (09.04.2024)","Phytoplankton",NA,"445145","5765686","4",NA,NA,"DELW_DEBB80001582739"
"982","80001582739","Schwielochsee",NA,"1038","2014","aerophileArten%","See; Fließgew, sauerstoffliebende Arten in Prozent nach Schaumburg","PHYLIB 5.3","Diatomeen",NA,"443875","5763244","0,59",NA,NA,"DELW_DEBB80001582739"
"983","80001582739","Schwielochsee",NA,"1036","2023","Vegetationsgrenze plausibel","Vegetationsgrenze plausibel","PHYLIB 5.3","Diatomeen",NA,"447144","5770085","true",NA,NA,"DELW_DEBB80001582739"
"984","80001582739","Schwielochsee",NA,"1033","2023","Makrophytentyp","Makrophytentyp des Wasserköpers verwendet in der Bewertung der Messstelle (siehe Tabelle WAGUET_OWNER_SCHLUESSEL_WERT_TEXT)","PHYLIB 5.3","Makrophyten",NA,"446053","5773006","TKp - 12",NA,NA,"DELW_DEBB80001582739"
"985","80001582739","Schwielochsee",NA,"1035","2017","MIB","Makrophytenindex Brandenburg","nicht bekannt","Makrophyten",NA,"445899","5770756","3,76",NA,NA,"DELW_DEBB80001582739"
"986","80001582739","Schwielochsee",NA,"1039","2023","Makrophytentyp","Makrophytentyp des Wasserköpers verwendet in der Bewertung der Messstelle (siehe Tabelle WAGUET_OWNER_SCHLUESSEL_WERT_TEXT)","PHYLIB 5.3","Makrophyten",NA,"444323","5771900","TKp - 12",NA,NA,"DELW_DEBB80001582739"
"987","80001582739","Schwielochsee",NA,"1039","2023","Vegetationsgrenze","Vegetationsgrenze","PHYLIB 5.3","Diatomeen",NA,"444323","5771900","1",NA,NA,"DELW_DEBB80001582739"
"988","80001582739","Schwielochsee",NA,"80001582739_HM","2014","MST Gesamtbewertung verbal stufig","PSI verbal  für Messstelle und Jahr","PhytoSee 7.0 (15.12.2017)","Phytoplankton",NA,"445145","5765686","mäßig",NA,NA,"DELW_DEBB80001582739"
"989","80001582739","Schwielochsee",NA,"80001582739_HM","2017","MST PTSI_Bew","PTSI-Bewertung für Messstelle und Jahr","PhytoSee 7.0 (15.12.2017)","Phytoplankton",NA,"445145","5765686","2,92",NA,NA,"DELW_DEBB80001582739"
"990","80001582739","Schwielochsee",NA,"1031","2023","WRRL-Fließgewässertyp","WRRL-Fließgewässertyp und -Seetyp verwendet in der Bewertung der Messstelle (siehe Tabelle WAGUET_OWNER_SCHLUESSEL_WERT_TEXT)","PHYLIB 5.3","Makrophyten",NA,"446157","5767362","12",NA,NA,"DELW_DEBB80001582739"
"991","80001582739","Schwielochsee",NA,"1036","2023","RAQ gesichert","RAQ gesichert","PHYLIB 5.3","Makrophyten",NA,"447144","5770085","0",NA,NA,"DELW_DEBB80001582739"
"992","80001582739","Schwielochsee",NA,"80001582739_HM","2017","MST TypPTSI_Ref","PTSI-Referenz für den Typ","PhytoSee 7.0 (15.12.2017)","Phytoplankton",NA,"445145","5765686","2,5",NA,NA,"DELW_DEBB80001582739"
"993","80001582739","Schwielochsee",NA,"1036","2023","WRRL-Fließgewässertyp","WRRL-Fließgewässertyp und -Seetyp verwendet in der Bewertung der Messstelle (siehe Tabelle WAGUET_OWNER_SCHLUESSEL_WERT_TEXT)","PHYLIB 5.3","Makrophyten",NA,"447144","5770085","12",NA,NA,"DELW_DEBB80001582739"
"994","80001582739","Schwielochsee",NA,"80001582739_1","2005","Sichttiefe_Saison_Anzahl",NA,"LAWA-TI Gewässerbewertung stehender Gewässer","Chemie (See und FG)",NA,"444387","5763703","6",NA,NA,"DELW_DEBB80001582739"
"995","80001582739","Schwielochsee",NA,"S_0522","2000","Sichttiefe_Jahesmittel","Sichttiefe_Jahesmittel in m","nicht bekannt","Chemie (See und FG)",NA,NA,NA,"0,7275",NA,NA,"DELW_DEBB80001582739"
"996","80001582739","Schwielochsee",NA,"10300011","2023","M-sicher","M-sicher","PHYLIB 5.3","Diatomeen",NA,"446147","5765092","false",NA,NA,"DELW_DEBB80001582739"
"997","80001582739","Schwielochsee",NA,"1033","2014","Teilbewertung Diatomeen, vorläufig/FGW - Ergebnis ohne Salzbelastung & See - vorläufige Bewertung","See, FGW; Bewertung der Messstelle (1 bis 5 möglich), bei Wert='999' ist das Ergebnis ungesichert; Seen - TI-Anteil, RAQ-Arten und TI-Anzahl wird berücksichtigt","PHYLIB 5.3","Diatomeen",NA,"446053","5773006","3",NA,NA,"DELW_DEBB80001582739"
"998","80001582739","Schwielochsee",NA,"80001582739_HM","2014","MST Algenklassen_Metrik","Bewertung anhand des Mittelwertergebnisses aller Einzel-Klassenmetriks je Seentyp unter der Regel: Wenn Bewertungswert <0,5 dann gleich Wert 0,5 oder wenn Bewertungswert >5,5 dann gleich Wert 5,5","PhytoSee 7.0 (15.12.2017)","Phytoplankton",NA,"445145","5765686","4,01",NA,NA,"DELW_DEBB80001582739"
"999","80001582739","Schwielochsee",NA,"1037","2023","Diatomeentyp","Diatomeentyp des Wasserköpers verwendet in der Bewertung der Messstelle (siehe Tabelle WAGUET_OWNER_SCHLUESSEL_WERT_TEXT)","PHYLIB 5.3","Makrophyten",NA,"444932","5766558","DS 12",NA,NA,"DELW_DEBB80001582739"
"1000","80001582739","Schwielochsee",NA,"1036","2023","Diatomeentyp","Diatomeentyp des Wasserköpers verwendet in der Bewertung der Messstelle (siehe Tabelle WAGUET_OWNER_SCHLUESSEL_WERT_TEXT)","PHYLIB 5.3","Diatomeen",NA,"447144","5770085","DS 12",NA,NA,"DELW_DEBB80001582739"
"1001","80001582739","Schwielochsee",NA,"80001582739_HM","2014","MST PSI Phyto-See-Index","PSI als Zahl für Messstelle und Jahr","PhytoSee 7.0 (15.12.2017)","Phytoplankton",NA,"445145","5765686","3,39",NA,NA,"DELW_DEBB80001582739"
"1002","80001582739","Schwielochsee",NA,"1031","2008","TIL_Nord","See; berechneter Trophie-Index Nord","nicht bekannt","Diatomeen",NA,"446157","5767362","2,74",NA,NA,"DELW_DEBB80001582739"
"1003","80001582739","Schwielochsee",NA,"1034","2023","M-sicher","M-sicher","PHYLIB 5.3","Makrophyten",NA,"445281","5769246","false",NA,NA,"DELW_DEBB80001582739"
"1004","80001582739","Schwielochsee",NA,"1035","2017","I_UMG","Index aus der unteren Makrophytengrenze, Teilindex des MIB","MIB 2004","Makrophyten",NA,"445899","5770756","0-1,75",NA,NA,"DELW_DEBB80001582739"
"1005","80001582739","Schwielochsee",NA,"S_0522","2002","Sichttiefe_Jahesmittel","Sichttiefe_Jahesmittel in m","nicht bekannt","Chemie (See und FG)",NA,NA,NA,"0,425",NA,NA,"DELW_DEBB80001582739"
"1006","80001582739","Schwielochsee",NA,"1035","2023","Diatomeentyp","Diatomeentyp des Wasserköpers verwendet in der Bewertung der Messstelle (siehe Tabelle WAGUET_OWNER_SCHLUESSEL_WERT_TEXT)","PHYLIB 5.3","Diatomeen",NA,"445899","5770756","DS 12",NA,NA,"DELW_DEBB80001582739"
"1007","80001582739","Schwielochsee",NA,"80001582739_HM","2023","MST G_Algenklasse",NA,"PhytoSee Online 8.0.3 (09.04.2024)","Phytoplankton",NA,"445145","5765686","3",NA,NA,"DELW_DEBB80001582739"
"1008","80001582739","Schwielochsee",NA,"80001582739_HM","2020","MST Crypto_Cyan_S_Bew","Bewertung Crypto_Cyan für Messstelle und Jahr","PhytoSee 7.0 (15.12.2017)","Phytoplankton",NA,"445145","5765686","1,81",NA,NA,"DELW_DEBB80001582739"
"1009","80001582739","Schwielochsee",NA,"1034","2017","I_UMG","Index aus der unteren Makrophytengrenze, Teilindex des MIB","MIB 2004","Makrophyten",NA,"445281","5769246","0-1,7",NA,NA,"DELW_DEBB80001582739"
"1010","80001582739","Schwielochsee",NA,"1038","2023","Gesamthäufigkeit (prozent) D","Gesamthäufigkeit [%] D","PHYLIB 5.3","Diatomeen",NA,"443875","5763244","99,99",NA,NA,"DELW_DEBB80001582739"
"1011","80001582739","Schwielochsee",NA,"80001582739_HM","2023","MST Crypto_Cyan_S_Bew","Bewertung Crypto_Cyan für Messstelle und Jahr","PhytoSee Online 8.0.3 (09.04.2024)","Phytoplankton",NA,"445145","5765686","2,93",NA,NA,"DELW_DEBB80001582739"
"1012","80001582739","Schwielochsee",NA,"1037","2008","M_RAQ","See; Modul Referenzartenquotien","nicht bekannt","Diatomeen",NA,"444932","5766558","0,44",NA,NA,"DELW_DEBB80001582739"
"1013","80001582739","Schwielochsee",NA,"10300010","2008","M_RAQ","See; Modul Referenzartenquotien","nicht bekannt","Diatomeen",NA,"444516","5765112","0,5",NA,NA,"DELW_DEBB80001582739"
"1014","80001582739","Schwielochsee",NA,"1035","2014","aerophileArten%","See; Fließgew, sauerstoffliebende Arten in Prozent nach Schaumburg","PHYLIB 5.3","Diatomeen",NA,"445899","5770756","0",NA,NA,"DELW_DEBB80001582739"
"1015","80001582739","Schwielochsee",NA,"10300010","2023","Teilbewertung Diatomeen/Zustands-/Potentialklasse FGW und Seen","FGW, See; Bewertung der Messstelle (1 bis 5 möglich), bei Wert='999' ist das Ergebnis ungesichert; (bei FGW-Halobienindex und Versauerung wird berücksichtigt)","PHYLIB 5.3","Diatomeen",NA,"444516","5765112","2",NA,NA,"DELW_DEBB80001582739"
"1016","80001582739","Schwielochsee",NA,"80001582739_HM","2017","TP_Frühjahr_Anzahl",NA,"LAWA-TI Gewässerbewertung stehender Gewässer","Chemie (See und FG)",NA,"445145","5765686","6",NA,NA,"DELW_DEBB80001582739"
"1017","80001582739","Schwielochsee",NA,"1035","2023","M-sicher","M-sicher","PHYLIB 5.3","Makrophyten",NA,"445899","5770756","true",NA,NA,"DELW_DEBB80001582739"
"1018","80001582739","Schwielochsee",NA,"S_0521","2001","Sichttiefe_Jahesmittel","Sichttiefe_Jahesmittel in m","nicht bekannt","Chemie (See und FG)",NA,NA,NA,"0,35",NA,NA,"DELW_DEBB80001582739"
"1019","80001582739","Schwielochsee",NA,"1037","2014","Teilbewertung Diatomeen/Zustands-/Potentialklasse FGW und Seen","FGW, See; Bewertung der Messstelle (1 bis 5 möglich), bei Wert='999' ist das Ergebnis ungesichert; (bei FGW-Halobienindex und Versauerung wird berücksichtigt)","PHYLIB 5.3","Diatomeen",NA,"444932","5766558","3",NA,NA,"DELW_DEBB80001582739"
"1020","80001582739","Schwielochsee",NA,"1033","2014","TIL_Nord","See; berechneter Trophie-Index Nord","PHYLIB 5.3","Diatomeen",NA,"446053","5773006","3,09",NA,NA,"DELW_DEBB80001582739"
"1021","80001582739","Schwielochsee",NA,"10300010","2014","vorlaeufigeBewertung","See; Fließgew; vorläufige Bewertung der Messstelle, (FGW - Halobienindex und Versauerung wird nicht berücksichtigt; Seen - TI-Anteil, RAQ-Arten und TI-Anzahl wird nicht berücksichtigt)","PHYLIB 5.3","Diatomeen",NA,"444516","5765112","2",NA,NA,"DELW_DEBB80001582739"
"1022","80001582739","Schwielochsee",NA,"1037","2023","Bewertung (dezimal)","Bewertung (dezimal)","PHYLIB 5.3","Makrophyten",NA,"444932","5766558","4,26",NA,NA,"DELW_DEBB80001582739"
"1023","80001582739","Schwielochsee",NA,"10300011","2023","Gesamthäufigkeit (prozent) D","Gesamthäufigkeit [%] D","PHYLIB 5.3","Diatomeen",NA,"446147","5765092","100",NA,NA,"DELW_DEBB80001582739"
"1024","80001582739","Schwielochsee",NA,"1039","2023","Vegetationsgrenze plausibel","Vegetationsgrenze plausibel","PHYLIB 5.3","Diatomeen",NA,"444323","5771900","true",NA,NA,"DELW_DEBB80001582739"
"1025","80001582739","Schwielochsee",NA,"S_0521","2002","Sichttiefe_Jahesmittel","Sichttiefe_Jahesmittel in m","nicht bekannt","Chemie (See und FG)",NA,NA,NA,"0,4375",NA,NA,"DELW_DEBB80001582739"
"1026","80001582739","Schwielochsee",NA,"80001582739_3","2005","TP_Frühjahr_Anzahl",NA,"LAWA-TI Gewässerbewertung stehender Gewässer","Chemie (See und FG)",NA,"446002","5769556","6",NA,NA,"DELW_DEBB80001582739"
"1027","80001582739","Schwielochsee",NA,"10300011","2014","TIL_Nord","See; berechneter Trophie-Index Nord","PHYLIB 5.3","Diatomeen",NA,"446147","5765092","2",NA,NA,"DELW_DEBB80001582739"
"1028","80001582739","Schwielochsee",NA,"1031","2014","WRRL-Fließgewässertyp","WRRL-Fließgewässertyp und -Seetyp verwendet in der Bewertung der Messstelle (siehe Tabelle WAGUET_OWNER_SCHLUESSEL_WERT_TEXT)","PHYLIB 5.3","Diatomeen",NA,"446157","5767362","12",NA,NA,"DELW_DEBB80001582739"
"1029","80001582739","Schwielochsee",NA,"1037","2008","Teilbewertung Diatomeen/Zustands-/Potentialklasse FGW und Seen","FGW, See; Bewertung der Messstelle (1 bis 5 möglich), bei Wert='999' ist das Ergebnis ungesichert; (bei FGW-Halobienindex und Versauerung wird berücksichtigt)","nicht bekannt","Diatomeen",NA,"444932","5766558","3",NA,NA,"DELW_DEBB80001582739"
"1030","80001582739","Schwielochsee",NA,"1031","2023","Zustandsklasse","Zustands-/Potentialklasse","PHYLIB 5.3","Diatomeen",NA,"446157","5767362","2",NA,NA,"DELW_DEBB80001582739"
"1031","80001582739","Schwielochsee",NA,"80001582739_HM","2023","MST MaxvonMonat",NA,"PhytoSee Online 8.0.3 (09.04.2024)","Phytoplankton",NA,"445145","5765686","9",NA,NA,"DELW_DEBB80001582739"
"1032","80001582739","Schwielochsee",NA,"1034","2014","Teilbewertung Diatomeen, vorläufig/FGW - Ergebnis ohne Salzbelastung & See - vorläufige Bewertung","See, FGW; Bewertung der Messstelle (1 bis 5 möglich), bei Wert='999' ist das Ergebnis ungesichert; Seen - TI-Anteil, RAQ-Arten und TI-Anzahl wird berücksichtigt","PHYLIB 5.3","Diatomeen",NA,"445281","5769246","2",NA,NA,"DELW_DEBB80001582739"
"1033","80001582739","Schwielochsee",NA,"1034","2014","Diatomeentyp","Diatomeentyp des Wasserköpers verwendet in der Bewertung der Messstelle (siehe Tabelle WAGUET_OWNER_SCHLUESSEL_WERT_TEXT)","PHYLIB 5.3","Diatomeen",NA,"445281","5769246","DS 12",NA,NA,"DELW_DEBB80001582739"
"1034","80001582739","Schwielochsee",NA,"80001582739_HM","2005","TP_Saison",NA,"LAWA-TI Gewässerbewertung stehender Gewässer","Chemie (See und FG)",NA,"445145","5765686","161,25",NA,NA,"DELW_DEBB80001582739"
"1035","80001582739","Schwielochsee",NA,"S_0520","2005","Chl_MW","Jahresmittelwert Chl-a in µg/l","nicht bekannt","Chemie (See und FG)",NA,NA,NA,"36,73",NA,NA,"DELW_DEBB80001582739"
"1036","80001582739","Schwielochsee",NA,"1033","2023","Zustandsklasse","Zustands-/Potentialklasse","PHYLIB 5.3","Makrophyten",NA,"446053","5773006","4",NA,NA,"DELW_DEBB80001582739"
"1037","80001582739","Schwielochsee",NA,"1036","2014","WRRL-Fließgewässertyp","WRRL-Fließgewässertyp und -Seetyp verwendet in der Bewertung der Messstelle (siehe Tabelle WAGUET_OWNER_SCHLUESSEL_WERT_TEXT)","PHYLIB 5.3","Diatomeen",NA,"447144","5770085","12",NA,NA,"DELW_DEBB80001582739"
"1038","80001582739","Schwielochsee",NA,"1039","2014","M_RAQ","See; Modul Referenzartenquotien","PHYLIB 5.3","Diatomeen",NA,"444323","5771900","0-,78",NA,NA,"DELW_DEBB80001582739"
"1039","80001582739","Schwielochsee",NA,"1033","2014","M_TILNord / Trophieindex (umger.)","See; Modul Trophie-Index (Wert zwischen 0 und 1)","PHYLIB 5.3","Diatomeen",NA,"446053","5773006","0,759",NA,NA,"DELW_DEBB80001582739"
"1040","80001582739","Schwielochsee",NA,"1034","2014","vorlaeufigeBewertung","See; Fließgew; vorläufige Bewertung der Messstelle, (FGW - Halobienindex und Versauerung wird nicht berücksichtigt; Seen - TI-Anteil, RAQ-Arten und TI-Anzahl wird nicht berücksichtigt)","PHYLIB 5.3","Diatomeen",NA,"445281","5769246","2",NA,NA,"DELW_DEBB80001582739"
"1041","80001582739","Schwielochsee",NA,"1038","2017","MIB","Makrophytenindex Brandenburg","MIB 2004","Makrophyten",NA,"443875","5763244","3,74",NA,NA,"DELW_DEBB80001582739"
"1042","80001582739","Schwielochsee",NA,"80001582739_HM","2008","TI_akt","LAWA-Trophieindex","LAWA-TI Gewässerbewertung stehender Gewässer","Chemie (See und FG)",NA,"445145","5765686","4",NA,NA,"DELW_DEBB80001582739"
"1043","80001582739","Schwielochsee",NA,"1034","2023","Makrophytentyp","Makrophytentyp des Wasserköpers verwendet in der Bewertung der Messstelle (siehe Tabelle WAGUET_OWNER_SCHLUESSEL_WERT_TEXT)","PHYLIB 5.3","Diatomeen",NA,"445281","5769246","TKp - 12",NA,NA,"DELW_DEBB80001582739"
"1044","80001582739","Schwielochsee",NA,"1035","2017","MIB","Makrophytenindex Brandenburg","MIB 2004","Makrophyten",NA,"445899","5770756","3,76",NA,NA,"DELW_DEBB80001582739"
"1045","80001582739","Schwielochsee",NA,"1039","2023","Teilbewertung Makrophyten","Bewertung der Messstelle (1 bis 5 möglich), bei leeren Feld ist das Ergebnis ungesichert","PHYLIB 5.3","Makrophyten",NA,"444323","5771900","4",NA,NA,"DELW_DEBB80001582739"
"1046","80001582739","Schwielochsee",NA,"1038","2008","Teilbewertung Makrophyten","Bewertung der Messstelle (1 bis 5 möglich), bei leeren Feld ist das Ergebnis ungesichert","MIB 2004","Makrophyten",NA,"443875","5763244","3",NA,NA,"DELW_DEBB80001582739"
"1047","80001582739","Schwielochsee",NA,"1035","2014","Teilbewertung Diatomeen/Zustands-/Potentialklasse FGW und Seen","FGW, See; Bewertung der Messstelle (1 bis 5 möglich), bei Wert='999' ist das Ergebnis ungesichert; (bei FGW-Halobienindex und Versauerung wird berücksichtigt)","PHYLIB 5.3","Diatomeen",NA,"445899","5770756","2",NA,NA,"DELW_DEBB80001582739"
"1048","80001582739","Schwielochsee",NA,"1036","2008","TIL_Nord","See; berechneter Trophie-Index Nord","nicht bekannt","Diatomeen",NA,"447144","5770085","2,9",NA,NA,"DELW_DEBB80001582739"
"1049","80001582739","Schwielochsee",NA,"80001582739_3","2005","ST_Saison",NA,"LAWA-TI Gewässerbewertung stehender Gewässer","Chemie (See und FG)",NA,"446002","5769556","0,75",NA,NA,"DELW_DEBB80001582739"
"1050","80001582739","Schwielochsee",NA,"80001582739_HM","2008","ST_Saison",NA,"LAWA-TI Gewässerbewertung stehender Gewässer","Chemie (See und FG)",NA,"445145","5765686","0,725",NA,NA,"DELW_DEBB80001582739"
"1051","80001582739","Schwielochsee",NA,"S_0521","2000","Sichttiefe_Jahesmittel","Sichttiefe_Jahesmittel in m","nicht bekannt","Chemie (See und FG)",NA,NA,NA,"0,6667",NA,NA,"DELW_DEBB80001582739"
"1052","80001582739","Schwielochsee",NA,"1037","2023","Diatomeentyp","Diatomeentyp des Wasserköpers verwendet in der Bewertung der Messstelle (siehe Tabelle WAGUET_OWNER_SCHLUESSEL_WERT_TEXT)","PHYLIB 5.3","Diatomeen",NA,"444932","5766558","DS 12",NA,NA,"DELW_DEBB80001582739"
"1053","80001582739","Schwielochsee",NA,"1035","2023","M-sicher","M-sicher","PHYLIB 5.3","Diatomeen",NA,"445899","5770756","false",NA,NA,"DELW_DEBB80001582739"
"1054","80001582739","Schwielochsee",NA,"80001582739_HM","2008","TNb_Sommer","Stickstoffkonz. im Sommer","LAWA-TI Gewässerbewertung stehender Gewässer","Chemie (See und FG)",NA,"445145","5765686","1,17",NA,NA,"DELW_DEBB80001582739"
"1055","80001582739","Schwielochsee",NA,"1034","2017","MIB","Makrophytenindex Brandenburg","nicht bekannt","Makrophyten",NA,"445281","5769246","3,89",NA,NA,"DELW_DEBB80001582739"
"1056","80001582739","Schwielochsee",NA,"1039","2014","Makrophytentyp","Makrophytentyp des Wasserköpers verwendet in der Bewertung der Messstelle (siehe Tabelle WAGUET_OWNER_SCHLUESSEL_WERT_TEXT)","PHYLIB 5.3","Diatomeen",NA,"444323","5771900","TKp - 12",NA,NA,"DELW_DEBB80001582739"
"1057","80001582739","Schwielochsee",NA,"1033","2008","I_UMG","Index aus der unteren Makrophytengrenze, Teilindex des MIB","MIB 2004","Makrophyten",NA,"446053","5773006","0-1,65",NA,NA,"DELW_DEBB80001582739"
"1058","80001582739","Schwielochsee",NA,"1038","2023","Makrophytenverödung","Makrophytenverödung","PHYLIB 5.3","Makrophyten",NA,"443875","5763244","false",NA,NA,"DELW_DEBB80001582739"
"1059","80001582739","Schwielochsee",NA,"1039","2023","Diatomeentyp","Diatomeentyp des Wasserköpers verwendet in der Bewertung der Messstelle (siehe Tabelle WAGUET_OWNER_SCHLUESSEL_WERT_TEXT)","PHYLIB 5.3","Diatomeen",NA,"444323","5771900","DS 12",NA,NA,"DELW_DEBB80001582739"
"1060","80001582739","Schwielochsee",NA,"1034","2023","WRRL-Fließgewässertyp","WRRL-Fließgewässertyp und -Seetyp verwendet in der Bewertung der Messstelle (siehe Tabelle WAGUET_OWNER_SCHLUESSEL_WERT_TEXT)","PHYLIB 5.3","Makrophyten",NA,"445281","5769246","12",NA,NA,"DELW_DEBB80001582739"
"1061","80001582739","Schwielochsee",NA,"1037","2014","M_RAQ","See; Modul Referenzartenquotien","PHYLIB 5.3","Diatomeen",NA,"444932","5766558","0-,33",NA,NA,"DELW_DEBB80001582739"
"1062","80001582739","Schwielochsee",NA,"80001582739_HM","2014","TP_Frühjahr_Anzahl",NA,"LAWA-TI Gewässerbewertung stehender Gewässer","Chemie (See und FG)",NA,"445145","5765686","6",NA,NA,"DELW_DEBB80001582739"
"1063","80001582739","Schwielochsee",NA,"80001582739_HM","2021","Teilbewertung Fische","Ökologische Zustandsklasse","DeLFI","Fische",NA,"445145","5765686","mäßig",NA,NA,"DELW_DEBB80001582739"
"1064","80001582739","Schwielochsee",NA,"1031","2023","Vegetationsgrenze","Vegetationsgrenze","PHYLIB 5.3","Makrophyten",NA,"446157","5767362","0,9",NA,NA,"DELW_DEBB80001582739"
"1065","80001582739","Schwielochsee",NA,"1031","2023","Bewertung (dezimal)","Bewertung (dezimal)","PHYLIB 5.3","Diatomeen",NA,"446157","5767362","1,91",NA,NA,"DELW_DEBB80001582739"
"1066","800015828419","Scharmützelsee",NA,"841","2014","Teilbewertung Diatomeen/Zustands-/Potentialklasse FGW und Seen","FGW, See; Bewertung der Messstelle (1 bis 5 möglich), bei Wert='999' ist das Ergebnis ungesichert; (bei FGW-Halobienindex und Versauerung wird berücksichtigt)","PHYLIB 5.3","Diatomeen",NA,"436560","5789932","999",999,"
Gewässertyp = DS 13.2 [1013] und Häufigkeitssumme der indikativen Taxa < 60% --> Modul Diatomeen nicht gesichert; mehr als 50% ungesicherter Transekte","DELW_DEBB800015828419"
"1067","800015828419","Scharmützelsee",NA,"842","2014","Teilbewertung Diatomeen/Zustands-/Potentialklasse FGW und Seen","FGW, See; Bewertung der Messstelle (1 bis 5 möglich), bei Wert='999' ist das Ergebnis ungesichert; (bei FGW-Halobienindex und Versauerung wird berücksichtigt)","PHYLIB 5.3","Diatomeen",NA,"434745","5786833","999",999,"
Gewässertyp = DS 13.2 [1013] und Häufigkeitssumme der indikativen Taxa < 60% --> Modul Diatomeen nicht gesichert; mehr als 50% ungesicherter Transekte","DELW_DEBB800015828419"
"1068","800015828419","Scharmützelsee",NA,"843","2014","Teilbewertung Diatomeen/Zustands-/Potentialklasse FGW und Seen","FGW, See; Bewertung der Messstelle (1 bis 5 möglich), bei Wert='999' ist das Ergebnis ungesichert; (bei FGW-Halobienindex und Versauerung wird berücksichtigt)","PHYLIB 5.3","Diatomeen",NA,"432922","5784672","999",999,"
Gewässertyp = DS 13.2 [1013] und Häufigkeitssumme der indikativen Taxa < 60% --> Modul Diatomeen nicht gesichert; mehr als 50% ungesicherter Transekte","DELW_DEBB800015828419"
"1069","800015828419","Scharmützelsee",NA,"844","2014","Teilbewertung Diatomeen/Zustands-/Potentialklasse FGW und Seen","FGW, See; Bewertung der Messstelle (1 bis 5 möglich), bei Wert='999' ist das Ergebnis ungesichert; (bei FGW-Halobienindex und Versauerung wird berücksichtigt)","PHYLIB 5.3","Diatomeen",NA,"433294","5786834","999",999,"
Gewässertyp = DS 13.2 [1013] und Häufigkeitssumme der indikativen Taxa < 60% --> Modul Diatomeen nicht gesichert; mehr als 50% ungesicherter Transekte","DELW_DEBB800015828419"
"1070","800015828419","Scharmützelsee",NA,"845","2014","Teilbewertung Diatomeen/Zustands-/Potentialklasse FGW und Seen","FGW, See; Bewertung der Messstelle (1 bis 5 möglich), bei Wert='999' ist das Ergebnis ungesichert; (bei FGW-Halobienindex und Versauerung wird berücksichtigt)","PHYLIB 5.3","Diatomeen",NA,"435113","5790286","999",999,"
Gewässertyp = DS 13.2 [1013] und Häufigkeitssumme der indikativen Taxa < 60% --> Modul Diatomeen nicht gesichert; mehr als 50% ungesicherter Transekte","DELW_DEBB800015828419"
"1071","800015828419","Scharmützelsee",NA,"848","2014","Teilbewertung Diatomeen/Zustands-/Potentialklasse FGW und Seen","FGW, See; Bewertung der Messstelle (1 bis 5 möglich), bei Wert='999' ist das Ergebnis ungesichert; (bei FGW-Halobienindex und Versauerung wird berücksichtigt)","PHYLIB 5.3","Diatomeen",NA,"434424","5788607","999",999,"
Gewässertyp = DS 13.2 [1013] und Häufigkeitssumme der indikativen Taxa < 60% --> Modul Diatomeen nicht gesichert; mehr als 50% ungesicherter Transekte","DELW_DEBB800015828419"
"1072","800015828419","Scharmützelsee",NA,"846","2014","Teilbewertung Diatomeen/Zustands-/Potentialklasse FGW und Seen","FGW, See; Bewertung der Messstelle (1 bis 5 möglich), bei Wert='999' ist das Ergebnis ungesichert; (bei FGW-Halobienindex und Versauerung wird berücksichtigt)","PHYLIB 5.3","Diatomeen",NA,"435585","5793247","3",999,"
mehr als 50% ungesicherter Transekte","DELW_DEBB800015828419"
"1073","800015828419","Scharmützelsee",NA,"847","2014","Teilbewertung Diatomeen/Zustands-/Potentialklasse FGW und Seen","FGW, See; Bewertung der Messstelle (1 bis 5 möglich), bei Wert='999' ist das Ergebnis ungesichert; (bei FGW-Halobienindex und Versauerung wird berücksichtigt)","PHYLIB 5.3","Diatomeen",NA,"436233","5788720","3",999,"
mehr als 50% ungesicherter Transekte","DELW_DEBB800015828419"
"1074","800015828419","Scharmützelsee",NA,"843","2014","Teilbewertung Diatomeen, vorläufig/FGW - Ergebnis ohne Salzbelastung & See - vorläufige Bewertung","See, FGW; Bewertung der Messstelle (1 bis 5 möglich), bei Wert='999' ist das Ergebnis ungesichert; Seen - TI-Anteil, RAQ-Arten und TI-Anzahl wird berücksichtigt","PHYLIB 5.3","Diatomeen",NA,"432922","5784672","999",NA,NA,"DELW_DEBB800015828419"
"1075","800015828419","Scharmützelsee",NA,"848","2023","Gesamthäufigkeit (prozent) D","Gesamthäufigkeit [%] D","PHYLIB 5.3","Makrophyten",NA,"434424","5788607","0",NA,NA,"DELW_DEBB800015828419"
"1076","800015828419","Scharmützelsee",NA,"846","2006","Anzahl inidkativer Taxa","Diatomeen Seen","nicht bekannt","Diatomeen",NA,"435585","5793247","15",NA,NA,"DELW_DEBB800015828419"
"1077","800015828419","Scharmützelsee",NA,"846","2023","Zustandsklasse","Zustands-/Potentialklasse","PHYLIB 5.3","Diatomeen",NA,"435585","5793247","3",NA,NA,"DELW_DEBB800015828419"
"1078","800015828419","Scharmützelsee",NA,"847","2023","Gesamthäufigkeit (prozent) D","Gesamthäufigkeit [%] D","PHYLIB 5.3","Diatomeen",NA,"436233","5788720","100,01",NA,NA,"DELW_DEBB800015828419"
"1079","800015828419","Scharmützelsee",NA,"843","2023","Zustandsklasse","Zustands-/Potentialklasse","PHYLIB 5.3","Diatomeen",NA,"432922","5784672","3",NA,NA,"DELW_DEBB800015828419"
"1080","800015828419","Scharmützelsee",NA,"847","2023","Bewertung (dezimal)","Bewertung (dezimal)","PHYLIB 5.3","Makrophyten",NA,"436233","5788720","2,5",NA,NA,"DELW_DEBB800015828419"
"1081","800015828419","Scharmützelsee",NA,"800015828419_HM","2023","MST DiProf_Bew","DiProf-Bewertung für Messstelle und Jahr","PhytoSee Online 8.0.3 (09.04.2024)","Phytoplankton",NA,"433268","5785615","2,4",NA,NA,"DELW_DEBB800015828419"
"1082","800015828419","Scharmützelsee",NA,"843","2007","I_Arten","Artindex, Teilindex des MIB","MIB 2004","Makrophyten",NA,"432922","5784672","0-4,02",NA,NA,"DELW_DEBB800015828419"
"1083","800015828419","Scharmützelsee",NA,"800015828419_HM","2010","MST Dino_Cyano-Bewertung","Bewertung Dino_Cyano für Messstelle und Jahr","PhytoSee 7.0 (15.12.2017)","Phytoplankton",NA,"433268","5785615","2,02",NA,NA,"DELW_DEBB800015828419"
"1084","800015828419","Scharmützelsee",NA,"800015828419_HM","2017","MST Dino_Cyano-Bewertung","Bewertung Dino_Cyano für Messstelle und Jahr","PhytoSee 7.0 (15.12.2017)","Phytoplankton",NA,"433268","5785615","1,44",NA,NA,"DELW_DEBB800015828419"
"1085","800015828419","Scharmützelsee",NA,"842","2007","MIB","Makrophytenindex Brandenburg","MIB 2004","Makrophyten",NA,"434745","5786833","2,4",NA,NA,"DELW_DEBB800015828419"
"1086","800015828419","Scharmützelsee",NA,"847","2023","Diatomeentyp","Diatomeentyp des Wasserköpers verwendet in der Bewertung der Messstelle (siehe Tabelle WAGUET_OWNER_SCHLUESSEL_WERT_TEXT)","PHYLIB 5.3","Diatomeen",NA,"436233","5788720","DS 13.2",NA,NA,"DELW_DEBB800015828419"
"1087","800015828419","Scharmützelsee",NA,"847","2010","I_UMG","Index aus der unteren Makrophytengrenze, Teilindex des MIB","MIB 2004","Makrophyten",NA,"436233","5788720","0-2,59",NA,NA,"DELW_DEBB800015828419"
"1088","800015828419","Scharmützelsee",NA,"800015828419_HM","2007","Chl_Saison",NA,"LAWA-TI Gewässerbewertung stehender Gewässer","Chemie (See und FG)",NA,"433268","5785615","6,96",NA,NA,"DELW_DEBB800015828419"
"1089","800015828419","Scharmützelsee",NA,"800015828419_HM","2020","ST_Saison",NA,"LAWA-TI Gewässerbewertung stehender Gewässer","Chemie (See und FG)",NA,"433268","5785615","3,72",NA,NA,"DELW_DEBB800015828419"
"1090","800015828419","Scharmützelsee",NA,"844","2023","Bew. Makrophyten (dezimal)","Bew. Makrophyten (dezimal)","PHYLIB 5.3","Makrophyten",NA,"433294","5786834","2,79",NA,NA,"DELW_DEBB800015828419"
"1091","800015828419","Scharmützelsee",NA,"843","2004","Teilbewertung Makrophyten","Bewertung der Messstelle (1 bis 5 möglich), bei leeren Feld ist das Ergebnis ungesichert","MIB 2004","Makrophyten",NA,"432922","5784672","4",NA,NA,"DELW_DEBB800015828419"
"1092","800015828419","Scharmützelsee",NA,"800015828419_HM","2024","MST Version-Programm",NA,"PhytoSee Online 8.0.3 (09.04.2024)","Phytoplankton",NA,"433268","5785615","PhytoSee Online 8.0.3, Stand 02.05.2024",NA,NA,"DELW_DEBB800015828419"
"1093","800015828419","Scharmützelsee",NA,"800015828419_HM","2024","MST PTSI_Bew","PTSI-Bewertung für Messstelle und Jahr","PhytoSee Online 8.0.3 (09.04.2024)","Phytoplankton",NA,"433268","5785615","2,88",NA,NA,"DELW_DEBB800015828419"
"1094","800015828419","Scharmützelsee",NA,"844","2014","Makrophytentyp","Makrophytentyp des Wasserköpers verwendet in der Bewertung der Messstelle (siehe Tabelle WAGUET_OWNER_SCHLUESSEL_WERT_TEXT)","PHYLIB 5.3","Diatomeen",NA,"433294","5786834","TKg - 13",NA,NA,"DELW_DEBB800015828419"
"1095","800015828419","Scharmützelsee",NA,"844","2023","Vegetationsgrenze plausibel","Vegetationsgrenze plausibel","PHYLIB 5.3","Diatomeen",NA,"433294","5786834","true",NA,NA,"DELW_DEBB800015828419"
"1096","800015828419","Scharmützelsee",NA,"847","2023","M-sicher","M-sicher","PHYLIB 5.3","Makrophyten",NA,"436233","5788720","true",NA,NA,"DELW_DEBB800015828419"
"1097","800015828419","Scharmützelsee",NA,"841","2020","MMI","Multimetrischer Index","AESHNA (Version Mai 2017)","Makrozoobenthos",NA,"436560","5789932","0,68",NA,NA,"DELW_DEBB800015828419"
"1098","800015828419","Scharmützelsee",NA,"800015828419_HM","2010","MST Bac_Chloro_S_Bew","Bewertung Bac_Chloro für Messstelle und Jahr","PhytoSee 7.0 (15.12.2017)","Phytoplankton",NA,"433268","5785615","2,74",NA,NA,"DELW_DEBB800015828419"
"1099","800015828419","Scharmützelsee",NA,"800015828419_HM","2014","MST Chryso-Bewertung","Bewertung Chryso für Messstelle und Jahr","PhytoSee 7.0 (15.12.2017)","Phytoplankton",NA,"433268","5785615","0,6891",NA,NA,"DELW_DEBB800015828419"
"1100","800015828419","Scharmützelsee",NA,"800015828419_HM","2017","MST Chryso-Bewertung","Bewertung Chryso für Messstelle und Jahr","PhytoSee 7.0 (15.12.2017)","Phytoplankton",NA,"433268","5785615","2,46",NA,NA,"DELW_DEBB800015828419"
"1101","800015828419","Scharmützelsee",NA,"843","2006","Anzahl inidkativer Taxa","Diatomeen Seen","nicht bekannt","Diatomeen",NA,"432922","5784672","12",NA,NA,"DELW_DEBB800015828419"
"1102","800015828419","Scharmützelsee",NA,"800015828419_HM","2014","TP_Saison",NA,"LAWA-TI Gewässerbewertung stehender Gewässer","Chemie (See und FG)",NA,"433268","5785615","32,67",NA,NA,"DELW_DEBB800015828419"
"1103","800015828419","Scharmützelsee",NA,"800015828419_HM","2017","MST Gesamtbiovolumen in mm3/l","Gesamtbiovolumen Saison (mm3/l) im Mittel Mittel März - November","PhytoSee 7.0 (15.12.2017)","Phytoplankton","mm3/l","433268","5785615","1,39",NA,NA,"DELW_DEBB800015828419"
"1104","800015828419","Scharmützelsee",NA,"844","2014","Diatomeentyp","Diatomeentyp des Wasserköpers verwendet in der Bewertung der Messstelle (siehe Tabelle WAGUET_OWNER_SCHLUESSEL_WERT_TEXT)","PHYLIB 5.3","Diatomeen",NA,"433294","5786834","DS 13.2",NA,NA,"DELW_DEBB800015828419"
"1105","800015828419","Scharmützelsee",NA,"800015828419_HM","2020","TP_Frühjahr",NA,"LAWA-TI Gewässerbewertung stehender Gewässer","Chemie (See und FG)",NA,"433268","5785615","43",NA,NA,"DELW_DEBB800015828419"
"1106","800015828419","Scharmützelsee",NA,"847","2023","Vegetationsgrenze","Vegetationsgrenze","PHYLIB 5.3","Diatomeen",NA,"436233","5788720","1",NA,NA,"DELW_DEBB800015828419"
"1107","800015828419","Scharmützelsee",NA,"845","2023","Gesamthäufigkeit (prozent) D","Gesamthäufigkeit [%] D","PHYLIB 5.3","Diatomeen",NA,"435113","5790286","100,01",NA,NA,"DELW_DEBB800015828419"
"1108","800015828419","Scharmützelsee",NA,"848","2023","Makrophytenverödung","Makrophytenverödung","PHYLIB 5.3","Makrophyten",NA,"434424","5788607","false",NA,NA,"DELW_DEBB800015828419"
"1109","800015828419","Scharmützelsee",NA,"800015828419_HM","2023","MST Gesamtbewertung verbal stufig","PSI verbal  für Messstelle und Jahr","PhytoSee Online 8.0.3 (09.04.2024)","Phytoplankton",NA,"433268","5785615","mäßig",NA,NA,"DELW_DEBB800015828419"
"1110","800015828419","Scharmützelsee",NA,"848","2023","Diatomeentyp","Diatomeentyp des Wasserköpers verwendet in der Bewertung der Messstelle (siehe Tabelle WAGUET_OWNER_SCHLUESSEL_WERT_TEXT)","PHYLIB 5.3","Diatomeen",NA,"434424","5788607","DS 13.2",NA,NA,"DELW_DEBB800015828419"
"1111","800015828419","Scharmützelsee",NA,"841","2023","Vegetationsgrenze plausibel","Vegetationsgrenze plausibel","PHYLIB 5.3","Makrophyten",NA,"436560","5789932","true",NA,NA,"DELW_DEBB800015828419"
"1112","800015828419","Scharmützelsee",NA,"846","2023","Makrophytentyp","Makrophytentyp des Wasserköpers verwendet in der Bewertung der Messstelle (siehe Tabelle WAGUET_OWNER_SCHLUESSEL_WERT_TEXT)","PHYLIB 5.3","Makrophyten",NA,"435585","5793247","TKg - 13",NA,NA,"DELW_DEBB800015828419"
"1113","800015828419","Scharmützelsee",NA,"844","2004","I_Arten","Artindex, Teilindex des MIB","MIB 2004","Makrophyten",NA,"433294","5786834","0-2,86",NA,NA,"DELW_DEBB800015828419"
"1114","800015828419","Scharmützelsee",NA,"845","2014","vorlaeufigeBewertung","See; Fließgew; vorläufige Bewertung der Messstelle, (FGW - Halobienindex und Versauerung wird nicht berücksichtigt; Seen - TI-Anteil, RAQ-Arten und TI-Anzahl wird nicht berücksichtigt)","PHYLIB 5.3","Diatomeen",NA,"435113","5790286","3",NA,NA,"DELW_DEBB800015828419"
"1115","800015828419","Scharmützelsee",NA,"841","2023","WRRL-Fließgewässertyp","WRRL-Fließgewässertyp und -Seetyp verwendet in der Bewertung der Messstelle (siehe Tabelle WAGUET_OWNER_SCHLUESSEL_WERT_TEXT)","PHYLIB 5.3","Makrophyten",NA,"436560","5789932","13",NA,NA,"DELW_DEBB800015828419"
"1116","800015828419","Scharmützelsee",NA,"843","2017","MIB","Makrophytenindex Brandenburg","MIB 2004","Makrophyten",NA,"432922","5784672","1,92",NA,NA,"DELW_DEBB800015828419"
"1117","800015828419","Scharmützelsee",NA,"S_0669","2006","Chl_MW","Jahresmittelwert Chl-a in µg/l","nicht bekannt","Chemie (See und FG)",NA,NA,NA,"21",NA,NA,"DELW_DEBB800015828419"
"1118","800015828419","Scharmützelsee",NA,"843","2023","Teilbewertung Makrophyten","Bewertung der Messstelle (1 bis 5 möglich), bei leeren Feld ist das Ergebnis ungesichert","PHYLIB 5.3","Makrophyten",NA,"432922","5784672","3",NA,NA,"DELW_DEBB800015828419"
"1119","800015828419","Scharmützelsee",NA,"848","2010","I_Arten","Artindex, Teilindex des MIB","MIB 2004","Makrophyten",NA,"434424","5788607","0-3,88",NA,NA,"DELW_DEBB800015828419"
"1120","800015828419","Scharmützelsee",NA,"841","2017","I_UMG","Index aus der unteren Makrophytengrenze, Teilindex des MIB","MIB 2004","Makrophyten",NA,"436560","5789932","0-2,83",NA,NA,"DELW_DEBB800015828419"
"1121","800015828419","Scharmützelsee",NA,"844","2007","I_UMG","Index aus der unteren Makrophytengrenze, Teilindex des MIB","MIB 2004","Makrophyten",NA,"433294","5786834","0-3,87",NA,NA,"DELW_DEBB800015828419"
"1122","800015828419","Scharmützelsee",NA,"846","2023","Vegetationsgrenze","Vegetationsgrenze","PHYLIB 5.3","Makrophyten",NA,"435585","5793247","4,4",NA,NA,"DELW_DEBB800015828419"
"1123","800015828419","Scharmützelsee",NA,"841","2023","RAQ gesichert","RAQ gesichert","PHYLIB 5.3","Makrophyten",NA,"436560","5789932","0",NA,NA,"DELW_DEBB800015828419"
"1124","800015828419","Scharmützelsee",NA,"843","2017","I_UMG","Index aus der unteren Makrophytengrenze, Teilindex des MIB","MIB 2004","Makrophyten",NA,"432922","5784672","0-4,21",NA,NA,"DELW_DEBB800015828419"
"1125","800015828419","Scharmützelsee",NA,"800015828419_HM","2020","MST Gesamtbewertung verbal stufig","PSI verbal  für Messstelle und Jahr","PhytoSee 7.0 (15.12.2017)","Phytoplankton",NA,"433268","5785615","gut",NA,NA,"DELW_DEBB800015828419"
"1126","800015828419","Scharmützelsee",NA,"848","2007","I_UMG","Index aus der unteren Makrophytengrenze, Teilindex des MIB","MIB 2004","Makrophyten",NA,"434424","5788607","0-3,13",NA,NA,"DELW_DEBB800015828419"
"1127","800015828419","Scharmützelsee",NA,"841","2014","Makrophytentyp","Makrophytentyp des Wasserköpers verwendet in der Bewertung der Messstelle (siehe Tabelle WAGUET_OWNER_SCHLUESSEL_WERT_TEXT)","PHYLIB 5.3","Diatomeen",NA,"436560","5789932","TKg - 13",NA,NA,"DELW_DEBB800015828419"
"1128","800015828419","Scharmützelsee",NA,"800015828419_HM","2004","Bewertung Phytoplankton","Bi Phytoplankton ( nach neuer (2009) See-Typzuweisung und Phytosee 4) und Phytofliess","PhytoSee 5.0 (2013)","Phytoplankton",NA,"433268","5785615","2",NA,NA,"DELW_DEBB800015828419"
"1129","800015828419","Scharmützelsee",NA,"800015828419_HM","2002","Bewertung Phytoplankton","Bi Phytoplankton ( nach neuer (2009) See-Typzuweisung und Phytosee 4) und Phytofliess","PhytoSee 5.0 (2013)","Phytoplankton",NA,"433268","5785615","4",NA,NA,"DELW_DEBB800015828419"
"1130","800015828419","Scharmützelsee",NA,"842","2014","M_RAQ","See; Modul Referenzartenquotien","PHYLIB 5.3","Diatomeen",NA,"434745","5786833","0-,48",NA,NA,"DELW_DEBB800015828419"
"1131","800015828419","Scharmützelsee",NA,"800015828419_HM","2022","TP_Frühjahr_Anzahl",NA,"LAWA-TI Gewässerbewertung stehender Gewässer","Chemie (See und FG)",NA,"433268","5785615","7",NA,NA,"DELW_DEBB800015828419"
"1132","800015828419","Scharmützelsee",NA,"800015828419_HM","2023","MST Gew_DiProf","Gewichtung DiProf für Messstelle und Jahr","PhytoSee Online 8.0.3 (09.04.2024)","Phytoplankton",NA,"433268","5785615","3",NA,NA,"DELW_DEBB800015828419"
"1133","800015828419","Scharmützelsee",NA,"800015828419_HM","2021","ST_Saison",NA,"LAWA-TI Gewässerbewertung stehender Gewässer","Chemie (See und FG)",NA,"433268","5785615","4,34",NA,NA,"DELW_DEBB800015828419"
"1134","800015828419","Scharmützelsee",NA,"845","2023","Teilbewertung Diatomeen/Zustands-/Potentialklasse FGW und Seen","FGW, See; Bewertung der Messstelle (1 bis 5 möglich), bei Wert='999' ist das Ergebnis ungesichert; (bei FGW-Halobienindex und Versauerung wird berücksichtigt)","PHYLIB 5.3","Diatomeen",NA,"435113","5790286","3",NA,NA,"DELW_DEBB800015828419"
"1135","800015828419","Scharmützelsee",NA,"848","2014","TIL_Nord","See; berechneter Trophie-Index Nord","PHYLIB 5.3","Diatomeen",NA,"434424","5788607","2",NA,NA,"DELW_DEBB800015828419"
"1136","800015828419","Scharmützelsee",NA,"800015828419_HM","2024","MST Bac_Chloro_S_Bew","Bewertung Bac_Chloro für Messstelle und Jahr","PhytoSee Online 8.0.3 (09.04.2024)","Phytoplankton",NA,"433268","5785615","1,75",NA,NA,"DELW_DEBB800015828419"
"1137","800015828419","Scharmützelsee",NA,"800015828419_HM","2021","Chl_Saison_Anzahl",NA,"LAWA-TI Gewässerbewertung stehender Gewässer","Chemie (See und FG)",NA,"433268","5785615","10",NA,NA,"DELW_DEBB800015828419"
"1138","800015828419","Scharmützelsee",NA,"800015828419_HM","2023","MST MinvonMonat",NA,"PhytoSee Online 8.0.3 (09.04.2024)","Phytoplankton",NA,"433268","5785615","3",NA,NA,"DELW_DEBB800015828419"
"1139","800015828419","Scharmützelsee",NA,"800015828419_HM","2024","MST PSI Phyto-See-Index","PSI als Zahl für Messstelle und Jahr","PhytoSee Online 8.0.3 (09.04.2024)","Phytoplankton",NA,"433268","5785615","2,26",NA,NA,"DELW_DEBB800015828419"
"1140","800015828419","Scharmützelsee",NA,"800015828419_HM","2010","PhytoSee MST Expert_MST-PSI","Expertenurteil für Messstelle und Jahr","PhytoSee 7.0 (15.12.2017)","Phytoplankton",NA,"433268","5785615","PSI MST gültig",NA,NA,"DELW_DEBB800015828419"
"1141","800015828419","Scharmützelsee",NA,"846","2014","vorlaeufigeBewertung","See; Fließgew; vorläufige Bewertung der Messstelle, (FGW - Halobienindex und Versauerung wird nicht berücksichtigt; Seen - TI-Anteil, RAQ-Arten und TI-Anzahl wird nicht berücksichtigt)","PHYLIB 5.3","Diatomeen",NA,"435585","5793247","3",NA,NA,"DELW_DEBB800015828419"
"1142","800015828419","Scharmützelsee",NA,"845","2023","M-sicher","M-sicher","PHYLIB 5.3","Diatomeen",NA,"435113","5790286","false",NA,NA,"DELW_DEBB800015828419"
"1143","800015828419","Scharmützelsee",NA,"848","2023","Gesamthäufigkeit (prozent) D","Gesamthäufigkeit [%] D","PHYLIB 5.3","Diatomeen",NA,"434424","5788607","100",NA,NA,"DELW_DEBB800015828419"
"1144","800015828419","Scharmützelsee",NA,"841","2010","I_Arten","Artindex, Teilindex des MIB","MIB 2004","Makrophyten",NA,"436560","5789932","0-4,02",NA,NA,"DELW_DEBB800015828419"
"1145","800015828419","Scharmützelsee",NA,"800015828419_HM","2024","Teilbewertung Fische","Ökologische Zustandsklasse","DeLFI","Fische",NA,"433268","5785615","gut",NA,NA,"DELW_DEBB800015828419"
"1146","800015828419","Scharmützelsee",NA,"800015828419_HM","2023","MST PTSI H/G","H/G PTSI vom Typ","PhytoSee Online 8.0.3 (09.04.2024)","Phytoplankton",NA,"433268","5785615","1,75",NA,NA,"DELW_DEBB800015828419"
"1147","800015828419","Scharmützelsee",NA,"847","2010","Teilbewertung Diatomeen/Zustands-/Potentialklasse FGW und Seen","FGW, See; Bewertung der Messstelle (1 bis 5 möglich), bei Wert='999' ist das Ergebnis ungesichert; (bei FGW-Halobienindex und Versauerung wird berücksichtigt)","PHYLIB 4.1","Diatomeen",NA,"436233","5788720","3",NA,NA,"DELW_DEBB800015828419"
"1148","800015828419","Scharmützelsee",NA,"842","2014","aerophileArten%","See; Fließgew, sauerstoffliebende Arten in Prozent nach Schaumburg","PHYLIB 5.3","Diatomeen",NA,"434745","5786833","0",NA,NA,"DELW_DEBB800015828419"
"1149","800015828419","Scharmützelsee",NA,"843","2014","Diatomeentyp","Diatomeentyp des Wasserköpers verwendet in der Bewertung der Messstelle (siehe Tabelle WAGUET_OWNER_SCHLUESSEL_WERT_TEXT)","PHYLIB 5.3","Diatomeen",NA,"432922","5784672","DS 13.2",NA,NA,"DELW_DEBB800015828419"
"1150","800015828419","Scharmützelsee",NA,"844","2017","I_UMG","Index aus der unteren Makrophytengrenze, Teilindex des MIB","MIB 2004","Makrophyten",NA,"433294","5786834","0-4,66",NA,NA,"DELW_DEBB800015828419"
"1151","800015828419","Scharmützelsee",NA,"800015828419_HM","2014","Sichttiefe_Saison_Anzahl",NA,"LAWA-TI Gewässerbewertung stehender Gewässer","Chemie (See und FG)",NA,"433268","5785615","7",NA,NA,"DELW_DEBB800015828419"
"1152","800015828419","Scharmützelsee",NA,"841","2023","Makrophytentyp","Makrophytentyp des Wasserköpers verwendet in der Bewertung der Messstelle (siehe Tabelle WAGUET_OWNER_SCHLUESSEL_WERT_TEXT)","PHYLIB 5.3","Diatomeen",NA,"436560","5789932","TKg - 13",NA,NA,"DELW_DEBB800015828419"
"1153","800015828419","Scharmützelsee",NA,"841","2023","Teilbewertung Makrophyten","Bewertung der Messstelle (1 bis 5 möglich), bei leeren Feld ist das Ergebnis ungesichert","PHYLIB 5.3","Makrophyten",NA,"436560","5789932","3",NA,NA,"DELW_DEBB800015828419"
"1154","800015828419","Scharmützelsee",NA,"842","2006","Teilbewertung Diatomeen/Zustands-/Potentialklasse FGW und Seen","FGW, See; Bewertung der Messstelle (1 bis 5 möglich), bei Wert='999' ist das Ergebnis ungesichert; (bei FGW-Halobienindex und Versauerung wird berücksichtigt)","nicht bekannt","Diatomeen",NA,"434745","5786833","3",NA,NA,"DELW_DEBB800015828419"
"1155","800015828419","Scharmützelsee",NA,"800015828419euphot","2007","Sichttiefe_Jahesmittel","Sichttiefe_Jahesmittel in m","nicht bekannt","Chemie (See und FG)",NA,NA,NA,"2,9",NA,NA,"DELW_DEBB800015828419"
"1156","800015828419","Scharmützelsee",NA,"842","2023","Diatomeentyp","Diatomeentyp des Wasserköpers verwendet in der Bewertung der Messstelle (siehe Tabelle WAGUET_OWNER_SCHLUESSEL_WERT_TEXT)","PHYLIB 5.3","Makrophyten",NA,"434745","5786833","DS 13.2",NA,NA,"DELW_DEBB800015828419"
"1157","800015828419","Scharmützelsee",NA,"845","2023","Vegetationsgrenze plausibel","Vegetationsgrenze plausibel","PHYLIB 5.3","Makrophyten",NA,"435113","5790286","true",NA,NA,"DELW_DEBB800015828419"
"1158","800015828419","Scharmützelsee",NA,"800015828419_HM","2023","MST Maximum Chla µg/l",NA,"PhytoSee Online 8.0.3 (09.04.2024)","Phytoplankton",NA,"433268","5785615","24,3",NA,NA,"DELW_DEBB800015828419"
"1159","800015828419","Scharmützelsee",NA,"800015828419_HM","2017","MST Diff PTSI-RefTrophie","Differenz zwischen PTSI und Referenztrophiefür Messstelle und Jahr","PhytoSee 7.0 (15.12.2017)","Phytoplankton",NA,"433268","5785615","0,9302",NA,NA,"DELW_DEBB800015828419"
"1160","800015828419","Scharmützelsee",NA,"800015828419_HM","2007","TP_Frühjahr_Anzahl",NA,"LAWA-TI Gewässerbewertung stehender Gewässer","Chemie (See und FG)",NA,"433268","5785615","7",NA,NA,"DELW_DEBB800015828419"
"1161","800015828419","Scharmützelsee",NA,"845","2014","aerophileArten%","See; Fließgew, sauerstoffliebende Arten in Prozent nach Schaumburg","PHYLIB 5.3","Diatomeen",NA,"435113","5790286","0",NA,NA,"DELW_DEBB800015828419"
"1162","800015828419","Scharmützelsee",NA,"847","2023","Makrophytenverödung","Makrophytenverödung","PHYLIB 5.3","Makrophyten",NA,"436233","5788720","false",NA,NA,"DELW_DEBB800015828419"
"1163","800015828419","Scharmützelsee",NA,"800015828419_HM","2020","MST N Monate",NA,"PhytoSee 7.0 (15.12.2017)","Phytoplankton",NA,"433268","5785615","6",NA,NA,"DELW_DEBB800015828419"
"1164","800015828419","Scharmützelsee",NA,"800015828419_HM","2024","MST PSI_m_DiProf","PSI mit DI-Prof verrechnet  für Messstelle und Jahr","PhytoSee Online 8.0.3 (09.04.2024)","Phytoplankton",NA,"433268","5785615","2,24",NA,NA,"DELW_DEBB800015828419"
"1165","800015828419","Scharmützelsee",NA,"847","2023","Vegetationsgrenze plausibel","Vegetationsgrenze plausibel","PHYLIB 5.3","Makrophyten",NA,"436233","5788720","true",NA,NA,"DELW_DEBB800015828419"
"1166","800015828419","Scharmützelsee",NA,"800015828419_HM","2023","MST N_Indikatortaxa","mittlere Anzahl nutzbarer Indikatortaxa","PhytoSee Online 8.0.3 (09.04.2024)","Phytoplankton",NA,"433268","5785615","9",NA,NA,"DELW_DEBB800015828419"
"1167","800015828419","Scharmützelsee",NA,"841","2023","Diatomeentyp","Diatomeentyp des Wasserköpers verwendet in der Bewertung der Messstelle (siehe Tabelle WAGUET_OWNER_SCHLUESSEL_WERT_TEXT)","PHYLIB 5.3","Makrophyten",NA,"436560","5789932","DS 13.2",NA,NA,"DELW_DEBB800015828419"
"1168","800015828419","Scharmützelsee",NA,"800015828419_HM","2021","TP_Frühjahr_Anzahl",NA,"LAWA-TI Gewässerbewertung stehender Gewässer","Chemie (See und FG)",NA,"433268","5785615","7",NA,NA,"DELW_DEBB800015828419"
"1169","800015828419","Scharmützelsee",NA,"841","2023","Bewertung (dezimal)","Bewertung (dezimal)","PHYLIB 5.3","Makrophyten",NA,"436560","5789932","2,6",NA,NA,"DELW_DEBB800015828419"
"1170","800015828419","Scharmützelsee",NA,"800015828419_HM","2020","MST Typ_Nr","PP-Subtyp der bewerteten MST im Jahr der Untersuchung","PhytoSee 7.0 (15.12.2017)","Phytoplankton",NA,"433268","5785615","PP 13",NA,NA,"DELW_DEBB800015828419"
"1171","800015828419","Scharmützelsee",NA,"845","2023","Makrophytentyp","Makrophytentyp des Wasserköpers verwendet in der Bewertung der Messstelle (siehe Tabelle WAGUET_OWNER_SCHLUESSEL_WERT_TEXT)","PHYLIB 5.3","Makrophyten",NA,"435113","5790286","TKg - 13",NA,NA,"DELW_DEBB800015828419"
"1172","800015828419","Scharmützelsee",NA,"844","2023","M-sicher","M-sicher","PHYLIB 5.3","Diatomeen",NA,"433294","5786834","false",NA,NA,"DELW_DEBB800015828419"
"1173","800015828419","Scharmützelsee",NA,"843","2004","I_UMG","Index aus der unteren Makrophytengrenze, Teilindex des MIB","MIB 2004","Makrophyten",NA,"432922","5784672","0-2,73",NA,NA,"DELW_DEBB800015828419"
"1174","800015828419","Scharmützelsee",NA,"5837610","1996","Sichttiefe_Jahesmittel","Sichttiefe_Jahesmittel in m","nicht bekannt","Chemie (See und FG)",NA,NA,NA,"1,35",NA,NA,"DELW_DEBB800015828419"
"1175","800015828419","Scharmützelsee",NA,"843","2014","Makrophytentyp","Makrophytentyp des Wasserköpers verwendet in der Bewertung der Messstelle (siehe Tabelle WAGUET_OWNER_SCHLUESSEL_WERT_TEXT)","PHYLIB 5.3","Diatomeen",NA,"432922","5784672","TKg - 13",NA,NA,"DELW_DEBB800015828419"
"1176","800015828419","Scharmützelsee",NA,"842","2006","M_TILNord / Trophieindex (umger.)","See; Modul Trophie-Index (Wert zwischen 0 und 1)","nicht bekannt","Diatomeen",NA,"434745","5786833","0,52",NA,NA,"DELW_DEBB800015828419"
"1177","800015828419","Scharmützelsee",NA,"843","2014","aerophileArten%","See; Fließgew, sauerstoffliebende Arten in Prozent nach Schaumburg","PHYLIB 5.3","Diatomeen",NA,"432922","5784672","0",NA,NA,"DELW_DEBB800015828419"
"1178","800015828419","Scharmützelsee",NA,"844","2023","RAQ gesichert","RAQ gesichert","PHYLIB 5.3","Diatomeen",NA,"433294","5786834","1",NA,NA,"DELW_DEBB800015828419"
"1179","800015828419","Scharmützelsee",NA,"800015828419_HM","2020","MST G_PTSI",NA,"PhytoSee 7.0 (15.12.2017)","Phytoplankton",NA,"433268","5785615","3",NA,NA,"DELW_DEBB800015828419"
"1180","800015828419","Scharmützelsee",NA,"800015828419_HM","2020","MST MaxvonMonat",NA,"PhytoSee 7.0 (15.12.2017)","Phytoplankton",NA,"433268","5785615","9",NA,NA,"DELW_DEBB800015828419"
"1181","800015828419","Scharmützelsee",NA,"841","2014","TIL_Nord","See; berechneter Trophie-Index Nord","PHYLIB 5.3","Diatomeen",NA,"436560","5789932","2",NA,NA,"DELW_DEBB800015828419"
"1182","800015828419","Scharmützelsee",NA,"842","2023","M-sicher","M-sicher","PHYLIB 5.3","Makrophyten",NA,"434745","5786833","true",NA,NA,"DELW_DEBB800015828419"
"1183","800015828419","Scharmützelsee",NA,"843","2023","Makrophytenverödung","Makrophytenverödung","PHYLIB 5.3","Makrophyten",NA,"432922","5784672","false",NA,NA,"DELW_DEBB800015828419"
"1184","800015828419","Scharmützelsee",NA,"800015828419_HM","2024","MST Biomasse_Metrik","Metrik Biomasse  für Messstelle und Jahr","PhytoSee Online 8.0.3 (09.04.2024)","Phytoplankton",NA,"433268","5785615","2,02",NA,NA,"DELW_DEBB800015828419"
"1185","800015828419","Scharmützelsee",NA,"800015828419_HM","2020","MST PTSI_Bew","PTSI-Bewertung für Messstelle und Jahr","PhytoSee 7.0 (15.12.2017)","Phytoplankton",NA,"433268","5785615","3,24",NA,NA,"DELW_DEBB800015828419"
"1186","800015828419","Scharmützelsee",NA,"800015828419_HM","2017","PhytoSee MST Expert_MST-PSI","Expertenurteil für Messstelle und Jahr","PhytoSee 7.0 (15.12.2017)","Phytoplankton",NA,"433268","5785615","PSI MST gültig",NA,NA,"DELW_DEBB800015828419"
"1187","800015828419","Scharmützelsee",NA,"848","2014","WRRL-Fließgewässertyp","WRRL-Fließgewässertyp und -Seetyp verwendet in der Bewertung der Messstelle (siehe Tabelle WAGUET_OWNER_SCHLUESSEL_WERT_TEXT)","PHYLIB 5.3","Diatomeen",NA,"434424","5788607","13",NA,NA,"DELW_DEBB800015828419"
"1188","800015828419","Scharmützelsee",NA,"841","2014","vorlaeufigeBewertung","See; Fließgew; vorläufige Bewertung der Messstelle, (FGW - Halobienindex und Versauerung wird nicht berücksichtigt; Seen - TI-Anteil, RAQ-Arten und TI-Anzahl wird nicht berücksichtigt)","PHYLIB 5.3","Diatomeen",NA,"436560","5789932","3",NA,NA,"DELW_DEBB800015828419"
"1189","800015828419","Scharmützelsee",NA,"800015828419_HM","2014","MST Gesamtbiovolumen in mm3/l","Gesamtbiovolumen Saison (mm3/l) im Mittel Mittel März - November","PhytoSee 7.0 (15.12.2017)","Phytoplankton","mm3/l","433268","5785615","1,18",NA,NA,"DELW_DEBB800015828419"
"1190","800015828419","Scharmützelsee",NA,"841","2014","M_RAQ","See; Modul Referenzartenquotien","PHYLIB 5.3","Diatomeen",NA,"436560","5789932","0-,57",NA,NA,"DELW_DEBB800015828419"
"1191","800015828419","Scharmützelsee",NA,"842","2017","I_Arten","Artindex, Teilindex des MIB","MIB 2004","Makrophyten",NA,"434745","5786833","0-4,04",NA,NA,"DELW_DEBB800015828419"
"1192","800015828419","Scharmützelsee",NA,"800015828419_HM","2024","MST Dino_Cyano-Bewertung","Bewertung Dino_Cyano für Messstelle und Jahr","PhytoSee Online 8.0.3 (09.04.2024)","Phytoplankton",NA,"433268","5785615","0,0295",NA,NA,"DELW_DEBB800015828419"
"1193","800015828419","Scharmützelsee",NA,"842","2017","MIB","Makrophytenindex Brandenburg","nicht bekannt","Makrophyten",NA,"434745","5786833","1,87",NA,NA,"DELW_DEBB800015828419"
"1194","800015828419","Scharmützelsee",NA,"843","2023","Bew. Makrophyten (dezimal)","Bew. Makrophyten (dezimal)","PHYLIB 5.3","Makrophyten",NA,"432922","5784672","2,58",NA,NA,"DELW_DEBB800015828419"
"1195","800015828419","Scharmützelsee",NA,"842","2014","Teilbewertung Diatomeen, vorläufig/FGW - Ergebnis ohne Salzbelastung & See - vorläufige Bewertung","See, FGW; Bewertung der Messstelle (1 bis 5 möglich), bei Wert='999' ist das Ergebnis ungesichert; Seen - TI-Anteil, RAQ-Arten und TI-Anzahl wird berücksichtigt","PHYLIB 5.3","Diatomeen",NA,"434745","5786833","999",NA,NA,"DELW_DEBB800015828419"
"1196","800015828419","Scharmützelsee",NA,"842","2014","vorlaeufigeBewertung","See; Fließgew; vorläufige Bewertung der Messstelle, (FGW - Halobienindex und Versauerung wird nicht berücksichtigt; Seen - TI-Anteil, RAQ-Arten und TI-Anzahl wird nicht berücksichtigt)","PHYLIB 5.3","Diatomeen",NA,"434745","5786833","3",NA,NA,"DELW_DEBB800015828419"
"1197","800015828419","Scharmützelsee",NA,"843","2010","Teilbewertung Makrophyten","Bewertung der Messstelle (1 bis 5 möglich), bei leeren Feld ist das Ergebnis ungesichert","MIB 2004","Makrophyten",NA,"432922","5784672","3",NA,NA,"DELW_DEBB800015828419"
"1198","800015828419","Scharmützelsee",NA,"843","2023","Gesamthäufigkeit (prozent) D","Gesamthäufigkeit [%] D","PHYLIB 5.3","Diatomeen",NA,"432922","5784672","99,99",NA,NA,"DELW_DEBB800015828419"
"1199","800015828419","Scharmützelsee",NA,"800015828419_HM","2020","MST Biomasse_Metrik","Metrik Biomasse  für Messstelle und Jahr","PhytoSee 7.0 (15.12.2017)","Phytoplankton",NA,"433268","5785615","2,22",NA,NA,"DELW_DEBB800015828419"
"1200","800015828419","Scharmützelsee",NA,"848","2014","vorlaeufigeBewertung","See; Fließgew; vorläufige Bewertung der Messstelle, (FGW - Halobienindex und Versauerung wird nicht berücksichtigt; Seen - TI-Anteil, RAQ-Arten und TI-Anzahl wird nicht berücksichtigt)","PHYLIB 5.3","Diatomeen",NA,"434424","5788607","3",NA,NA,"DELW_DEBB800015828419"
"1201","800015828419","Scharmützelsee",NA,"800015828419_HM","2017","Chl_Saison_Anzahl",NA,"LAWA-TI Gewässerbewertung stehender Gewässer","Chemie (See und FG)",NA,"433268","5785615","10",NA,NA,"DELW_DEBB800015828419"
"1202","800015828419","Scharmützelsee",NA,"843","2017","I_Arten","Artindex, Teilindex des MIB","MIB 2004","Makrophyten",NA,"432922","5784672","0-3,68",NA,NA,"DELW_DEBB800015828419"
"1203","800015828419","Scharmützelsee",NA,"841","2023","Gesamthäufigkeit (prozent) D","Gesamthäufigkeit [%] D","PHYLIB 5.3","Diatomeen",NA,"436560","5789932","100,01",NA,NA,"DELW_DEBB800015828419"
"1204","800015828419","Scharmützelsee",NA,"800015828419_HM","2020","MST Beprobung konform?","Beprobung methodenkonform oder nicht? für Messstelle und Jahr","PhytoSee 7.0 (15.12.2017)","Phytoplankton",NA,"433268","5785615","ok",NA,NA,"DELW_DEBB800015828419"
"1205","800015828419","Scharmützelsee",NA,"800015828419_HM","2017","MST Algenklassen_Metrik","Bewertung anhand des Mittelwertergebnisses aller Einzel-Klassenmetriks je Seentyp unter der Regel: Wenn Bewertungswert <0,5 dann gleich Wert 0,5 oder wenn Bewertungswert >5,5 dann gleich Wert 5,5","PhytoSee 7.0 (15.12.2017)","Phytoplankton",NA,"433268","5785615","2,5",NA,NA,"DELW_DEBB800015828419"
"1206","800015828419","Scharmützelsee",NA,"842","2006","Anzahl inidkativer Taxa","Diatomeen Seen","nicht bekannt","Diatomeen",NA,"434745","5786833","15",NA,NA,"DELW_DEBB800015828419"
"1207","800015828419","Scharmützelsee",NA,"848","2014","M_RAQ","See; Modul Referenzartenquotien","PHYLIB 5.3","Diatomeen",NA,"434424","5788607","0-,38",NA,NA,"DELW_DEBB800015828419"
"1208","800015828419","Scharmützelsee",NA,"847","2007","I_Arten","Artindex, Teilindex des MIB","MIB 2004","Makrophyten",NA,"436233","5788720","0-3,91",NA,NA,"DELW_DEBB800015828419"
"1209","800015828419","Scharmützelsee",NA,"800015828419_HM","2010","TP_Saison",NA,"LAWA-TI Gewässerbewertung stehender Gewässer","Chemie (See und FG)",NA,"433268","5785615","31,5",NA,NA,"DELW_DEBB800015828419"
"1210","800015828419","Scharmützelsee",NA,"848","2023","M-sicher","M-sicher","PHYLIB 5.3","Makrophyten",NA,"434424","5788607","true",NA,NA,"DELW_DEBB800015828419"
"1211","800015828419","Scharmützelsee",NA,"842","2023","Gesamthäufigkeit (prozent) D","Gesamthäufigkeit [%] D","PHYLIB 5.3","Makrophyten",NA,"434745","5786833","0",NA,NA,"DELW_DEBB800015828419"
"1212","800015828419","Scharmützelsee",NA,"800015828419_HM","2014","MST PTSI H/G","H/G PTSI vom Typ","PhytoSee 7.0 (15.12.2017)","Phytoplankton",NA,"433268","5785615","1,75",NA,NA,"DELW_DEBB800015828419"
"1213","800015828419","Scharmützelsee",NA,"800015828419_HM","2023","Sichttiefe_Saison_Anzahl",NA,"LAWA-TI Gewässerbewertung stehender Gewässer","Chemie (See und FG)",NA,"433268","5785615","7",NA,NA,"DELW_DEBB800015828419"
"1214","800015828419","Scharmützelsee",NA,"800015828419_HM","2017","TP_Frühjahr_Anzahl",NA,"LAWA-TI Gewässerbewertung stehender Gewässer","Chemie (See und FG)",NA,"433268","5785615","7",NA,NA,"DELW_DEBB800015828419"
"1215","800015828419","Scharmützelsee",NA,"842","2023","Zustandsklasse","Zustands-/Potentialklasse","PHYLIB 5.3","Diatomeen",NA,"434745","5786833","3",NA,NA,"DELW_DEBB800015828419"
"1216","800015828419","Scharmützelsee",NA,"841","2023","M-sicher","M-sicher","PHYLIB 5.3","Diatomeen",NA,"436560","5789932","false",NA,NA,"DELW_DEBB800015828419"
"1217","800015828419","Scharmützelsee",NA,"848","2023","Bew. Makrophyten (dezimal)","Bew. Makrophyten (dezimal)","PHYLIB 5.3","Makrophyten",NA,"434424","5788607","2,52",NA,NA,"DELW_DEBB800015828419"
"1218","800015828419","Scharmützelsee",NA,"800015828419_HM","2020","MST MinvonMonat",NA,"PhytoSee 7.0 (15.12.2017)","Phytoplankton",NA,"433268","5785615","4",NA,NA,"DELW_DEBB800015828419"
"1219","800015828419","Scharmützelsee",NA,"800015828419_HM","2010","MST Beprobung konform?","Beprobung methodenkonform oder nicht? für Messstelle und Jahr","PhytoSee 7.0 (15.12.2017)","Phytoplankton",NA,"433268","5785615","ok",NA,NA,"DELW_DEBB800015828419"
"1220","800015828419","Scharmützelsee",NA,"800015828419_HM","2010","Chl_Saison_Anzahl",NA,"LAWA-TI Gewässerbewertung stehender Gewässer","Chemie (See und FG)",NA,"433268","5785615","10",NA,NA,"DELW_DEBB800015828419"
"1221","800015828419","Scharmützelsee",NA,"800015828419_HM","2024","MST MinvonMonat",NA,"PhytoSee Online 8.0.3 (09.04.2024)","Phytoplankton",NA,"433268","5785615","3",NA,NA,"DELW_DEBB800015828419"
"1222","800015828419","Scharmützelsee",NA,"848","2023","Makrophytentyp","Makrophytentyp des Wasserköpers verwendet in der Bewertung der Messstelle (siehe Tabelle WAGUET_OWNER_SCHLUESSEL_WERT_TEXT)","PHYLIB 5.3","Diatomeen",NA,"434424","5788607","TKg - 13",NA,NA,"DELW_DEBB800015828419"
"1223","800015828419","Scharmützelsee",NA,"843","2014","vorlaeufigeBewertung","See; Fließgew; vorläufige Bewertung der Messstelle, (FGW - Halobienindex und Versauerung wird nicht berücksichtigt; Seen - TI-Anteil, RAQ-Arten und TI-Anzahl wird nicht berücksichtigt)","PHYLIB 5.3","Diatomeen",NA,"432922","5784672","3",NA,NA,"DELW_DEBB800015828419"
"1224","800015828419","Scharmützelsee",NA,"848","2023","WRRL-Fließgewässertyp","WRRL-Fließgewässertyp und -Seetyp verwendet in der Bewertung der Messstelle (siehe Tabelle WAGUET_OWNER_SCHLUESSEL_WERT_TEXT)","PHYLIB 5.3","Makrophyten",NA,"434424","5788607","13",NA,NA,"DELW_DEBB800015828419"
"1225","800015828419","Scharmützelsee",NA,"800015828419_HM","2024","TP_Frühjahr_Anzahl",NA,"LAWA-TI Gewässerbewertung stehender Gewässer","Chemie (See und FG)",NA,"433268","5785615","7",NA,NA,"DELW_DEBB800015828419"
"1226","800015828419","Scharmützelsee",NA,"800015828419_HM","2014","MST N_Indikatortaxa","mittlere Anzahl nutzbarer Indikatortaxa","PhytoSee 7.0 (15.12.2017)","Phytoplankton",NA,"433268","5785615","4,67",NA,NA,"DELW_DEBB800015828419"
"1227","800015828419","Scharmützelsee",NA,"843","2010","Teilbewertung Diatomeen/Zustands-/Potentialklasse FGW und Seen","FGW, See; Bewertung der Messstelle (1 bis 5 möglich), bei Wert='999' ist das Ergebnis ungesichert; (bei FGW-Halobienindex und Versauerung wird berücksichtigt)","PHYLIB 4.1","Diatomeen",NA,"432922","5784672","3",NA,NA,"DELW_DEBB800015828419"
"1228","800015828419","Scharmützelsee",NA,"800015828419_HM","2003","Bewertung Phytoplankton","Bi Phytoplankton ( nach neuer (2009) See-Typzuweisung und Phytosee 4) und Phytofliess","PhytoSee 5.0 (2013)","Phytoplankton",NA,"433268","5785615","3",NA,NA,"DELW_DEBB800015828419"
"1229","800015828419","Scharmützelsee",NA,"800015828419_HM","2007","TP_Saison",NA,"LAWA-TI Gewässerbewertung stehender Gewässer","Chemie (See und FG)",NA,"433268","5785615","41,17",NA,NA,"DELW_DEBB800015828419"
"1230","800015828419","Scharmützelsee",NA,"845","2004","Teilbewertung Makrophyten","Bewertung der Messstelle (1 bis 5 möglich), bei leeren Feld ist das Ergebnis ungesichert","MIB 2004","Makrophyten",NA,"435113","5790286","3",NA,NA,"DELW_DEBB800015828419"
"1231","800015828419","Scharmützelsee",NA,"800015828419_HM","1999","Bewertung Phytoplankton","Bi Phytoplankton ( nach neuer (2009) See-Typzuweisung und Phytosee 4) und Phytofliess","PhytoSee 5.0 (2013)","Phytoplankton",NA,"433268","5785615","4",NA,NA,"DELW_DEBB800015828419"
"1232","800015828419","Scharmützelsee",NA,"841","2023","Makrophytenverödung","Makrophytenverödung","PHYLIB 5.3","Makrophyten",NA,"436560","5789932","false",NA,NA,"DELW_DEBB800015828419"
"1233","800015828419","Scharmützelsee",NA,"845","2023","RAQ gesichert","RAQ gesichert","PHYLIB 5.3","Makrophyten",NA,"435113","5790286","0",NA,NA,"DELW_DEBB800015828419"
"1234","800015828419","Scharmützelsee",NA,"800015828419_HM","2017","MST N_Indikatortaxa","mittlere Anzahl nutzbarer Indikatortaxa","PhytoSee 7.0 (15.12.2017)","Phytoplankton",NA,"433268","5785615","7,17",NA,NA,"DELW_DEBB800015828419"
"1235","800015828419","Scharmützelsee",NA,"845","2004","I_Arten","Artindex, Teilindex des MIB","MIB 2004","Makrophyten",NA,"435113","5790286","0-4,09",NA,NA,"DELW_DEBB800015828419"
"1236","800015828419","Scharmützelsee",NA,"800015828419_HM","2010","MST PTSI_Bew","PTSI-Bewertung für Messstelle und Jahr","PhytoSee 7.0 (15.12.2017)","Phytoplankton",NA,"433268","5785615","2,92",NA,NA,"DELW_DEBB800015828419"
"1237","800015828419","Scharmützelsee",NA,"800015828419_HM","2020","MST Diff PTSI-RefTrophie","Differenz zwischen PTSI und Referenztrophiefür Messstelle und Jahr","PhytoSee 7.0 (15.12.2017)","Phytoplankton",NA,"433268","5785615","1,37",NA,NA,"DELW_DEBB800015828419"
"1238","800015828419","Scharmützelsee",NA,"800015828419_HM","2024","MST Gew_DiProf","Gewichtung DiProf für Messstelle und Jahr","PhytoSee Online 8.0.3 (09.04.2024)","Phytoplankton",NA,"433268","5785615","3",NA,NA,"DELW_DEBB800015828419"
"1239","800015828419","Scharmützelsee",NA,"848","2007","Teilbewertung Makrophyten","Bewertung der Messstelle (1 bis 5 möglich), bei leeren Feld ist das Ergebnis ungesichert","MIB 2004","Makrophyten",NA,"434424","5788607","3",NA,NA,"DELW_DEBB800015828419"
"1240","800015828419","Scharmützelsee",NA,"800015828419_HM","2020","Bewertung Phytoplankton","Bi Phytoplankton ( nach neuer (2009) See-Typzuweisung und Phytosee 4) und Phytofliess","PhytoSee 7.0 (15.12.2017)","Phytoplankton",NA,"433268","5785615","2",NA,NA,"DELW_DEBB800015828419"
"1241","800015828419","Scharmützelsee",NA,"844","2010","MIB","Makrophytenindex Brandenburg","MIB 2004","Makrophyten",NA,"433294","5786834","1,82",NA,NA,"DELW_DEBB800015828419"
"1242","800015828419","Scharmützelsee",NA,"842","2017","I_UMG","Index aus der unteren Makrophytengrenze, Teilindex des MIB","MIB 2004","Makrophyten",NA,"434745","5786833","0-4,11",NA,NA,"DELW_DEBB800015828419"
"1243","800015828419","Scharmützelsee",NA,"800015828419_HM","2024","TP_Frühjahr",NA,"LAWA-TI Gewässerbewertung stehender Gewässer","Chemie (See und FG)",NA,"433268","5785615","55",NA,NA,"DELW_DEBB800015828419"
"1244","800015828419","Scharmützelsee",NA,"800015828419_HM","2017","TP_Frühjahr",NA,"LAWA-TI Gewässerbewertung stehender Gewässer","Chemie (See und FG)",NA,"433268","5785615","70",NA,NA,"DELW_DEBB800015828419"
"1245","800015828419","Scharmützelsee",NA,"800015828419_HM","2024","Chl_Saison",NA,"LAWA-TI Gewässerbewertung stehender Gewässer","Chemie (See und FG)",NA,"433268","5785615","6",NA,NA,"DELW_DEBB800015828419"
"1246","800015828419","Scharmützelsee",NA,"800015828419_HM","2014","MST Biomasse_Metrik","Metrik Biomasse  für Messstelle und Jahr","PhytoSee 7.0 (15.12.2017)","Phytoplankton",NA,"433268","5785615","2,19",NA,NA,"DELW_DEBB800015828419"
"1247","800015828419","Scharmützelsee",NA,"800015828419_HM","2024","MST Di_Prof_Ist","DiProf Index-Wert für Messstelle und Jahr","PhytoSee Online 8.0.3 (09.04.2024)","Phytoplankton",NA,"433268","5785615","2,42",NA,NA,"DELW_DEBB800015828419"
"1248","800015828419","Scharmützelsee",NA,"846","2006","TIL_Nord","See; berechneter Trophie-Index Nord","nicht bekannt","Diatomeen",NA,"435585","5793247","2,96",NA,NA,"DELW_DEBB800015828419"
"1249","800015828419","Scharmützelsee",NA,"841","2023","Vegetationsgrenze","Vegetationsgrenze","PHYLIB 5.3","Makrophyten",NA,"436560","5789932","4,8",NA,NA,"DELW_DEBB800015828419"
"1250","800015828419","Scharmützelsee",NA,"847","2007","Teilbewertung Makrophyten","Bewertung der Messstelle (1 bis 5 möglich), bei leeren Feld ist das Ergebnis ungesichert","MIB 2004","Makrophyten",NA,"436233","5788720","3",NA,NA,"DELW_DEBB800015828419"
"1251","800015828419","Scharmützelsee",NA,"843","2004","MIB","Makrophytenindex Brandenburg","MIB 2004","Makrophyten",NA,"432922","5784672","2,67",NA,NA,"DELW_DEBB800015828419"
"1252","800015828419","Scharmützelsee",NA,"846","2004","I_UMG","Index aus der unteren Makrophytengrenze, Teilindex des MIB","MIB 2004","Makrophyten",NA,"435585","5793247","0-2,88",NA,NA,"DELW_DEBB800015828419"
"1253","800015828419","Scharmützelsee",NA,"847","2010","Teilbewertung Diatomeen, vorläufig/FGW - Ergebnis ohne Salzbelastung & See - vorläufige Bewertung","See, FGW; Bewertung der Messstelle (1 bis 5 möglich), bei Wert='999' ist das Ergebnis ungesichert; Seen - TI-Anteil, RAQ-Arten und TI-Anzahl wird berücksichtigt","PHYLIB 4.1","Diatomeen",NA,"436233","5788720","3",NA,NA,"DELW_DEBB800015828419"
"1254","800015828419","Scharmützelsee",NA,"845","2017","I_Arten","Artindex, Teilindex des MIB","MIB 2004","Makrophyten",NA,"435113","5790286","0-2,73",NA,NA,"DELW_DEBB800015828419"
"1255","800015828419","Scharmützelsee",NA,"848","2023","RAQ gesichert","RAQ gesichert","PHYLIB 5.3","Diatomeen",NA,"434424","5788607","1",NA,NA,"DELW_DEBB800015828419"
"1256","800015828419","Scharmützelsee",NA,"800015828419_HM","2023","MST Chryso-Bewertung","Bewertung Chryso für Messstelle und Jahr","PhytoSee Online 8.0.3 (09.04.2024)","Phytoplankton",NA,"433268","5785615","0-,31",NA,NA,"DELW_DEBB800015828419"
"1257","800015828419","Scharmützelsee",NA,"845","2023","Makrophytentyp","Makrophytentyp des Wasserköpers verwendet in der Bewertung der Messstelle (siehe Tabelle WAGUET_OWNER_SCHLUESSEL_WERT_TEXT)","PHYLIB 5.3","Diatomeen",NA,"435113","5790286","TKg - 13",NA,NA,"DELW_DEBB800015828419"
"1258","800015828419","Scharmützelsee",NA,"848","2006","M_TILNord / Trophieindex (umger.)","See; Modul Trophie-Index (Wert zwischen 0 und 1)","nicht bekannt","Diatomeen",NA,"434424","5788607","0,47",NA,NA,"DELW_DEBB800015828419"
"1259","800015828419","Scharmützelsee",NA,"800015828419_HM","2023","MST N_Tage",NA,"PhytoSee Online 8.0.3 (09.04.2024)","Phytoplankton",NA,"433268","5785615","6",NA,NA,"DELW_DEBB800015828419"
"1260","800015828419","Scharmützelsee",NA,"8400015","2020","Teilbewertung_QK_MZB","MZB-Gesamtbewertung/ Bi Ben_Inv","AESHNA (Version Mai 2017)","Makrozoobenthos",NA,"435884","5791543","1",NA,NA,"DELW_DEBB800015828419"
"1261","800015828419","Scharmützelsee",NA,"844","2006","Teilbewertung Diatomeen/Zustands-/Potentialklasse FGW und Seen","FGW, See; Bewertung der Messstelle (1 bis 5 möglich), bei Wert='999' ist das Ergebnis ungesichert; (bei FGW-Halobienindex und Versauerung wird berücksichtigt)","nicht bekannt","Diatomeen",NA,"433294","5786834","999999",NA,NA,"DELW_DEBB800015828419"
"1262","800015828419","Scharmützelsee",NA,"846","2006","Teilbewertung Diatomeen/Zustands-/Potentialklasse FGW und Seen","FGW, See; Bewertung der Messstelle (1 bis 5 möglich), bei Wert='999' ist das Ergebnis ungesichert; (bei FGW-Halobienindex und Versauerung wird berücksichtigt)","nicht bekannt","Diatomeen",NA,"435585","5793247","3",NA,NA,"DELW_DEBB800015828419"
"1263","800015828419","Scharmützelsee",NA,"800015828419_HM","2023","MST IST_PTSI_WERT","Phytoplankton-Taxa-Seen-Index Ist-Wert im Jahresmittel für die Messstelle","PhytoSee Online 8.0.3 (09.04.2024)","Phytoplankton",NA,"433268","5785615","2,68",NA,NA,"DELW_DEBB800015828419"
"1264","800015828419","Scharmützelsee",NA,"846","2014","Makrophytentyp","Makrophytentyp des Wasserköpers verwendet in der Bewertung der Messstelle (siehe Tabelle WAGUET_OWNER_SCHLUESSEL_WERT_TEXT)","PHYLIB 5.3","Diatomeen",NA,"435585","5793247","TKg - 13",NA,NA,"DELW_DEBB800015828419"
"1265","800015828419","Scharmützelsee",NA,"847","2001","I_UMG","Index aus der unteren Makrophytengrenze, Teilindex des MIB","MIB 2004","Makrophyten",NA,"436233","5788720","0-3,13",NA,NA,"DELW_DEBB800015828419"
"1266","800015828419","Scharmützelsee",NA,"800015828419_HM","2021","Sichttiefe_Saison_Anzahl",NA,"LAWA-TI Gewässerbewertung stehender Gewässer","Chemie (See und FG)",NA,"433268","5785615","7",NA,NA,"DELW_DEBB800015828419"
"1267","800015828419","Scharmützelsee",NA,"800015828419_HM","2010","MST Gesamtbiovolumen in mm3/l","Gesamtbiovolumen Saison (mm3/l) im Mittel Mittel März - November","PhytoSee 7.0 (15.12.2017)","Phytoplankton","mm3/l","433268","5785615","1,4",NA,NA,"DELW_DEBB800015828419"
"1268","800015828419","Scharmützelsee",NA,"845","2014","WRRL-Fließgewässertyp","WRRL-Fließgewässertyp und -Seetyp verwendet in der Bewertung der Messstelle (siehe Tabelle WAGUET_OWNER_SCHLUESSEL_WERT_TEXT)","PHYLIB 5.3","Diatomeen",NA,"435113","5790286","13",NA,NA,"DELW_DEBB800015828419"
"1269","800015828419","Scharmützelsee",NA,"845","2007","I_Arten","Artindex, Teilindex des MIB","MIB 2004","Makrophyten",NA,"435113","5790286","0-4,02",NA,NA,"DELW_DEBB800015828419"
"1270","800015828419","Scharmützelsee",NA,"800015828419_HM","2020","MST Intercalibration lake types",NA,"PhytoSee 7.0 (15.12.2017)","Phytoplankton",NA,"433268","5785615","in part L-CB1",NA,NA,"DELW_DEBB800015828419"
"1271","800015828419","Scharmützelsee",NA,"800015828419_HM","2005","Bewertung Phytoplankton","Bi Phytoplankton ( nach neuer (2009) See-Typzuweisung und Phytosee 4) und Phytofliess","PhytoSee 5.0 (2013)","Phytoplankton",NA,"433268","5785615","2",NA,NA,"DELW_DEBB800015828419"
"1272","800015828419","Scharmützelsee",NA,"8400014","2020","Teilbewertung_QK_MZB","MZB-Gesamtbewertung/ Bi Ben_Inv","AESHNA (Version Mai 2017)","Makrozoobenthos",NA,"435638","5788442","2",NA,NA,"DELW_DEBB800015828419"
"1273","800015828419","Scharmützelsee",NA,"845","2010","I_UMG","Index aus der unteren Makrophytengrenze, Teilindex des MIB","MIB 2004","Makrophyten",NA,"435113","5790286","0-2,73",NA,NA,"DELW_DEBB800015828419"
"1274","800015828419","Scharmützelsee",NA,"800015828419_HM","2020","MST G_Biomasse",NA,"PhytoSee 7.0 (15.12.2017)","Phytoplankton",NA,"433268","5785615","4",NA,NA,"DELW_DEBB800015828419"
"1275","800015828419","Scharmützelsee",NA,"841","2023","Makrophytentyp","Makrophytentyp des Wasserköpers verwendet in der Bewertung der Messstelle (siehe Tabelle WAGUET_OWNER_SCHLUESSEL_WERT_TEXT)","PHYLIB 5.3","Makrophyten",NA,"436560","5789932","TKg - 13",NA,NA,"DELW_DEBB800015828419"
"1276","800015828419","Scharmützelsee",NA,"846","2014","aerophileArten%","See; Fließgew, sauerstoffliebende Arten in Prozent nach Schaumburg","PHYLIB 5.3","Diatomeen",NA,"435585","5793247","0,4",NA,NA,"DELW_DEBB800015828419"
"1277","800015828419","Scharmützelsee",NA,"843","2023","Vegetationsgrenze plausibel","Vegetationsgrenze plausibel","PHYLIB 5.3","Makrophyten",NA,"432922","5784672","true",NA,NA,"DELW_DEBB800015828419"
"1278","800015828419","Scharmützelsee",NA,"800015828419_HM","2023","MST Diff PTSI-RefTrophie","Differenz zwischen PTSI und Referenztrophiefür Messstelle und Jahr","PhytoSee Online 8.0.3 (09.04.2024)","Phytoplankton",NA,"433268","5785615","1,43",NA,NA,"DELW_DEBB800015828419"
"1279","800015828419","Scharmützelsee",NA,"5837610","1992","Chl_MW","Jahresmittelwert Chl-a in µg/l","nicht bekannt","Chemie (See und FG)",NA,NA,NA,"54,5",NA,NA,"DELW_DEBB800015828419"
"1280","800015828419","Scharmützelsee",NA,"843","2014","M_TILNord / Trophieindex (umger.)","See; Modul Trophie-Index (Wert zwischen 0 und 1)","PHYLIB 5.3","Diatomeen",NA,"432922","5784672","0,67",NA,NA,"DELW_DEBB800015828419"
"1281","800015828419","Scharmützelsee",NA,"800015828419_HM","2020","TP_Saison",NA,"LAWA-TI Gewässerbewertung stehender Gewässer","Chemie (See und FG)",NA,"433268","5785615","35,17",NA,NA,"DELW_DEBB800015828419"
"1282","800015828419","Scharmützelsee",NA,"844","2023","Zustandsklasse","Zustands-/Potentialklasse","PHYLIB 5.3","Diatomeen",NA,"433294","5786834","3",NA,NA,"DELW_DEBB800015828419"
"1283","800015828419","Scharmützelsee",NA,"800015828419_HM","2023","MST TypPTSI_Ref","PTSI-Referenz für den Typ","PhytoSee Online 8.0.3 (09.04.2024)","Phytoplankton",NA,"433268","5785615","1,25",NA,NA,"DELW_DEBB800015828419"
"1284","800015828419","Scharmützelsee",NA,"847","2014","Teilbewertung Diatomeen, vorläufig/FGW - Ergebnis ohne Salzbelastung & See - vorläufige Bewertung","See, FGW; Bewertung der Messstelle (1 bis 5 möglich), bei Wert='999' ist das Ergebnis ungesichert; Seen - TI-Anteil, RAQ-Arten und TI-Anzahl wird berücksichtigt","PHYLIB 5.3","Diatomeen",NA,"436233","5788720","3",NA,NA,"DELW_DEBB800015828419"
"1285","800015828419","Scharmützelsee",NA,"842","2004","Teilbewertung Makrophyten","Bewertung der Messstelle (1 bis 5 möglich), bei leeren Feld ist das Ergebnis ungesichert","MIB 2004","Makrophyten",NA,"434745","5786833","3",NA,NA,"DELW_DEBB800015828419"
"1286","800015828419","Scharmützelsee",NA,"842","2007","I_Arten","Artindex, Teilindex des MIB","MIB 2004","Makrophyten",NA,"434745","5786833","0-4,03",NA,NA,"DELW_DEBB800015828419"
"1287","800015828419","Scharmützelsee",NA,"800015828419_HM","2021","TI_akt","LAWA-Trophieindex","LAWA-TI Gewässerbewertung stehender Gewässer","Chemie (See und FG)",NA,"433268","5785615","2,21",NA,NA,"DELW_DEBB800015828419"
"1288","800015828419","Scharmützelsee",NA,"847","2023","Zustandsklasse","Zustands-/Potentialklasse","PHYLIB 5.3","Diatomeen",NA,"436233","5788720","4",NA,NA,"DELW_DEBB800015828419"
"1289","800015828419","Scharmützelsee",NA,"845","2014","M_RAQ","See; Modul Referenzartenquotien","PHYLIB 5.3","Diatomeen",NA,"435113","5790286","0-,29",NA,NA,"DELW_DEBB800015828419"
"1290","800015828419","Scharmützelsee",NA,"846","2010","Teilbewertung Makrophyten","Bewertung der Messstelle (1 bis 5 möglich), bei leeren Feld ist das Ergebnis ungesichert","MIB 2004","Makrophyten",NA,"435585","5793247","3",NA,NA,"DELW_DEBB800015828419"
"1291","800015828419","Scharmützelsee",NA,"846","2004","Teilbewertung Makrophyten","Bewertung der Messstelle (1 bis 5 möglich), bei leeren Feld ist das Ergebnis ungesichert","MIB 2004","Makrophyten",NA,"435585","5793247","3",NA,NA,"DELW_DEBB800015828419"
"1292","800015828419","Scharmützelsee",NA,"800015828419_HM","2010","MST N_Indikatortaxa","mittlere Anzahl nutzbarer Indikatortaxa","PhytoSee 7.0 (15.12.2017)","Phytoplankton",NA,"433268","5785615","8,5",NA,NA,"DELW_DEBB800015828419"
"1293","800015828419","Scharmützelsee",NA,"800015828419_HM","2022","TP_Saison",NA,"LAWA-TI Gewässerbewertung stehender Gewässer","Chemie (See und FG)",NA,"433268","5785615","26,14",NA,NA,"DELW_DEBB800015828419"
"1294","800015828419","Scharmützelsee",NA,"800015828419_HM","2023","ST_Saison",NA,"LAWA-TI Gewässerbewertung stehender Gewässer","Chemie (See und FG)",NA,"433268","5785615","3,46",NA,NA,"DELW_DEBB800015828419"
"1295","800015828419","Scharmützelsee",NA,"846","2014","M_RAQ","See; Modul Referenzartenquotien","PHYLIB 5.3","Diatomeen",NA,"435585","5793247","0-,6",NA,NA,"DELW_DEBB800015828419"
"1296","800015828419","Scharmützelsee",NA,"842","2014","TIL_Nord","See; berechneter Trophie-Index Nord","PHYLIB 5.3","Diatomeen",NA,"434745","5786833","2",NA,NA,"DELW_DEBB800015828419"
"1297","800015828419","Scharmützelsee",NA,"843","2010","Teilbewertung Diatomeen, vorläufig/FGW - Ergebnis ohne Salzbelastung & See - vorläufige Bewertung","See, FGW; Bewertung der Messstelle (1 bis 5 möglich), bei Wert='999' ist das Ergebnis ungesichert; Seen - TI-Anteil, RAQ-Arten und TI-Anzahl wird berücksichtigt","PHYLIB 4.1","Diatomeen",NA,"432922","5784672","3",NA,NA,"DELW_DEBB800015828419"
"1298","800015828419","Scharmützelsee",NA,"844","2010","I_Arten","Artindex, Teilindex des MIB","MIB 2004","Makrophyten",NA,"433294","5786834","0-4,02",NA,NA,"DELW_DEBB800015828419"
"1299","800015828419","Scharmützelsee",NA,"800015828419_HM","2024","MST Chla µg/l",NA,"PhytoSee Online 8.0.3 (09.04.2024)","Phytoplankton",NA,"433268","5785615","5,67",NA,NA,"DELW_DEBB800015828419"
"1300","800015828419","Scharmützelsee",NA,"848","2023","Teilbewertung Diatomeen/Zustands-/Potentialklasse FGW und Seen","FGW, See; Bewertung der Messstelle (1 bis 5 möglich), bei Wert='999' ist das Ergebnis ungesichert; (bei FGW-Halobienindex und Versauerung wird berücksichtigt)","PHYLIB 5.3","Diatomeen",NA,"434424","5788607","3",NA,NA,"DELW_DEBB800015828419"
"1301","800015828419","Scharmützelsee",NA,"800015828419_HM","2017","Bewertung Phytoplankton","Bi Phytoplankton ( nach neuer (2009) See-Typzuweisung und Phytosee 4) und Phytofliess","PhytoSee 7.0 (15.12.2017)","Phytoplankton",NA,"433268","5785615","2",NA,NA,"DELW_DEBB800015828419"
"1302","800015828419","Scharmützelsee",NA,"841","2006","M_TILNord / Trophieindex (umger.)","See; Modul Trophie-Index (Wert zwischen 0 und 1)","nicht bekannt","Diatomeen",NA,"436560","5789932","0,4",NA,NA,"DELW_DEBB800015828419"
"1303","800015828419","Scharmützelsee",NA,"847","2017","MIB","Makrophytenindex Brandenburg","MIB 2004","Makrophyten",NA,"436233","5788720","2,19",NA,NA,"DELW_DEBB800015828419"
"1304","800015828419","Scharmützelsee",NA,"800015828419_HM","2010","MST Biomasse_Metrik","Metrik Biomasse  für Messstelle und Jahr","PhytoSee 7.0 (15.12.2017)","Phytoplankton",NA,"433268","5785615","2,88",NA,NA,"DELW_DEBB800015828419"
"1305","800015828419","Scharmützelsee",NA,"841","2023","Teilbewertung Diatomeen/Zustands-/Potentialklasse FGW und Seen","FGW, See; Bewertung der Messstelle (1 bis 5 möglich), bei Wert='999' ist das Ergebnis ungesichert; (bei FGW-Halobienindex und Versauerung wird berücksichtigt)","PHYLIB 5.3","Diatomeen",NA,"436560","5789932","3",NA,NA,"DELW_DEBB800015828419"
"1306","800015828419","Scharmützelsee",NA,"843","2023","Teilbewertung Diatomeen/Zustands-/Potentialklasse FGW und Seen","FGW, See; Bewertung der Messstelle (1 bis 5 möglich), bei Wert='999' ist das Ergebnis ungesichert; (bei FGW-Halobienindex und Versauerung wird berücksichtigt)","PHYLIB 5.3","Diatomeen",NA,"432922","5784672","3",NA,NA,"DELW_DEBB800015828419"
"1307","800015828419","Scharmützelsee",NA,"842","2004","MIB","Makrophytenindex Brandenburg","MIB 2004","Makrophyten",NA,"434745","5786833","2,46",NA,NA,"DELW_DEBB800015828419"
"1308","800015828419","Scharmützelsee",NA,"841","2010","I_UMG","Index aus der unteren Makrophytengrenze, Teilindex des MIB","MIB 2004","Makrophyten",NA,"436560","5789932","0-3,92",NA,NA,"DELW_DEBB800015828419"
"1309","800015828419","Scharmützelsee",NA,"843","2023","M-sicher","M-sicher","PHYLIB 5.3","Diatomeen",NA,"432922","5784672","false",NA,NA,"DELW_DEBB800015828419"
"1310","800015828419","Scharmützelsee",NA,"800015828419_HM","2023","MST Dino_Cyano-Bewertung","Bewertung Dino_Cyano für Messstelle und Jahr","PhytoSee Online 8.0.3 (09.04.2024)","Phytoplankton",NA,"433268","5785615","3,15",NA,NA,"DELW_DEBB800015828419"
"1311","800015828419","Scharmützelsee",NA,"800015828419_HM","2023","Chl_Saison_Anzahl",NA,"LAWA-TI Gewässerbewertung stehender Gewässer","Chemie (See und FG)",NA,"433268","5785615","10",NA,NA,"DELW_DEBB800015828419"
"1312","800015828419","Scharmützelsee",NA,"848","2023","Vegetationsgrenze plausibel","Vegetationsgrenze plausibel","PHYLIB 5.3","Makrophyten",NA,"434424","5788607","true",NA,NA,"DELW_DEBB800015828419"
"1313","800015828419","Scharmützelsee",NA,"800015828419_HM","2024","Chl_Saison_Anzahl",NA,"LAWA-TI Gewässerbewertung stehender Gewässer","Chemie (See und FG)",NA,"433268","5785615","10",NA,NA,"DELW_DEBB800015828419"
"1314","800015828419","Scharmützelsee",NA,"800015828419_HM","2010","MST Typ_Nr","PP-Subtyp der bewerteten MST im Jahr der Untersuchung","PhytoSee 7.0 (15.12.2017)","Phytoplankton",NA,"433268","5785615","PP 13",NA,NA,"DELW_DEBB800015828419"
"1315","800015828419","Scharmützelsee",NA,"5837610","1992","Sichttiefe_Jahesmittel","Sichttiefe_Jahesmittel in m","nicht bekannt","Chemie (See und FG)",NA,NA,NA,"1,2",NA,NA,"DELW_DEBB800015828419"
"1316","800015828419","Scharmützelsee",NA,"842","2023","Makrophytenverödung","Makrophytenverödung","PHYLIB 5.3","Makrophyten",NA,"434745","5786833","false",NA,NA,"DELW_DEBB800015828419"
"1317","800015828419","Scharmützelsee",NA,"844","2014","aerophileArten%","See; Fließgew, sauerstoffliebende Arten in Prozent nach Schaumburg","PHYLIB 5.3","Diatomeen",NA,"433294","5786834","0",NA,NA,"DELW_DEBB800015828419"
"1318","800015828419","Scharmützelsee",NA,"847","2023","RAQ gesichert","RAQ gesichert","PHYLIB 5.3","Diatomeen",NA,"436233","5788720","1",NA,NA,"DELW_DEBB800015828419"
"1319","800015828419","Scharmützelsee",NA,"842","2006","M_RAQ","See; Modul Referenzartenquotien","nicht bekannt","Diatomeen",NA,"434745","5786833","0,2",NA,NA,"DELW_DEBB800015828419"
"1320","800015828419","Scharmützelsee",NA,"846","2017","MIB","Makrophytenindex Brandenburg","nicht bekannt","Makrophyten",NA,"435585","5793247","2,3",NA,NA,"DELW_DEBB800015828419"
"1321","800015828419","Scharmützelsee",NA,"845","2017","I_UMG","Index aus der unteren Makrophytengrenze, Teilindex des MIB","MIB 2004","Makrophyten",NA,"435113","5790286","0-3,67",NA,NA,"DELW_DEBB800015828419"
"1322","800015828419","Scharmützelsee",NA,"800015828419_HM","2017","TP_Saison",NA,"LAWA-TI Gewässerbewertung stehender Gewässer","Chemie (See und FG)",NA,"433268","5785615","34,67",NA,NA,"DELW_DEBB800015828419"
"1323","800015828419","Scharmützelsee",NA,"844","2023","Vegetationsgrenze","Vegetationsgrenze","PHYLIB 5.3","Makrophyten",NA,"433294","5786834","6",NA,NA,"DELW_DEBB800015828419"
"1324","800015828419","Scharmützelsee",NA,"800015828419_HM","2020","TI_akt","LAWA-Trophieindex","LAWA-TI Gewässerbewertung stehender Gewässer","Chemie (See und FG)",NA,"433268","5785615","2,31",NA,NA,"DELW_DEBB800015828419"
"1325","800015828419","Scharmützelsee",NA,"800015828419_HM","2023","MST MaxvonMonat",NA,"PhytoSee Online 8.0.3 (09.04.2024)","Phytoplankton",NA,"433268","5785615","9",NA,NA,"DELW_DEBB800015828419"
"1326","800015828419","Scharmützelsee",NA,"842","2023","Makrophytentyp","Makrophytentyp des Wasserköpers verwendet in der Bewertung der Messstelle (siehe Tabelle WAGUET_OWNER_SCHLUESSEL_WERT_TEXT)","PHYLIB 5.3","Diatomeen",NA,"434745","5786833","TKg - 13",NA,NA,"DELW_DEBB800015828419"
"1327","800015828419","Scharmützelsee",NA,"847","2023","Makrophytentyp","Makrophytentyp des Wasserköpers verwendet in der Bewertung der Messstelle (siehe Tabelle WAGUET_OWNER_SCHLUESSEL_WERT_TEXT)","PHYLIB 5.3","Diatomeen",NA,"436233","5788720","TKg - 13",NA,NA,"DELW_DEBB800015828419"
"1328","800015828419","Scharmützelsee",NA,"842","2023","WRRL-Fließgewässertyp","WRRL-Fließgewässertyp und -Seetyp verwendet in der Bewertung der Messstelle (siehe Tabelle WAGUET_OWNER_SCHLUESSEL_WERT_TEXT)","PHYLIB 5.3","Diatomeen",NA,"434745","5786833","13",NA,NA,"DELW_DEBB800015828419"
"1329","800015828419","Scharmützelsee",NA,"844","2023","Vegetationsgrenze plausibel","Vegetationsgrenze plausibel","PHYLIB 5.3","Makrophyten",NA,"433294","5786834","true",NA,NA,"DELW_DEBB800015828419"
"1330","800015828419","Scharmützelsee",NA,"844","2023","Gesamthäufigkeit (prozent) D","Gesamthäufigkeit [%] D","PHYLIB 5.3","Makrophyten",NA,"433294","5786834","0",NA,NA,"DELW_DEBB800015828419"
"1331","800015828419","Scharmützelsee",NA,"844","2023","Makrophytenverödung","Makrophytenverödung","PHYLIB 5.3","Makrophyten",NA,"433294","5786834","false",NA,NA,"DELW_DEBB800015828419"
"1332","800015828419","Scharmützelsee",NA,"845","2006","TIL_Nord","See; berechneter Trophie-Index Nord","nicht bekannt","Diatomeen",NA,"435113","5790286","2,95",NA,NA,"DELW_DEBB800015828419"
"1333","800015828419","Scharmützelsee",NA,"848","2007","I_Arten","Artindex, Teilindex des MIB","MIB 2004","Makrophyten",NA,"434424","5788607","0-3,62",NA,NA,"DELW_DEBB800015828419"
"1334","800015828419","Scharmützelsee",NA,"847","2017","I_UMG","Index aus der unteren Makrophytengrenze, Teilindex des MIB","MIB 2004","Makrophyten",NA,"436233","5788720","0-3,42",NA,NA,"DELW_DEBB800015828419"
"1335","800015828419","Scharmützelsee",NA,"843","2006","M_TILNord / Trophieindex (umger.)","See; Modul Trophie-Index (Wert zwischen 0 und 1)","nicht bekannt","Diatomeen",NA,"432922","5784672","0,51",NA,NA,"DELW_DEBB800015828419"
"1336","800015828419","Scharmützelsee",NA,"842","2010","I_Arten","Artindex, Teilindex des MIB","MIB 2004","Makrophyten",NA,"434745","5786833","0-4",NA,NA,"DELW_DEBB800015828419"
"1337","800015828419","Scharmützelsee",NA,"848","2023","Diatomeentyp","Diatomeentyp des Wasserköpers verwendet in der Bewertung der Messstelle (siehe Tabelle WAGUET_OWNER_SCHLUESSEL_WERT_TEXT)","PHYLIB 5.3","Makrophyten",NA,"434424","5788607","DS 13.2",NA,NA,"DELW_DEBB800015828419"
"1338","800015828419","Scharmützelsee",NA,"800015828419_HM","2001","Bewertung Phytoplankton","Bi Phytoplankton ( nach neuer (2009) See-Typzuweisung und Phytosee 4) und Phytofliess","PhytoSee 5.0 (2013)","Phytoplankton",NA,"433268","5785615","4",NA,NA,"DELW_DEBB800015828419"
"1339","800015828419","Scharmützelsee",NA,"845","2010","I_Arten","Artindex, Teilindex des MIB","MIB 2004","Makrophyten",NA,"435113","5790286","0-3,86",NA,NA,"DELW_DEBB800015828419"
"1340","800015828419","Scharmützelsee",NA,"800015828419_HM","2020","MST Gewässerart",NA,"PhytoSee 7.0 (15.12.2017)","Phytoplankton",NA,"433268","5785615","See",NA,NA,"DELW_DEBB800015828419"
"1341","800015828419","Scharmützelsee",NA,"800015828419_HM","2024","MST TP µg/l",NA,"PhytoSee Online 8.0.3 (09.04.2024)","Phytoplankton",NA,"433268","5785615","42,67",NA,NA,"DELW_DEBB800015828419"
"1342","800015828419","Scharmützelsee",NA,"843","2006","Teilbewertung Diatomeen/Zustands-/Potentialklasse FGW und Seen","FGW, See; Bewertung der Messstelle (1 bis 5 möglich), bei Wert='999' ist das Ergebnis ungesichert; (bei FGW-Halobienindex und Versauerung wird berücksichtigt)","nicht bekannt","Diatomeen",NA,"432922","5784672","3",NA,NA,"DELW_DEBB800015828419"
"1343","800015828419","Scharmützelsee",NA,"843","2023","Vegetationsgrenze","Vegetationsgrenze","PHYLIB 5.3","Makrophyten",NA,"432922","5784672","6,2",NA,NA,"DELW_DEBB800015828419"
"1344","800015828419","Scharmützelsee",NA,"5837610","1995","Sichttiefe_Jahesmittel","Sichttiefe_Jahesmittel in m","nicht bekannt","Chemie (See und FG)",NA,NA,NA,"1,7",NA,NA,"DELW_DEBB800015828419"
"1345","800015828419","Scharmützelsee",NA,"847","2014","vorlaeufigeBewertung","See; Fließgew; vorläufige Bewertung der Messstelle, (FGW - Halobienindex und Versauerung wird nicht berücksichtigt; Seen - TI-Anteil, RAQ-Arten und TI-Anzahl wird nicht berücksichtigt)","PHYLIB 5.3","Diatomeen",NA,"436233","5788720","3",NA,NA,"DELW_DEBB800015828419"
"1346","800015828419","Scharmützelsee",NA,"845","2023","Vegetationsgrenze","Vegetationsgrenze","PHYLIB 5.3","Makrophyten",NA,"435113","5790286","5",NA,NA,"DELW_DEBB800015828419"
"1347","800015828419","Scharmützelsee",NA,"843","2023","Bewertung (dezimal)","Bewertung (dezimal)","PHYLIB 5.3","Makrophyten",NA,"432922","5784672","2,58",NA,NA,"DELW_DEBB800015828419"
"1348","800015828419","Scharmützelsee",NA,"800015828419_HM","2020","MST Dino_Cyano-Bewertung","Bewertung Dino_Cyano für Messstelle und Jahr","PhytoSee 7.0 (15.12.2017)","Phytoplankton",NA,"433268","5785615","0,9225",NA,NA,"DELW_DEBB800015828419"
"1349","800015828419","Scharmützelsee",NA,"845","2023","Vegetationsgrenze","Vegetationsgrenze","PHYLIB 5.3","Diatomeen",NA,"435113","5790286","1",NA,NA,"DELW_DEBB800015828419"
"1350","800015828419","Scharmützelsee",NA,"800015828419_HM","2024","Zustandsklasse Begründung","DeLFI","DeLFI","Fische",NA,"433268","5785615","TM vor SM (Ritterbusch)",NA,NA,"DELW_DEBB800015828419"
"1351","800015828419","Scharmützelsee",NA,"800015828419_HM","2024","MST Gesamtbiovolumen in mm3/l","Gesamtbiovolumen Saison (mm3/l) im Mittel Mittel März - November","PhytoSee Online 8.0.3 (09.04.2024)","Phytoplankton",NA,"433268","5785615","0,7781",NA,NA,"DELW_DEBB800015828419"
"1352","800015828419","Scharmützelsee",NA,"848","2007","MIB","Makrophytenindex Brandenburg","MIB 2004","Makrophyten",NA,"434424","5788607","2,32",NA,NA,"DELW_DEBB800015828419"
"1353","800015828419","Scharmützelsee",NA,"848","2017","I_Arten","Artindex, Teilindex des MIB","MIB 2004","Makrophyten",NA,"434424","5788607","0-3,55",NA,NA,"DELW_DEBB800015828419"
"1354","800015828419","Scharmützelsee",NA,"800015828419_HM","2020","MST N_Tage",NA,"PhytoSee 7.0 (15.12.2017)","Phytoplankton",NA,"433268","5785615","6",NA,NA,"DELW_DEBB800015828419"
"1355","800015828419","Scharmützelsee",NA,"848","2006","M_RAQ","See; Modul Referenzartenquotien","nicht bekannt","Diatomeen",NA,"434424","5788607","0,18",NA,NA,"DELW_DEBB800015828419"
"1356","800015828419","Scharmützelsee",NA,"800015828419_HM","2024","ST_Saison",NA,"LAWA-TI Gewässerbewertung stehender Gewässer","Chemie (See und FG)",NA,"433268","5785615","3,98",NA,NA,"DELW_DEBB800015828419"
"1357","800015828419","Scharmützelsee",NA,"800015828419_HM","2010","MST Algenklassen_Metrik","Bewertung anhand des Mittelwertergebnisses aller Einzel-Klassenmetriks je Seentyp unter der Regel: Wenn Bewertungswert <0,5 dann gleich Wert 0,5 oder wenn Bewertungswert >5,5 dann gleich Wert 5,5","PhytoSee 7.0 (15.12.2017)","Phytoplankton",NA,"433268","5785615","3,06",NA,NA,"DELW_DEBB800015828419"
"1358","800015828419","Scharmützelsee",NA,"800015828419_HM","2023","MST Bac_Chloro_S_Bew","Bewertung Bac_Chloro für Messstelle und Jahr","PhytoSee Online 8.0.3 (09.04.2024)","Phytoplankton",NA,"433268","5785615","2,68",NA,NA,"DELW_DEBB800015828419"
"1359","800015828419","Scharmützelsee",NA,"847","2006","Anzahl inidkativer Taxa","Diatomeen Seen","nicht bekannt","Diatomeen",NA,"436233","5788720","15",NA,NA,"DELW_DEBB800015828419"
"1360","800015828419","Scharmützelsee",NA,"842","2023","WRRL-Fließgewässertyp","WRRL-Fließgewässertyp und -Seetyp verwendet in der Bewertung der Messstelle (siehe Tabelle WAGUET_OWNER_SCHLUESSEL_WERT_TEXT)","PHYLIB 5.3","Makrophyten",NA,"434745","5786833","13",NA,NA,"DELW_DEBB800015828419"
"1361","800015828419","Scharmützelsee",NA,"842","2007","Teilbewertung Makrophyten","Bewertung der Messstelle (1 bis 5 möglich), bei leeren Feld ist das Ergebnis ungesichert","MIB 2004","Makrophyten",NA,"434745","5786833","3",NA,NA,"DELW_DEBB800015828419"
"1362","800015828419","Scharmützelsee",NA,"800015828419_HM","2020","MST Crypto-Bewertung","Bewertung Crypto für Messstelle und Jahr","PhytoSee 7.0 (15.12.2017)","Phytoplankton",NA,"433268","5785615","2,94",NA,NA,"DELW_DEBB800015828419"
"1363","800015828419","Scharmützelsee",NA,"843","2010","I_Arten","Artindex, Teilindex des MIB","MIB 2004","Makrophyten",NA,"432922","5784672","0-3,79",NA,NA,"DELW_DEBB800015828419"
"1364","800015828419","Scharmützelsee",NA,"800015828419_HM","2023","TI_akt","LAWA-Trophieindex","LAWA-TI Gewässerbewertung stehender Gewässer","Chemie (See und FG)",NA,"433268","5785615","2,36",NA,NA,"DELW_DEBB800015828419"
"1365","800015828419","Scharmützelsee",NA,"8400010","2020","MMI","Multimetrischer Index","AESHNA (Version Mai 2017)","Makrozoobenthos",NA,"434752","5791479","0,87",NA,NA,"DELW_DEBB800015828419"
"1366","800015828419","Scharmützelsee",NA,"844","2023","Teilbewertung Diatomeen/Zustands-/Potentialklasse FGW und Seen","FGW, See; Bewertung der Messstelle (1 bis 5 möglich), bei Wert='999' ist das Ergebnis ungesichert; (bei FGW-Halobienindex und Versauerung wird berücksichtigt)","PHYLIB 5.3","Diatomeen",NA,"433294","5786834","3",NA,NA,"DELW_DEBB800015828419"
"1367","800015828419","Scharmützelsee",NA,"800015828419_HM","2023","TP_Frühjahr_Anzahl",NA,"LAWA-TI Gewässerbewertung stehender Gewässer","Chemie (See und FG)",NA,"433268","5785615","7",NA,NA,"DELW_DEBB800015828419"
"1368","800015828419","Scharmützelsee",NA,"844","2023","Diatomeentyp","Diatomeentyp des Wasserköpers verwendet in der Bewertung der Messstelle (siehe Tabelle WAGUET_OWNER_SCHLUESSEL_WERT_TEXT)","PHYLIB 5.3","Makrophyten",NA,"433294","5786834","DS 13.2",NA,NA,"DELW_DEBB800015828419"
"1369","800015828419","Scharmützelsee",NA,"845","2023","Diatomeentyp","Diatomeentyp des Wasserköpers verwendet in der Bewertung der Messstelle (siehe Tabelle WAGUET_OWNER_SCHLUESSEL_WERT_TEXT)","PHYLIB 5.3","Diatomeen",NA,"435113","5790286","DS 13.2",NA,NA,"DELW_DEBB800015828419"
"1370","800015828419","Scharmützelsee",NA,"844","2023","Makrophytentyp","Makrophytentyp des Wasserköpers verwendet in der Bewertung der Messstelle (siehe Tabelle WAGUET_OWNER_SCHLUESSEL_WERT_TEXT)","PHYLIB 5.3","Diatomeen",NA,"433294","5786834","TKg - 13",NA,NA,"DELW_DEBB800015828419"
"1371","800015828419","Scharmützelsee",NA,"846","2023","Makrophytentyp","Makrophytentyp des Wasserköpers verwendet in der Bewertung der Messstelle (siehe Tabelle WAGUET_OWNER_SCHLUESSEL_WERT_TEXT)","PHYLIB 5.3","Diatomeen",NA,"435585","5793247","TKg - 13",NA,NA,"DELW_DEBB800015828419"
"1372","800015828419","Scharmützelsee",NA,"844","2023","WRRL-Fließgewässertyp","WRRL-Fließgewässertyp und -Seetyp verwendet in der Bewertung der Messstelle (siehe Tabelle WAGUET_OWNER_SCHLUESSEL_WERT_TEXT)","PHYLIB 5.3","Diatomeen",NA,"433294","5786834","13",NA,NA,"DELW_DEBB800015828419"
"1373","800015828419","Scharmützelsee",NA,"846","2010","I_Arten","Artindex, Teilindex des MIB","MIB 2004","Makrophyten",NA,"435585","5793247","0-3,57",NA,NA,"DELW_DEBB800015828419"
"1374","800015828419","Scharmützelsee",NA,"800015828419_HM","2007","Sichttiefe_Saison_Anzahl",NA,"LAWA-TI Gewässerbewertung stehender Gewässer","Chemie (See und FG)",NA,"433268","5785615","7",NA,NA,"DELW_DEBB800015828419"
"1375","800015828419","Scharmützelsee",NA,"848","2023","Zustandsklasse","Zustands-/Potentialklasse","PHYLIB 5.3","Makrophyten",NA,"434424","5788607","3",NA,NA,"DELW_DEBB800015828419"
"1376","800015828419","Scharmützelsee",NA,"800015828419_HM","2024","MST N Monate",NA,"PhytoSee Online 8.0.3 (09.04.2024)","Phytoplankton",NA,"433268","5785615","9",NA,NA,"DELW_DEBB800015828419"
"1377","800015828419","Scharmützelsee",NA,"800015828419_HM","2024","MST Algenklassen_Metrik","Bewertung anhand des Mittelwertergebnisses aller Einzel-Klassenmetriks je Seentyp unter der Regel: Wenn Bewertungswert <0,5 dann gleich Wert 0,5 oder wenn Bewertungswert >5,5 dann gleich Wert 5,5","PhytoSee Online 8.0.3 (09.04.2024)","Phytoplankton",NA,"433268","5785615","1,96",NA,NA,"DELW_DEBB800015828419"
"1378","800015828419","Scharmützelsee",NA,"800015828419_HM","2023","MST PTSI_Bew","PTSI-Bewertung für Messstelle und Jahr","PhytoSee Online 8.0.3 (09.04.2024)","Phytoplankton",NA,"433268","5785615","3,36",NA,NA,"DELW_DEBB800015828419"
"1379","800015828419","Scharmützelsee",NA,"847","2007","MIB","Makrophytenindex Brandenburg","MIB 2004","Makrophyten",NA,"436233","5788720","2,54",NA,NA,"DELW_DEBB800015828419"
"1380","800015828419","Scharmützelsee",NA,"844","2023","Bewertung (dezimal)","Bewertung (dezimal)","PHYLIB 5.3","Makrophyten",NA,"433294","5786834","2,79",NA,NA,"DELW_DEBB800015828419"
"1381","800015828419","Scharmützelsee",NA,"8400012","2020","MMI","Multimetrischer Index","AESHNA (Version Mai 2017)","Makrozoobenthos",NA,"432705","5785404","0,74",NA,NA,"DELW_DEBB800015828419"
"1382","800015828419","Scharmützelsee",NA,"800015828419_HM","2010","MST Crypto-Bewertung","Bewertung Crypto für Messstelle und Jahr","PhytoSee 7.0 (15.12.2017)","Phytoplankton",NA,"433268","5785615","2,92",NA,NA,"DELW_DEBB800015828419"
"1383","800015828419","Scharmützelsee",NA,"846","2006","M_RAQ","See; Modul Referenzartenquotien","nicht bekannt","Diatomeen",NA,"435585","5793247","0,2",NA,NA,"DELW_DEBB800015828419"
"1384","800015828419","Scharmützelsee",NA,"842","2004","I_UMG","Index aus der unteren Makrophytengrenze, Teilindex des MIB","MIB 2004","Makrophyten",NA,"434745","5786833","0-2,64",NA,NA,"DELW_DEBB800015828419"
"1385","800015828419","Scharmützelsee",NA,"841","2006","M_RAQ","See; Modul Referenzartenquotien","nicht bekannt","Diatomeen",NA,"436560","5789932","0,21",NA,NA,"DELW_DEBB800015828419"
"1386","800015828419","Scharmützelsee",NA,"800015828419_HM","2024","Modul","DeLFI","DeLFI","Fische",NA,"433268","5785615","1",NA,NA,"DELW_DEBB800015828419"
"1387","800015828419","Scharmützelsee",NA,"846","2023","Gesamthäufigkeit (prozent) D","Gesamthäufigkeit [%] D","PHYLIB 5.3","Makrophyten",NA,"435585","5793247","0",NA,NA,"DELW_DEBB800015828419"
"1388","800015828419","Scharmützelsee",NA,"846","2023","Diatomeentyp","Diatomeentyp des Wasserköpers verwendet in der Bewertung der Messstelle (siehe Tabelle WAGUET_OWNER_SCHLUESSEL_WERT_TEXT)","PHYLIB 5.3","Diatomeen",NA,"435585","5793247","DS 13.2",NA,NA,"DELW_DEBB800015828419"
"1389","800015828419","Scharmützelsee",NA,"841","2023","Bewertung (dezimal)","Bewertung (dezimal)","PHYLIB 5.3","Diatomeen",NA,"436560","5789932","3,43",NA,NA,"DELW_DEBB800015828419"
"1390","800015828419","Scharmützelsee",NA,"800015828419_HM","2020","MST PTSI H/G","H/G PTSI vom Typ","PhytoSee 7.0 (15.12.2017)","Phytoplankton",NA,"433268","5785615","1,75",NA,NA,"DELW_DEBB800015828419"
"1391","800015828419","Scharmützelsee",NA,"843","2010","MIB","Makrophytenindex Brandenburg","MIB 2004","Makrophyten",NA,"432922","5784672","2,39",NA,NA,"DELW_DEBB800015828419"
"1392","800015828419","Scharmützelsee",NA,"800015828419_HM","2014","ST_Saison",NA,"LAWA-TI Gewässerbewertung stehender Gewässer","Chemie (See und FG)",NA,"433268","5785615","2,78",NA,NA,"DELW_DEBB800015828419"
"1393","800015828419","Scharmützelsee",NA,"847","2023","Makrophytenverödung","Makrophytenverödung","PHYLIB 5.3","Diatomeen",NA,"436233","5788720","false",NA,NA,"DELW_DEBB800015828419"
"1394","800015828419","Scharmützelsee",NA,"843","2023","Diatomeentyp","Diatomeentyp des Wasserköpers verwendet in der Bewertung der Messstelle (siehe Tabelle WAGUET_OWNER_SCHLUESSEL_WERT_TEXT)","PHYLIB 5.3","Diatomeen",NA,"432922","5784672","DS 13.2",NA,NA,"DELW_DEBB800015828419"
"1395","800015828419","Scharmützelsee",NA,"846","2023","WRRL-Fließgewässertyp","WRRL-Fließgewässertyp und -Seetyp verwendet in der Bewertung der Messstelle (siehe Tabelle WAGUET_OWNER_SCHLUESSEL_WERT_TEXT)","PHYLIB 5.3","Makrophyten",NA,"435585","5793247","13",NA,NA,"DELW_DEBB800015828419"
"1396","800015828419","Scharmützelsee",NA,"800015828419_HM","2014","TP_Frühjahr",NA,"LAWA-TI Gewässerbewertung stehender Gewässer","Chemie (See und FG)",NA,"433268","5785615","33",NA,NA,"DELW_DEBB800015828419"
"1397","800015828419","Scharmützelsee",NA,"842","2010","Teilbewertung Makrophyten","Bewertung der Messstelle (1 bis 5 möglich), bei leeren Feld ist das Ergebnis ungesichert","MIB 2004","Makrophyten",NA,"434745","5786833","2",NA,NA,"DELW_DEBB800015828419"
"1398","800015828419","Scharmützelsee",NA,"800015828419_HM","2010","ST_Saison",NA,"LAWA-TI Gewässerbewertung stehender Gewässer","Chemie (See und FG)",NA,"433268","5785615","2,88",NA,NA,"DELW_DEBB800015828419"
"1399","800015828419","Scharmützelsee",NA,"845","2023","Zustandsklasse","Zustands-/Potentialklasse","PHYLIB 5.3","Diatomeen",NA,"435113","5790286","3",NA,NA,"DELW_DEBB800015828419"
"1400","800015828419","Scharmützelsee",NA,"847","2006","M_TILNord / Trophieindex (umger.)","See; Modul Trophie-Index (Wert zwischen 0 und 1)","nicht bekannt","Diatomeen",NA,"436233","5788720","0,53",NA,NA,"DELW_DEBB800015828419"
"1401","800015828419","Scharmützelsee",NA,"842","2023","Vegetationsgrenze plausibel","Vegetationsgrenze plausibel","PHYLIB 5.3","Diatomeen",NA,"434745","5786833","true",NA,NA,"DELW_DEBB800015828419"
"1402","800015828419","Scharmützelsee",NA,"845","2023","Bew. Makrophyten (dezimal)","Bew. Makrophyten (dezimal)","PHYLIB 5.3","Makrophyten",NA,"435113","5790286","3,64",NA,NA,"DELW_DEBB800015828419"
"1403","800015828419","Scharmützelsee",NA,"800015828419_HM","2024","MST G_PTSI",NA,"PhytoSee Online 8.0.3 (09.04.2024)","Phytoplankton",NA,"433268","5785615","3",NA,NA,"DELW_DEBB800015828419"
"1404","800015828419","Scharmützelsee",NA,"800015828419_HM","2024","MST Crypto-Bewertung","Bewertung Crypto für Messstelle und Jahr","PhytoSee Online 8.0.3 (09.04.2024)","Phytoplankton",NA,"433268","5785615","2,35",NA,NA,"DELW_DEBB800015828419"
"1405","800015828419","Scharmützelsee",NA,"800015828419_HM","2020","MST G_Algenklasse",NA,"PhytoSee 7.0 (15.12.2017)","Phytoplankton",NA,"433268","5785615","3",NA,NA,"DELW_DEBB800015828419"
"1406","800015828419","Scharmützelsee",NA,"800015828419_HM","2023","MST N Monate",NA,"PhytoSee Online 8.0.3 (09.04.2024)","Phytoplankton",NA,"433268","5785615","6",NA,NA,"DELW_DEBB800015828419"
"1407","800015828419","Scharmützelsee",NA,"847","2023","Diatomeentyp","Diatomeentyp des Wasserköpers verwendet in der Bewertung der Messstelle (siehe Tabelle WAGUET_OWNER_SCHLUESSEL_WERT_TEXT)","PHYLIB 5.3","Makrophyten",NA,"436233","5788720","DS 13.2",NA,NA,"DELW_DEBB800015828419"
"1408","800015828419","Scharmützelsee",NA,"848","2023","WRRL-Fließgewässertyp","WRRL-Fließgewässertyp und -Seetyp verwendet in der Bewertung der Messstelle (siehe Tabelle WAGUET_OWNER_SCHLUESSEL_WERT_TEXT)","PHYLIB 5.3","Diatomeen",NA,"434424","5788607","13",NA,NA,"DELW_DEBB800015828419"
"1409","800015828419","Scharmützelsee",NA,"842","2007","I_UMG","Index aus der unteren Makrophytengrenze, Teilindex des MIB","MIB 2004","Makrophyten",NA,"434745","5786833","0-2,64",NA,NA,"DELW_DEBB800015828419"
"1410","800015828419","Scharmützelsee",NA,"848","2023","Vegetationsgrenze","Vegetationsgrenze","PHYLIB 5.3","Makrophyten",NA,"434424","5788607","5",NA,NA,"DELW_DEBB800015828419"
"1411","800015828419","Scharmützelsee",NA,"844","2006","M_TILNord / Trophieindex (umger.)","See; Modul Trophie-Index (Wert zwischen 0 und 1)","nicht bekannt","Diatomeen",NA,"433294","5786834","0,54",NA,NA,"DELW_DEBB800015828419"
"1412","800015828419","Scharmützelsee",NA,"800015828419_HM","2024","Sichttiefe_Saison_Anzahl",NA,"LAWA-TI Gewässerbewertung stehender Gewässer","Chemie (See und FG)",NA,"433268","5785615","7",NA,NA,"DELW_DEBB800015828419"
"1413","800015828419","Scharmützelsee",NA,"800015828419euphot","2007","Chl_MW","Jahresmittelwert Chl-a in µg/l","nicht bekannt","Chemie (See und FG)",NA,NA,NA,"6,96",NA,NA,"DELW_DEBB800015828419"
"1414","800015828419","Scharmützelsee",NA,"800015828419_HM","2024","MST TypPTSI_Ref","PTSI-Referenz für den Typ","PhytoSee Online 8.0.3 (09.04.2024)","Phytoplankton",NA,"433268","5785615","1,25",NA,NA,"DELW_DEBB800015828419"
"1415","800015828419","Scharmützelsee",NA,"841","2023","WRRL-Fließgewässertyp","WRRL-Fließgewässertyp und -Seetyp verwendet in der Bewertung der Messstelle (siehe Tabelle WAGUET_OWNER_SCHLUESSEL_WERT_TEXT)","PHYLIB 5.3","Diatomeen",NA,"436560","5789932","13",NA,NA,"DELW_DEBB800015828419"
"1416","800015828419","Scharmützelsee",NA,"845","2023","Vegetationsgrenze plausibel","Vegetationsgrenze plausibel","PHYLIB 5.3","Diatomeen",NA,"435113","5790286","true",NA,NA,"DELW_DEBB800015828419"
"1417","800015828419","Scharmützelsee",NA,"844","2023","M-sicher","M-sicher","PHYLIB 5.3","Makrophyten",NA,"433294","5786834","true",NA,NA,"DELW_DEBB800015828419"
"1418","800015828419","Scharmützelsee",NA,"847","2023","Gesamthäufigkeit (prozent) D","Gesamthäufigkeit [%] D","PHYLIB 5.3","Makrophyten",NA,"436233","5788720","0",NA,NA,"DELW_DEBB800015828419"
"1419","800015828419","Scharmützelsee",NA,"800015828419_HM","2010","MST PSI Phyto-See-Index","PSI als Zahl für Messstelle und Jahr","PhytoSee 7.0 (15.12.2017)","Phytoplankton",NA,"433268","5785615","2,95",NA,NA,"DELW_DEBB800015828419"
"1420","800015828419","Scharmützelsee",NA,"800015828419_HM","2023","MST Algenklassen_Metrik","Bewertung anhand des Mittelwertergebnisses aller Einzel-Klassenmetriks je Seentyp unter der Regel: Wenn Bewertungswert <0,5 dann gleich Wert 0,5 oder wenn Bewertungswert >5,5 dann gleich Wert 5,5","PhytoSee Online 8.0.3 (09.04.2024)","Phytoplankton",NA,"433268","5785615","1,93",NA,NA,"DELW_DEBB800015828419"
"1421","800015828419","Scharmützelsee",NA,"843","2023","Makrophytentyp","Makrophytentyp des Wasserköpers verwendet in der Bewertung der Messstelle (siehe Tabelle WAGUET_OWNER_SCHLUESSEL_WERT_TEXT)","PHYLIB 5.3","Makrophyten",NA,"432922","5784672","TKg - 13",NA,NA,"DELW_DEBB800015828419"
"1422","800015828419","Scharmützelsee",NA,"843","2014","WRRL-Fließgewässertyp","WRRL-Fließgewässertyp und -Seetyp verwendet in der Bewertung der Messstelle (siehe Tabelle WAGUET_OWNER_SCHLUESSEL_WERT_TEXT)","PHYLIB 5.3","Diatomeen",NA,"432922","5784672","13",NA,NA,"DELW_DEBB800015828419"
"1423","800015828419","Scharmützelsee",NA,"800015828419_HM","2014","MST PSI Phyto-See-Index","PSI als Zahl für Messstelle und Jahr","PhytoSee 7.0 (15.12.2017)","Phytoplankton",NA,"433268","5785615","2,44",NA,NA,"DELW_DEBB800015828419"
"1424","800015828419","Scharmützelsee",NA,"800015828419_HM","2014","MST Beprobung konform?","Beprobung methodenkonform oder nicht? für Messstelle und Jahr","PhytoSee 7.0 (15.12.2017)","Phytoplankton",NA,"433268","5785615","ok",NA,NA,"DELW_DEBB800015828419"
"1425","800015828419","Scharmützelsee",NA,"800015828419_HM","2020","MST N_Indikatortaxa","mittlere Anzahl nutzbarer Indikatortaxa","PhytoSee 7.0 (15.12.2017)","Phytoplankton",NA,"433268","5785615","7,5",NA,NA,"DELW_DEBB800015828419"
"1426","800015828419","Scharmützelsee",NA,"848","2017","I_UMG","Index aus der unteren Makrophytengrenze, Teilindex des MIB","MIB 2004","Makrophyten",NA,"434424","5788607","0-4,16",NA,NA,"DELW_DEBB800015828419"
"1427","800015828419","Scharmützelsee",NA,"845","2023","Gesamthäufigkeit (prozent) D","Gesamthäufigkeit [%] D","PHYLIB 5.3","Makrophyten",NA,"435113","5790286","0",NA,NA,"DELW_DEBB800015828419"
"1428","800015828419","Scharmützelsee",NA,"800015828419_HM","2023","MST G_PTSI",NA,"PhytoSee Online 8.0.3 (09.04.2024)","Phytoplankton",NA,"433268","5785615","3",NA,NA,"DELW_DEBB800015828419"
"1429","800015828419","Scharmützelsee",NA,"844","2017","I_Arten","Artindex, Teilindex des MIB","MIB 2004","Makrophyten",NA,"433294","5786834","0-3,98",NA,NA,"DELW_DEBB800015828419"
"1430","800015828419","Scharmützelsee",NA,"846","2023","Bewertung (dezimal)","Bewertung (dezimal)","PHYLIB 5.3","Makrophyten",NA,"435585","5793247","2,65",NA,NA,"DELW_DEBB800015828419"
"1431","800015828419","Scharmützelsee",NA,"800015828419_HM","2020","Sichttiefe_Saison_Anzahl",NA,"LAWA-TI Gewässerbewertung stehender Gewässer","Chemie (See und FG)",NA,"433268","5785615","7",NA,NA,"DELW_DEBB800015828419"
"1432","800015828419","Scharmützelsee",NA,"843","2023","Vegetationsgrenze","Vegetationsgrenze","PHYLIB 5.3","Diatomeen",NA,"432922","5784672","1",NA,NA,"DELW_DEBB800015828419"
"1433","800015828419","Scharmützelsee",NA,"846","2004","MIB","Makrophytenindex Brandenburg","MIB 2004","Makrophyten",NA,"435585","5793247","2,55",NA,NA,"DELW_DEBB800015828419"
"1434","800015828419","Scharmützelsee",NA,"843","2023","Vegetationsgrenze plausibel","Vegetationsgrenze plausibel","PHYLIB 5.3","Diatomeen",NA,"432922","5784672","true",NA,NA,"DELW_DEBB800015828419"
"1435","800015828419","Scharmützelsee",NA,"847","2023","Zustandsklasse","Zustands-/Potentialklasse","PHYLIB 5.3","Makrophyten",NA,"436233","5788720","3",NA,NA,"DELW_DEBB800015828419"
"1436","800015828419","Scharmützelsee",NA,"800015828419_HM","2014","MST Gesamtbewertung verbal stufig","PSI verbal  für Messstelle und Jahr","PhytoSee 7.0 (15.12.2017)","Phytoplankton",NA,"433268","5785615","gut",NA,NA,"DELW_DEBB800015828419"
"1437","800015828419","Scharmützelsee",NA,"800015828419_HM","2017","MST Gesamtbewertung verbal stufig","PSI verbal  für Messstelle und Jahr","PhytoSee 7.0 (15.12.2017)","Phytoplankton",NA,"433268","5785615","gut",NA,NA,"DELW_DEBB800015828419"
"1438","800015828419","Scharmützelsee",NA,"800015828419_HM","2017","Sichttiefe_Saison_Anzahl",NA,"LAWA-TI Gewässerbewertung stehender Gewässer","Chemie (See und FG)",NA,"433268","5785615","7",NA,NA,"DELW_DEBB800015828419"
"1439","800015828419","Scharmützelsee",NA,"800015828419_HM","2023","MST G_Biomasse",NA,"PhytoSee Online 8.0.3 (09.04.2024)","Phytoplankton",NA,"433268","5785615","4",NA,NA,"DELW_DEBB800015828419"
"1440","800015828419","Scharmützelsee",NA,"847","2006","Teilbewertung Diatomeen/Zustands-/Potentialklasse FGW und Seen","FGW, See; Bewertung der Messstelle (1 bis 5 möglich), bei Wert='999' ist das Ergebnis ungesichert; (bei FGW-Halobienindex und Versauerung wird berücksichtigt)","nicht bekannt","Diatomeen",NA,"436233","5788720","3",NA,NA,"DELW_DEBB800015828419"
"1441","800015828419","Scharmützelsee",NA,"842","2017","MIB","Makrophytenindex Brandenburg","MIB 2004","Makrophyten",NA,"434745","5786833","1,87",NA,NA,"DELW_DEBB800015828419"
"1442","800015828419","Scharmützelsee",NA,"842","2004","I_Arten","Artindex, Teilindex des MIB","MIB 2004","Makrophyten",NA,"434745","5786833","0-3,77",NA,NA,"DELW_DEBB800015828419"
"1443","800015828419","Scharmützelsee",NA,"800015828419_HM","2010","TP_Frühjahr",NA,"LAWA-TI Gewässerbewertung stehender Gewässer","Chemie (See und FG)",NA,"433268","5785615","52",NA,NA,"DELW_DEBB800015828419"
"1444","800015828419","Scharmützelsee",NA,"800015828419_HM","2020","MST Chryso-Bewertung","Bewertung Chryso für Messstelle und Jahr","PhytoSee 7.0 (15.12.2017)","Phytoplankton",NA,"433268","5785615","1,54",NA,NA,"DELW_DEBB800015828419"
"1445","800015828419","Scharmützelsee",NA,"800015828419_HM","2014","MST TypPTSI_Ref","PTSI-Referenz für den Typ","PhytoSee 7.0 (15.12.2017)","Phytoplankton",NA,"433268","5785615","1,25",NA,NA,"DELW_DEBB800015828419"
"1446","800015828419","Scharmützelsee",NA,"800015828419_HM","2010","MST PTSI H/G","H/G PTSI vom Typ","PhytoSee 7.0 (15.12.2017)","Phytoplankton",NA,"433268","5785615","1,75",NA,NA,"DELW_DEBB800015828419"
"1447","800015828419","Scharmützelsee",NA,"844","2023","WRRL-Fließgewässertyp","WRRL-Fließgewässertyp und -Seetyp verwendet in der Bewertung der Messstelle (siehe Tabelle WAGUET_OWNER_SCHLUESSEL_WERT_TEXT)","PHYLIB 5.3","Makrophyten",NA,"433294","5786834","13",NA,NA,"DELW_DEBB800015828419"
"1448","800015828419","Scharmützelsee",NA,"8400010","2020","Teilbewertung_QK_MZB","MZB-Gesamtbewertung/ Bi Ben_Inv","AESHNA (Version Mai 2017)","Makrozoobenthos",NA,"434752","5791479","1",NA,NA,"DELW_DEBB800015828419"
"1449","800015828419","Scharmützelsee",NA,"841","2020","Teilbewertung_QK_MZB","MZB-Gesamtbewertung/ Bi Ben_Inv","AESHNA (Version Mai 2017)","Makrozoobenthos",NA,"436560","5789932","2",NA,NA,"DELW_DEBB800015828419"
"1450","800015828419","Scharmützelsee",NA,"841","2004","MIB","Makrophytenindex Brandenburg","MIB 2004","Makrophyten",NA,"436560","5789932","1,79",NA,NA,"DELW_DEBB800015828419"
"1451","800015828419","Scharmützelsee",NA,"800015828419_HM","2022","Sichttiefe_Saison_Anzahl",NA,"LAWA-TI Gewässerbewertung stehender Gewässer","Chemie (See und FG)",NA,"433268","5785615","7",NA,NA,"DELW_DEBB800015828419"
"1452","800015828419","Scharmützelsee",NA,"841","2023","Vegetationsgrenze plausibel","Vegetationsgrenze plausibel","PHYLIB 5.3","Diatomeen",NA,"436560","5789932","true",NA,NA,"DELW_DEBB800015828419"
"1453","800015828419","Scharmützelsee",NA,"800015828419_HM","2014","MST Diff PTSI-RefTrophie","Differenz zwischen PTSI und Referenztrophiefür Messstelle und Jahr","PhytoSee 7.0 (15.12.2017)","Phytoplankton",NA,"433268","5785615","1,48",NA,NA,"DELW_DEBB800015828419"
"1454","800015828419","Scharmützelsee",NA,"848","2023","Vegetationsgrenze","Vegetationsgrenze","PHYLIB 5.3","Diatomeen",NA,"434424","5788607","1",NA,NA,"DELW_DEBB800015828419"
"1455","800015828419","Scharmützelsee",NA,"846","2023","M-sicher","M-sicher","PHYLIB 5.3","Makrophyten",NA,"435585","5793247","true",NA,NA,"DELW_DEBB800015828419"
"1456","800015828419","Scharmützelsee",NA,"800015828419_HM","2024","MST Beprobung konform?","Beprobung methodenkonform oder nicht? für Messstelle und Jahr","PhytoSee Online 8.0.3 (09.04.2024)","Phytoplankton",NA,"433268","5785615","Phyto-Beprobung ok,incl. Märzprobe,incl. Novemberprobe",NA,NA,"DELW_DEBB800015828419"
"1457","800015828419","Scharmützelsee",NA,"800015828419_HM","2023","MST Di_Prof_Ist","DiProf Index-Wert für Messstelle und Jahr","PhytoSee Online 8.0.3 (09.04.2024)","Phytoplankton",NA,"433268","5785615","0",NA,NA,"DELW_DEBB800015828419"
"1458","800015828419","Scharmützelsee",NA,"844","2014","TIL_Nord","See; berechneter Trophie-Index Nord","PHYLIB 5.3","Diatomeen",NA,"433294","5786834","2",NA,NA,"DELW_DEBB800015828419"
"1459","800015828419","Scharmützelsee",NA,"846","2014","M_TILNord / Trophieindex (umger.)","See; Modul Trophie-Index (Wert zwischen 0 und 1)","PHYLIB 5.3","Diatomeen",NA,"435585","5793247","0,613",NA,NA,"DELW_DEBB800015828419"
"1460","800015828419","Scharmützelsee",NA,"800015828419_HM","2014","MST Typ_Nr","PP-Subtyp der bewerteten MST im Jahr der Untersuchung","PhytoSee 7.0 (15.12.2017)","Phytoplankton",NA,"433268","5785615","PP 13",NA,NA,"DELW_DEBB800015828419"
"1461","800015828419","Scharmützelsee",NA,"847","2010","Teilbewertung Makrophyten","Bewertung der Messstelle (1 bis 5 möglich), bei leeren Feld ist das Ergebnis ungesichert","MIB 2004","Makrophyten",NA,"436233","5788720","3",NA,NA,"DELW_DEBB800015828419"
"1462","800015828419","Scharmützelsee",NA,"844","2023","Teilbewertung Makrophyten","Bewertung der Messstelle (1 bis 5 möglich), bei leeren Feld ist das Ergebnis ungesichert","PHYLIB 5.3","Makrophyten",NA,"433294","5786834","3",NA,NA,"DELW_DEBB800015828419"
"1463","800015828419","Scharmützelsee",NA,"844","2004","I_UMG","Index aus der unteren Makrophytengrenze, Teilindex des MIB","MIB 2004","Makrophyten",NA,"433294","5786834","0-4,9",NA,NA,"DELW_DEBB800015828419"
"1464","800015828419","Scharmützelsee",NA,"845","2023","M-sicher","M-sicher","PHYLIB 5.3","Makrophyten",NA,"435113","5790286","true",NA,NA,"DELW_DEBB800015828419"
"1465","800015828419","Scharmützelsee",NA,"800015828419_HM","2024","MST G_Algenklasse",NA,"PhytoSee Online 8.0.3 (09.04.2024)","Phytoplankton",NA,"433268","5785615","3",NA,NA,"DELW_DEBB800015828419"
"1466","800015828419","Scharmützelsee",NA,"841","2017","MIB","Makrophytenindex Brandenburg","MIB 2004","Makrophyten",NA,"436560","5789932","2,45",NA,NA,"DELW_DEBB800015828419"
"1467","800015828419","Scharmützelsee",NA,"845","2017","MIB","Makrophytenindex Brandenburg","nicht bekannt","Makrophyten",NA,"435113","5790286","2,34",NA,NA,"DELW_DEBB800015828419"
"1468","800015828419","Scharmützelsee",NA,"846","2017","I_Arten","Artindex, Teilindex des MIB","MIB 2004","Makrophyten",NA,"435585","5793247","0-3,57",NA,NA,"DELW_DEBB800015828419"
"1469","800015828419","Scharmützelsee",NA,"800015828419_HM","2020","MST Algenklassen_Metrik","Bewertung anhand des Mittelwertergebnisses aller Einzel-Klassenmetriks je Seentyp unter der Regel: Wenn Bewertungswert <0,5 dann gleich Wert 0,5 oder wenn Bewertungswert >5,5 dann gleich Wert 5,5","PhytoSee 7.0 (15.12.2017)","Phytoplankton",NA,"433268","5785615","2,03",NA,NA,"DELW_DEBB800015828419"
"1470","800015828419","Scharmützelsee",NA,"5837610","1993","Sichttiefe_Jahesmittel","Sichttiefe_Jahesmittel in m","nicht bekannt","Chemie (See und FG)",NA,NA,NA,"1,43",NA,NA,"DELW_DEBB800015828419"
"1471","800015828419","Scharmützelsee",NA,"5837610","1994","Sichttiefe_Jahesmittel","Sichttiefe_Jahesmittel in m","nicht bekannt","Chemie (See und FG)",NA,NA,NA,"1,6",NA,NA,"DELW_DEBB800015828419"
"1472","800015828419","Scharmützelsee",NA,"800015828419_HM","2024","TI_akt","LAWA-Trophieindex","LAWA-TI Gewässerbewertung stehender Gewässer","Chemie (See und FG)",NA,"433268","5785615","2,33",NA,NA,"DELW_DEBB800015828419"
"1473","800015828419","Scharmützelsee",NA,"800015828419_HM","2020","MST Maximum Chla µg/l",NA,"PhytoSee 7.0 (15.12.2017)","Phytoplankton",NA,"433268","5785615","13,4",NA,NA,"DELW_DEBB800015828419"
"1474","800015828419","Scharmützelsee",NA,"8400016","2020","Teilbewertung_QK_MZB","MZB-Gesamtbewertung/ Bi Ben_Inv","AESHNA (Version Mai 2017)","Makrozoobenthos",NA,"433367","5787154","1",NA,NA,"DELW_DEBB800015828419"
"1475","800015828419","Scharmützelsee",NA,"847","2017","I_Arten","Artindex, Teilindex des MIB","MIB 2004","Makrophyten",NA,"436233","5788720","0-3,72",NA,NA,"DELW_DEBB800015828419"
"1476","800015828419","Scharmützelsee",NA,"800015828419_HM","2014","Chl_Saison_Anzahl",NA,"LAWA-TI Gewässerbewertung stehender Gewässer","Chemie (See und FG)",NA,"433268","5785615","10",NA,NA,"DELW_DEBB800015828419"
"1477","800015828419","Scharmützelsee",NA,"846","2023","Gesamthäufigkeit (prozent) D","Gesamthäufigkeit [%] D","PHYLIB 5.3","Diatomeen",NA,"435585","5793247","100",NA,NA,"DELW_DEBB800015828419"
"1478","800015828419","Scharmützelsee",NA,"841","2006","TIL_Nord","See; berechneter Trophie-Index Nord","nicht bekannt","Diatomeen",NA,"436560","5789932","3,23",NA,NA,"DELW_DEBB800015828419"
"1479","800015828419","Scharmützelsee",NA,"848","2010","I_UMG","Index aus der unteren Makrophytengrenze, Teilindex des MIB","MIB 2004","Makrophyten",NA,"434424","5788607","0-3,18",NA,NA,"DELW_DEBB800015828419"
"1480","800015828419","Scharmützelsee",NA,"845","2023","Bewertung (dezimal)","Bewertung (dezimal)","PHYLIB 5.3","Diatomeen",NA,"435113","5790286","2,86",NA,NA,"DELW_DEBB800015828419"
"1481","800015828419","Scharmützelsee",NA,"800015828419_HM","2024","MST Chryso-Bewertung","Bewertung Chryso für Messstelle und Jahr","PhytoSee Online 8.0.3 (09.04.2024)","Phytoplankton",NA,"433268","5785615","3,71",NA,NA,"DELW_DEBB800015828419"
"1482","800015828419","Scharmützelsee",NA,"847","2014","TIL_Nord","See; berechneter Trophie-Index Nord","PHYLIB 5.3","Diatomeen",NA,"436233","5788720","2",NA,NA,"DELW_DEBB800015828419"
"1483","800015828419","Scharmützelsee",NA,"844","2014","vorlaeufigeBewertung","See; Fließgew; vorläufige Bewertung der Messstelle, (FGW - Halobienindex und Versauerung wird nicht berücksichtigt; Seen - TI-Anteil, RAQ-Arten und TI-Anzahl wird nicht berücksichtigt)","PHYLIB 5.3","Diatomeen",NA,"433294","5786834","3",NA,NA,"DELW_DEBB800015828419"
"1484","800015828419","Scharmützelsee",NA,"842","2023","M-sicher","M-sicher","PHYLIB 5.3","Diatomeen",NA,"434745","5786833","false",NA,NA,"DELW_DEBB800015828419"
"1485","800015828419","Scharmützelsee",NA,"847","2023","M-sicher","M-sicher","PHYLIB 5.3","Diatomeen",NA,"436233","5788720","false",NA,NA,"DELW_DEBB800015828419"
"1486","800015828419","Scharmützelsee",NA,"8400011","2020","MMI","Multimetrischer Index","AESHNA (Version Mai 2017)","Makrozoobenthos",NA,"434477","5786134","0,71",NA,NA,"DELW_DEBB800015828419"
"1487","800015828419","Scharmützelsee",NA,"841","2006","Teilbewertung Diatomeen/Zustands-/Potentialklasse FGW und Seen","FGW, See; Bewertung der Messstelle (1 bis 5 möglich), bei Wert='999' ist das Ergebnis ungesichert; (bei FGW-Halobienindex und Versauerung wird berücksichtigt)","nicht bekannt","Diatomeen",NA,"436560","5789932","4",NA,NA,"DELW_DEBB800015828419"
"1488","800015828419","Scharmützelsee",NA,"848","2017","MIB","Makrophytenindex Brandenburg","MIB 2004","Makrophyten",NA,"434424","5788607","1,97",NA,NA,"DELW_DEBB800015828419"
"1489","800015828419","Scharmützelsee",NA,"800015828419_HM","2010","TI_akt","LAWA-Trophieindex","LAWA-TI Gewässerbewertung stehender Gewässer","Chemie (See und FG)",NA,"433268","5785615","2,6",NA,NA,"DELW_DEBB800015828419"
"1490","800015828419","Scharmützelsee",NA,"846","2023","Zustandsklasse","Zustands-/Potentialklasse","PHYLIB 5.3","Makrophyten",NA,"435585","5793247","3",NA,NA,"DELW_DEBB800015828419"
"1491","800015828419","Scharmützelsee",NA,"845","2023","Makrophytenverödung","Makrophytenverödung","PHYLIB 5.3","Makrophyten",NA,"435113","5790286","false",NA,NA,"DELW_DEBB800015828419"
"1492","800015828419","Scharmützelsee",NA,"845","2023","Makrophytenverödung","Makrophytenverödung","PHYLIB 5.3","Diatomeen",NA,"435113","5790286","false",NA,NA,"DELW_DEBB800015828419"
"1493","800015828419","Scharmützelsee",NA,"844","2004","Teilbewertung Makrophyten","Bewertung der Messstelle (1 bis 5 möglich), bei leeren Feld ist das Ergebnis ungesichert","MIB 2004","Makrophyten",NA,"433294","5786834","2",NA,NA,"DELW_DEBB800015828419"
"1494","800015828419","Scharmützelsee",NA,"847","2023","Teilbewertung Makrophyten","Bewertung der Messstelle (1 bis 5 möglich), bei leeren Feld ist das Ergebnis ungesichert","PHYLIB 5.3","Makrophyten",NA,"436233","5788720","3",NA,NA,"DELW_DEBB800015828419"
"1495","800015828419","Scharmützelsee",NA,"800015828419_HM","2014","PhytoSee MST Expert_MST-PSI","Expertenurteil für Messstelle und Jahr","PhytoSee 7.0 (15.12.2017)","Phytoplankton",NA,"433268","5785615","PSI MST gültig",NA,NA,"DELW_DEBB800015828419"
"1496","800015828419","Scharmützelsee",NA,"844","2006","Anzahl inidkativer Taxa","Diatomeen Seen","nicht bekannt","Diatomeen",NA,"433294","5786834","8",NA,NA,"DELW_DEBB800015828419"
"1497","800015828419","Scharmützelsee",NA,"846","2010","Teilbewertung Diatomeen, vorläufig/FGW - Ergebnis ohne Salzbelastung & See - vorläufige Bewertung","See, FGW; Bewertung der Messstelle (1 bis 5 möglich), bei Wert='999' ist das Ergebnis ungesichert; Seen - TI-Anteil, RAQ-Arten und TI-Anzahl wird berücksichtigt","PHYLIB 4.1","Diatomeen",NA,"435585","5793247","3",NA,NA,"DELW_DEBB800015828419"
"1498","800015828419","Scharmützelsee",NA,"846","2017","MIB","Makrophytenindex Brandenburg","MIB 2004","Makrophyten",NA,"435585","5793247","2,3",NA,NA,"DELW_DEBB800015828419"
"1499","800015828419","Scharmützelsee",NA,"842","2010","MIB","Makrophytenindex Brandenburg","MIB 2004","Makrophyten",NA,"434745","5786833","2,04",NA,NA,"DELW_DEBB800015828419"
"1500","800015828419","Scharmützelsee",NA,"845","2004","MIB","Makrophytenindex Brandenburg","MIB 2004","Makrophyten",NA,"435113","5790286","2,47",NA,NA,"DELW_DEBB800015828419"
"1501","800015828419","Scharmützelsee",NA,"846","2007","MIB","Makrophytenindex Brandenburg","MIB 2004","Makrophyten",NA,"435585","5793247","2,5",NA,NA,"DELW_DEBB800015828419"
"1502","800015828419","Scharmützelsee",NA,"841","2004","I_UMG","Index aus der unteren Makrophytengrenze, Teilindex des MIB","MIB 2004","Makrophyten",NA,"436560","5789932","0-4,36",NA,NA,"DELW_DEBB800015828419"
"1503","800015828419","Scharmützelsee",NA,"800015828419_HM","2021","TP_Saison",NA,"LAWA-TI Gewässerbewertung stehender Gewässer","Chemie (See und FG)",NA,"433268","5785615","27,52",NA,NA,"DELW_DEBB800015828419"
"1504","800015828419","Scharmützelsee",NA,"800015828419_HM","2014","Chl_Saison",NA,"LAWA-TI Gewässerbewertung stehender Gewässer","Chemie (See und FG)",NA,"433268","5785615","6,63",NA,NA,"DELW_DEBB800015828419"
"1505","800015828419","Scharmützelsee",NA,"843","2023","Bewertung (dezimal)","Bewertung (dezimal)","PHYLIB 5.3","Diatomeen",NA,"432922","5784672","2,9",NA,NA,"DELW_DEBB800015828419"
"1506","800015828419","Scharmützelsee",NA,"800015828419_HM","2017","MST Typ_Nr","PP-Subtyp der bewerteten MST im Jahr der Untersuchung","PhytoSee 7.0 (15.12.2017)","Phytoplankton",NA,"433268","5785615","PP 13",NA,NA,"DELW_DEBB800015828419"
"1507","800015828419","Scharmützelsee",NA,"842","2023","Vegetationsgrenze plausibel","Vegetationsgrenze plausibel","PHYLIB 5.3","Makrophyten",NA,"434745","5786833","true",NA,NA,"DELW_DEBB800015828419"
"1508","800015828419","Scharmützelsee",NA,"842","2023","Bew. Makrophyten (dezimal)","Bew. Makrophyten (dezimal)","PHYLIB 5.3","Makrophyten",NA,"434745","5786833","1,91",NA,NA,"DELW_DEBB800015828419"
"1509","800015828419","Scharmützelsee",NA,"845","2023","Diatomeentyp","Diatomeentyp des Wasserköpers verwendet in der Bewertung der Messstelle (siehe Tabelle WAGUET_OWNER_SCHLUESSEL_WERT_TEXT)","PHYLIB 5.3","Makrophyten",NA,"435113","5790286","DS 13.2",NA,NA,"DELW_DEBB800015828419"
"1510","800015828419","Scharmützelsee",NA,"845","2014","M_TILNord / Trophieindex (umger.)","See; Modul Trophie-Index (Wert zwischen 0 und 1)","PHYLIB 5.3","Diatomeen",NA,"435113","5790286","0,71",NA,NA,"DELW_DEBB800015828419"
"1511","800015828419","Scharmützelsee",NA,"842","2023","Bewertung (dezimal)","Bewertung (dezimal)","PHYLIB 5.3","Diatomeen",NA,"434745","5786833","3,13",NA,NA,"DELW_DEBB800015828419"
"1512","800015828419","Scharmützelsee",NA,"841","2004","I_Arten","Artindex, Teilindex des MIB","MIB 2004","Makrophyten",NA,"436560","5789932","0-4",NA,NA,"DELW_DEBB800015828419"
"1513","800015828419","Scharmützelsee",NA,"800015828419_HM","2020","MST Gesamtbiovolumen in mm3/l","Gesamtbiovolumen Saison (mm3/l) im Mittel Mittel März - November","PhytoSee 7.0 (15.12.2017)","Phytoplankton",NA,"433268","5785615","1,3",NA,NA,"DELW_DEBB800015828419"
"1514","800015828419","Scharmützelsee",NA,"842","2014","WRRL-Fließgewässertyp","WRRL-Fließgewässertyp und -Seetyp verwendet in der Bewertung der Messstelle (siehe Tabelle WAGUET_OWNER_SCHLUESSEL_WERT_TEXT)","PHYLIB 5.3","Diatomeen",NA,"434745","5786833","13",NA,NA,"DELW_DEBB800015828419"
"1515","800015828419","Scharmützelsee",NA,"846","2023","Diatomeentyp","Diatomeentyp des Wasserköpers verwendet in der Bewertung der Messstelle (siehe Tabelle WAGUET_OWNER_SCHLUESSEL_WERT_TEXT)","PHYLIB 5.3","Makrophyten",NA,"435585","5793247","DS 13.2",NA,NA,"DELW_DEBB800015828419"
"1516","800015828419","Scharmützelsee",NA,"842","2014","Diatomeentyp","Diatomeentyp des Wasserköpers verwendet in der Bewertung der Messstelle (siehe Tabelle WAGUET_OWNER_SCHLUESSEL_WERT_TEXT)","PHYLIB 5.3","Diatomeen",NA,"434745","5786833","DS 13.2",NA,NA,"DELW_DEBB800015828419"
"1517","800015828419","Scharmützelsee",NA,"848","2014","Diatomeentyp","Diatomeentyp des Wasserköpers verwendet in der Bewertung der Messstelle (siehe Tabelle WAGUET_OWNER_SCHLUESSEL_WERT_TEXT)","PHYLIB 5.3","Diatomeen",NA,"434424","5788607","DS 13.2",NA,NA,"DELW_DEBB800015828419"
"1518","800015828419","Scharmützelsee",NA,"800015828419euphot","2007","Bewertung Phytoplankton","Bi Phytoplankton ( nach neuer (2009) See-Typzuweisung und Phytosee 4) und Phytofliess","nicht bekannt","Phytoplankton",NA,NA,NA,"3",NA,NA,"DELW_DEBB800015828419"
"1519","800015828419","Scharmützelsee",NA,"S_0669","2006","Sichttiefe_Jahesmittel","Sichttiefe_Jahesmittel in m","nicht bekannt","Chemie (See und FG)",NA,NA,NA,"2",NA,NA,"DELW_DEBB800015828419"
"1520","800015828419","Scharmützelsee",NA,"841","2017","I_Arten","Artindex, Teilindex des MIB","MIB 2004","Makrophyten",NA,"436560","5789932","0-3,53",NA,NA,"DELW_DEBB800015828419"
"1521","800015828419","Scharmützelsee",NA,"844","2023","Bewertung (dezimal)","Bewertung (dezimal)","PHYLIB 5.3","Diatomeen",NA,"433294","5786834","3,13",NA,NA,"DELW_DEBB800015828419"
"1522","800015828419","Scharmützelsee",NA,"841","2006","Anzahl inidkativer Taxa","Diatomeen Seen","nicht bekannt","Diatomeen",NA,"436560","5789932","14",NA,NA,"DELW_DEBB800015828419"
"1523","800015828419","Scharmützelsee",NA,"8400013","2020","Teilbewertung_QK_MZB","MZB-Gesamtbewertung/ Bi Ben_Inv","AESHNA (Version Mai 2017)","Makrozoobenthos",NA,"434110","5788231","1",NA,NA,"DELW_DEBB800015828419"
"1524","800015828419","Scharmützelsee",NA,"841","2010","Teilbewertung Makrophyten","Bewertung der Messstelle (1 bis 5 möglich), bei leeren Feld ist das Ergebnis ungesichert","MIB 2004","Makrophyten",NA,"436560","5789932","2",NA,NA,"DELW_DEBB800015828419"
"1525","800015828419","Scharmützelsee",NA,"847","2023","Bewertung (dezimal)","Bewertung (dezimal)","PHYLIB 5.3","Diatomeen",NA,"436233","5788720","3,69",NA,NA,"DELW_DEBB800015828419"
"1526","800015828419","Scharmützelsee",NA,"844","2006","M_RAQ","See; Modul Referenzartenquotien","nicht bekannt","Diatomeen",NA,"433294","5786834","0,38",NA,NA,"DELW_DEBB800015828419"
"1527","800015828419","Scharmützelsee",NA,"844","2007","MIB","Makrophytenindex Brandenburg","MIB 2004","Makrophyten",NA,"433294","5786834","1,93",NA,NA,"DELW_DEBB800015828419"
"1528","800015828419","Scharmützelsee",NA,"800015828419_HM","2024","MST IST_PTSI_WERT","Phytoplankton-Taxa-Seen-Index Ist-Wert im Jahresmittel für die Messstelle","PhytoSee Online 8.0.3 (09.04.2024)","Phytoplankton",NA,"433268","5785615","2,44",NA,NA,"DELW_DEBB800015828419"
"1529","800015828419","Scharmützelsee",NA,"843","2006","TIL_Nord","See; berechneter Trophie-Index Nord","nicht bekannt","Diatomeen",NA,"432922","5784672","2,98",NA,NA,"DELW_DEBB800015828419"
"1530","800015828419","Scharmützelsee",NA,"845","2014","Diatomeentyp","Diatomeentyp des Wasserköpers verwendet in der Bewertung der Messstelle (siehe Tabelle WAGUET_OWNER_SCHLUESSEL_WERT_TEXT)","PHYLIB 5.3","Diatomeen",NA,"435113","5790286","DS 13.2",NA,NA,"DELW_DEBB800015828419"
"1531","800015828419","Scharmützelsee",NA,"843","2023","WRRL-Fließgewässertyp","WRRL-Fließgewässertyp und -Seetyp verwendet in der Bewertung der Messstelle (siehe Tabelle WAGUET_OWNER_SCHLUESSEL_WERT_TEXT)","PHYLIB 5.3","Makrophyten",NA,"432922","5784672","13",NA,NA,"DELW_DEBB800015828419"
"1532","800015828419","Scharmützelsee",NA,"800015828419_HM","2007","TI_akt","LAWA-Trophieindex","LAWA-TI Gewässerbewertung stehender Gewässer","Chemie (See und FG)",NA,"433268","5785615","2,54",NA,NA,"DELW_DEBB800015828419"
"1533","800015828419","Scharmützelsee",NA,"800015828419_HM","2023","MST Version-Programm",NA,"PhytoSee Online 8.0.3 (09.04.2024)","Phytoplankton",NA,"433268","5785615","PhytoSee Online 8.0.3, Stand 02.05.2024",NA,NA,"DELW_DEBB800015828419"
"1534","800015828419","Scharmützelsee",NA,"847","2023","Makrophytentyp","Makrophytentyp des Wasserköpers verwendet in der Bewertung der Messstelle (siehe Tabelle WAGUET_OWNER_SCHLUESSEL_WERT_TEXT)","PHYLIB 5.3","Makrophyten",NA,"436233","5788720","TKg - 13",NA,NA,"DELW_DEBB800015828419"
"1535","800015828419","Scharmützelsee",NA,"848","2010","Teilbewertung Makrophyten","Bewertung der Messstelle (1 bis 5 möglich), bei leeren Feld ist das Ergebnis ungesichert","MIB 2004","Makrophyten",NA,"434424","5788607","3",NA,NA,"DELW_DEBB800015828419"
"1536","800015828419","Scharmützelsee",NA,"844","2010","Teilbewertung Makrophyten","Bewertung der Messstelle (1 bis 5 möglich), bei leeren Feld ist das Ergebnis ungesichert","MIB 2004","Makrophyten",NA,"433294","5786834","2",NA,NA,"DELW_DEBB800015828419"
"1537","800015828419","Scharmützelsee",NA,"842","2023","Teilbewertung Diatomeen/Zustands-/Potentialklasse FGW und Seen","FGW, See; Bewertung der Messstelle (1 bis 5 möglich), bei Wert='999' ist das Ergebnis ungesichert; (bei FGW-Halobienindex und Versauerung wird berücksichtigt)","PHYLIB 5.3","Diatomeen",NA,"434745","5786833","3",NA,NA,"DELW_DEBB800015828419"
"1538","800015828419","Scharmützelsee",NA,"842","2023","Vegetationsgrenze","Vegetationsgrenze","PHYLIB 5.3","Makrophyten",NA,"434745","5786833","6,2",NA,NA,"DELW_DEBB800015828419"
"1539","800015828419","Scharmützelsee",NA,"848","2023","M-sicher","M-sicher","PHYLIB 5.3","Diatomeen",NA,"434424","5788607","false",NA,NA,"DELW_DEBB800015828419"
"1540","800015828419","Scharmützelsee",NA,"845","2023","WRRL-Fließgewässertyp","WRRL-Fließgewässertyp und -Seetyp verwendet in der Bewertung der Messstelle (siehe Tabelle WAGUET_OWNER_SCHLUESSEL_WERT_TEXT)","PHYLIB 5.3","Diatomeen",NA,"435113","5790286","13",NA,NA,"DELW_DEBB800015828419"
"1541","800015828419","Scharmützelsee",NA,"846","2007","I_Arten","Artindex, Teilindex des MIB","MIB 2004","Makrophyten",NA,"435585","5793247","0-3,76",NA,NA,"DELW_DEBB800015828419"
"1542","800015828419","Scharmützelsee",NA,"841","2007","I_UMG","Index aus der unteren Makrophytengrenze, Teilindex des MIB","MIB 2004","Makrophyten",NA,"436560","5789932","0-4,36",NA,NA,"DELW_DEBB800015828419"
"1543","800015828419","Scharmützelsee",NA,"848","2014","aerophileArten%","See; Fließgew, sauerstoffliebende Arten in Prozent nach Schaumburg","PHYLIB 5.3","Diatomeen",NA,"434424","5788607","0",NA,NA,"DELW_DEBB800015828419"
"1544","800015828419","Scharmützelsee",NA,"847","2006","TIL_Nord","See; berechneter Trophie-Index Nord","nicht bekannt","Diatomeen",NA,"436233","5788720","2,92",NA,NA,"DELW_DEBB800015828419"
"1545","800015828419","Scharmützelsee",NA,"841","2007","I_Arten","Artindex, Teilindex des MIB","MIB 2004","Makrophyten",NA,"436560","5789932","0-4,02",NA,NA,"DELW_DEBB800015828419"
"1546","800015828419","Scharmützelsee",NA,"800015828419_HM","2010","Sichttiefe_Saison_Anzahl",NA,"LAWA-TI Gewässerbewertung stehender Gewässer","Chemie (See und FG)",NA,"433268","5785615","7",NA,NA,"DELW_DEBB800015828419"
"1547","800015828419","Scharmützelsee",NA,"800015828419_HM","2024","MST Schichtungsverhalten",NA,"PhytoSee Online 8.0.3 (09.04.2024)","Phytoplankton",NA,"433268","5785615","geschichtet",NA,NA,"DELW_DEBB800015828419"
"1548","800015828419","Scharmützelsee",NA,"848","2006","TIL_Nord","See; berechneter Trophie-Index Nord","nicht bekannt","Diatomeen",NA,"434424","5788607","3,07",NA,NA,"DELW_DEBB800015828419"
"1549","800015828419","Scharmützelsee",NA,"800015828419_HM","2014","MST PTSI_Bew","PTSI-Bewertung für Messstelle und Jahr","PhytoSee 7.0 (15.12.2017)","Phytoplankton",NA,"433268","5785615","3,46",NA,NA,"DELW_DEBB800015828419"
"1550","800015828419","Scharmützelsee",NA,"847","2023","Bew. Makrophyten (dezimal)","Bew. Makrophyten (dezimal)","PHYLIB 5.3","Makrophyten",NA,"436233","5788720","2,5",NA,NA,"DELW_DEBB800015828419"
"1551","800015828419","Scharmützelsee",NA,"8400015","2020","MMI","Multimetrischer Index","AESHNA (Version Mai 2017)","Makrozoobenthos",NA,"435884","5791543","0,88",NA,NA,"DELW_DEBB800015828419"
"1552","800015828419","Scharmützelsee",NA,"845","2006","Anzahl inidkativer Taxa","Diatomeen Seen","nicht bekannt","Diatomeen",NA,"435113","5790286","21",NA,NA,"DELW_DEBB800015828419"
"1553","800015828419","Scharmützelsee",NA,"847","2006","M_RAQ","See; Modul Referenzartenquotien","nicht bekannt","Diatomeen",NA,"436233","5788720","0,27",NA,NA,"DELW_DEBB800015828419"
"1554","800015828419","Scharmützelsee",NA,"842","2023","RAQ gesichert","RAQ gesichert","PHYLIB 5.3","Diatomeen",NA,"434745","5786833","1",NA,NA,"DELW_DEBB800015828419"
"1555","800015828419","Scharmützelsee",NA,"843","2017","MIB","Makrophytenindex Brandenburg","nicht bekannt","Makrophyten",NA,"432922","5784672","1,92",NA,NA,"DELW_DEBB800015828419"
"1556","800015828419","Scharmützelsee",NA,"800015828419_HM","2017","MST PTSI H/G","H/G PTSI vom Typ","PhytoSee 7.0 (15.12.2017)","Phytoplankton",NA,"433268","5785615","1,75",NA,NA,"DELW_DEBB800015828419"
"1557","800015828419","Scharmützelsee",NA,"847","2023","Teilbewertung Diatomeen/Zustands-/Potentialklasse FGW und Seen","FGW, See; Bewertung der Messstelle (1 bis 5 möglich), bei Wert='999' ist das Ergebnis ungesichert; (bei FGW-Halobienindex und Versauerung wird berücksichtigt)","PHYLIB 5.3","Diatomeen",NA,"436233","5788720","4",NA,NA,"DELW_DEBB800015828419"
"1558","800015828419","Scharmützelsee",NA,"842","2014","M_TILNord / Trophieindex (umger.)","See; Modul Trophie-Index (Wert zwischen 0 und 1)","PHYLIB 5.3","Diatomeen",NA,"434745","5786833","0,582",NA,NA,"DELW_DEBB800015828419"
"1559","800015828419","Scharmützelsee",NA,"800015828419_HM","2022","Chl_Saison",NA,"LAWA-TI Gewässerbewertung stehender Gewässer","Chemie (See und FG)",NA,"433268","5785615","2,59",NA,NA,"DELW_DEBB800015828419"
"1560","800015828419","Scharmützelsee",NA,"842","2023","Gesamthäufigkeit (prozent) D","Gesamthäufigkeit [%] D","PHYLIB 5.3","Diatomeen",NA,"434745","5786833","100",NA,NA,"DELW_DEBB800015828419"
"1561","800015828419","Scharmützelsee",NA,"8400016","2020","MMI","Multimetrischer Index","AESHNA (Version Mai 2017)","Makrozoobenthos",NA,"433367","5787154","0,94",NA,NA,"DELW_DEBB800015828419"
"1562","800015828419","Scharmützelsee",NA,"800015828419_HM","2023","MST Biomasse_Metrik","Metrik Biomasse  für Messstelle und Jahr","PhytoSee Online 8.0.3 (09.04.2024)","Phytoplankton",NA,"433268","5785615","2,89",NA,NA,"DELW_DEBB800015828419"
"1563","800015828419","Scharmützelsee",NA,"844","2017","MIB","Makrophytenindex Brandenburg","nicht bekannt","Makrophyten",NA,"433294","5786834","1,69",NA,NA,"DELW_DEBB800015828419"
"1564","800015828419","Scharmützelsee",NA,"841","2023","Vegetationsgrenze","Vegetationsgrenze","PHYLIB 5.3","Diatomeen",NA,"436560","5789932","1",NA,NA,"DELW_DEBB800015828419"
"1565","800015828419","Scharmützelsee",NA,"843","2023","RAQ gesichert","RAQ gesichert","PHYLIB 5.3","Makrophyten",NA,"432922","5784672","0",NA,NA,"DELW_DEBB800015828419"
"1566","800015828419","Scharmützelsee",NA,"846","2023","Vegetationsgrenze","Vegetationsgrenze","PHYLIB 5.3","Diatomeen",NA,"435585","5793247","1",NA,NA,"DELW_DEBB800015828419"
"1567","800015828419","Scharmützelsee",NA,"842","2023","Makrophytenverödung","Makrophytenverödung","PHYLIB 5.3","Diatomeen",NA,"434745","5786833","false",NA,NA,"DELW_DEBB800015828419"
"1568","800015828419","Scharmützelsee",NA,"800015828419_HM","2010","MST Chryso-Bewertung","Bewertung Chryso für Messstelle und Jahr","PhytoSee 7.0 (15.12.2017)","Phytoplankton",NA,"433268","5785615","4,56",NA,NA,"DELW_DEBB800015828419"
"1569","800015828419","Scharmützelsee",NA,"846","2014","Diatomeentyp","Diatomeentyp des Wasserköpers verwendet in der Bewertung der Messstelle (siehe Tabelle WAGUET_OWNER_SCHLUESSEL_WERT_TEXT)","PHYLIB 5.3","Diatomeen",NA,"435585","5793247","DS 13.2",NA,NA,"DELW_DEBB800015828419"
"1570","800015828419","Scharmützelsee",NA,"800015828419_HM","2022","ST_Saison",NA,"LAWA-TI Gewässerbewertung stehender Gewässer","Chemie (See und FG)",NA,"433268","5785615","4,7",NA,NA,"DELW_DEBB800015828419"
"1571","800015828419","Scharmützelsee",NA,"800015828419_HM","2017","MST Beprobung konform?","Beprobung methodenkonform oder nicht? für Messstelle und Jahr","PhytoSee 7.0 (15.12.2017)","Phytoplankton",NA,"433268","5785615","incl. Novemberprobe",NA,NA,"DELW_DEBB800015828419"
"1572","800015828419","Scharmützelsee",NA,"800015828419_HM","2010","MST TypPTSI_Ref","PTSI-Referenz für den Typ","PhytoSee 7.0 (15.12.2017)","Phytoplankton",NA,"433268","5785615","1,25",NA,NA,"DELW_DEBB800015828419"
"1573","800015828419","Scharmützelsee",NA,"800015828419_HM","2024","MST DiProf_Bew","DiProf-Bewertung für Messstelle und Jahr","PhytoSee Online 8.0.3 (09.04.2024)","Phytoplankton",NA,"433268","5785615","2,17",NA,NA,"DELW_DEBB800015828419"
"1574","800015828419","Scharmützelsee",NA,"845","2007","Teilbewertung Makrophyten","Bewertung der Messstelle (1 bis 5 möglich), bei leeren Feld ist das Ergebnis ungesichert","MIB 2004","Makrophyten",NA,"435113","5790286","3",NA,NA,"DELW_DEBB800015828419"
"1575","800015828419","Scharmützelsee",NA,"847","2023","Vegetationsgrenze plausibel","Vegetationsgrenze plausibel","PHYLIB 5.3","Diatomeen",NA,"436233","5788720","true",NA,NA,"DELW_DEBB800015828419"
"1576","800015828419","Scharmützelsee",NA,"841","2023","Gesamthäufigkeit (prozent) D","Gesamthäufigkeit [%] D","PHYLIB 5.3","Makrophyten",NA,"436560","5789932","0",NA,NA,"DELW_DEBB800015828419"
"1577","800015828419","Scharmützelsee",NA,"849","2020","MMI","Multimetrischer Index","AESHNA (Version Mai 2017)","Makrozoobenthos",NA,"435281","5793833","0,8",NA,NA,"DELW_DEBB800015828419"
"1578","800015828419","Scharmützelsee",NA,"800015828419_HM","2023","Chl_Saison",NA,"LAWA-TI Gewässerbewertung stehender Gewässer","Chemie (See und FG)",NA,"433268","5785615","7,96",NA,NA,"DELW_DEBB800015828419"
"1579","800015828419","Scharmützelsee",NA,"800015828419_HM","2020","MST Version-Programm",NA,"PhytoSee 7.0 (15.12.2017)","Phytoplankton",NA,"433268","5785615","PhytoSee 7.0 (15.12.2017)",NA,NA,"DELW_DEBB800015828419"
"1580","800015828419","Scharmützelsee",NA,"848","2017","MIB","Makrophytenindex Brandenburg","nicht bekannt","Makrophyten",NA,"434424","5788607","1,97",NA,NA,"DELW_DEBB800015828419"
"1581","800015828419","Scharmützelsee",NA,"800015828419_HM","2024","MST G_Biomasse",NA,"PhytoSee Online 8.0.3 (09.04.2024)","Phytoplankton",NA,"433268","5785615","4",NA,NA,"DELW_DEBB800015828419"
"1582","800015828419","Scharmützelsee",NA,"848","2023","Makrophytentyp","Makrophytentyp des Wasserköpers verwendet in der Bewertung der Messstelle (siehe Tabelle WAGUET_OWNER_SCHLUESSEL_WERT_TEXT)","PHYLIB 5.3","Makrophyten",NA,"434424","5788607","TKg - 13",NA,NA,"DELW_DEBB800015828419"
"1583","800015828419","Scharmützelsee",NA,"800015828419_HM","2022","TP_Frühjahr",NA,"LAWA-TI Gewässerbewertung stehender Gewässer","Chemie (See und FG)",NA,"433268","5785615","74",NA,NA,"DELW_DEBB800015828419"
"1584","800015828419","Scharmützelsee",NA,"8400012","2020","Teilbewertung_QK_MZB","MZB-Gesamtbewertung/ Bi Ben_Inv","AESHNA (Version Mai 2017)","Makrozoobenthos",NA,"432705","5785404","2",NA,NA,"DELW_DEBB800015828419"
"1585","800015828419","Scharmützelsee",NA,"846","2014","TIL_Nord","See; berechneter Trophie-Index Nord","PHYLIB 5.3","Diatomeen",NA,"435585","5793247","2",NA,NA,"DELW_DEBB800015828419"
"1586","800015828419","Scharmützelsee",NA,"800015828419_HM","2020","TP_Frühjahr_Anzahl",NA,"LAWA-TI Gewässerbewertung stehender Gewässer","Chemie (See und FG)",NA,"433268","5785615","7",NA,NA,"DELW_DEBB800015828419"
"1587","800015828419","Scharmützelsee",NA,"848","2023","Bewertung (dezimal)","Bewertung (dezimal)","PHYLIB 5.3","Makrophyten",NA,"434424","5788607","2,52",NA,NA,"DELW_DEBB800015828419"
"1588","800015828419","Scharmützelsee",NA,"846","2023","Makrophytenverödung","Makrophytenverödung","PHYLIB 5.3","Diatomeen",NA,"435585","5793247","false",NA,NA,"DELW_DEBB800015828419"
"1589","800015828419","Scharmützelsee",NA,"800015828419_HM","2023","MST PSI_m_DiProf","PSI mit DI-Prof verrechnet  für Messstelle und Jahr","PhytoSee Online 8.0.3 (09.04.2024)","Phytoplankton",NA,"433268","5785615","2,67",NA,NA,"DELW_DEBB800015828419"
"1590","800015828419","Scharmützelsee",NA,"845","2014","Makrophytentyp","Makrophytentyp des Wasserköpers verwendet in der Bewertung der Messstelle (siehe Tabelle WAGUET_OWNER_SCHLUESSEL_WERT_TEXT)","PHYLIB 5.3","Diatomeen",NA,"435113","5790286","TKg - 13",NA,NA,"DELW_DEBB800015828419"
"1591","800015828419","Scharmützelsee",NA,"848","2014","Makrophytentyp","Makrophytentyp des Wasserköpers verwendet in der Bewertung der Messstelle (siehe Tabelle WAGUET_OWNER_SCHLUESSEL_WERT_TEXT)","PHYLIB 5.3","Diatomeen",NA,"434424","5788607","TKg - 13",NA,NA,"DELW_DEBB800015828419"
"1592","800015828419","Scharmützelsee",NA,"846","2017","I_UMG","Index aus der unteren Makrophytengrenze, Teilindex des MIB","MIB 2004","Makrophyten",NA,"435585","5793247","0-3,23",NA,NA,"DELW_DEBB800015828419"
"1593","800015828419","Scharmützelsee",NA,"841","2023","Bew. Makrophyten (dezimal)","Bew. Makrophyten (dezimal)","PHYLIB 5.3","Makrophyten",NA,"436560","5789932","2,6",NA,NA,"DELW_DEBB800015828419"
"1594","800015828419","Scharmützelsee",NA,"800015828419_HM","2014","MST IST_PTSI_WERT","Phytoplankton-Taxa-Seen-Index Ist-Wert im Jahresmittel für die Messstelle","PhytoSee 7.0 (15.12.2017)","Phytoplankton",NA,"433268","5785615","2,73",NA,NA,"DELW_DEBB800015828419"
"1595","800015828419","Scharmützelsee",NA,"800015828419_HM","2024","MST Maximum Chla µg/l",NA,"PhytoSee Online 8.0.3 (09.04.2024)","Phytoplankton",NA,"433268","5785615","21",NA,NA,"DELW_DEBB800015828419"
"1596","800015828419","Scharmützelsee",NA,"847","2014","aerophileArten%","See; Fließgew, sauerstoffliebende Arten in Prozent nach Schaumburg","PHYLIB 5.3","Diatomeen",NA,"436233","5788720","0",NA,NA,"DELW_DEBB800015828419"
"1597","800015828419","Scharmützelsee",NA,"800015828419_HM","2010","MST Gesamtbewertung verbal stufig","PSI verbal  für Messstelle und Jahr","PhytoSee 7.0 (15.12.2017)","Phytoplankton",NA,"433268","5785615","mäßig",NA,NA,"DELW_DEBB800015828419"
"1598","800015828419","Scharmützelsee",NA,"800015828419_HM","2017","MST Crypto-Bewertung","Bewertung Crypto für Messstelle und Jahr","PhytoSee 7.0 (15.12.2017)","Phytoplankton",NA,"433268","5785615","3,4",NA,NA,"DELW_DEBB800015828419"
"1599","800015828419","Scharmützelsee",NA,"845","2007","I_UMG","Index aus der unteren Makrophytengrenze, Teilindex des MIB","MIB 2004","Makrophyten",NA,"435113","5790286","0-2,69",NA,NA,"DELW_DEBB800015828419"
"1600","800015828419","Scharmützelsee",NA,"847","2007","I_UMG","Index aus der unteren Makrophytengrenze, Teilindex des MIB","MIB 2004","Makrophyten",NA,"436233","5788720","0-2,34",NA,NA,"DELW_DEBB800015828419"
"1601","800015828419","Scharmützelsee",NA,"800015828419_HM","2024","EQR","DeLFI","DeLFI","Fische",NA,"433268","5785615","0,86",NA,NA,"DELW_DEBB800015828419"
"1602","800015828419","Scharmützelsee",NA,"844","2014","WRRL-Fließgewässertyp","WRRL-Fließgewässertyp und -Seetyp verwendet in der Bewertung der Messstelle (siehe Tabelle WAGUET_OWNER_SCHLUESSEL_WERT_TEXT)","PHYLIB 5.3","Diatomeen",NA,"433294","5786834","13",NA,NA,"DELW_DEBB800015828419"
"1603","800015828419","Scharmützelsee",NA,"800015828419_HM","2017","TI_akt","LAWA-Trophieindex","LAWA-TI Gewässerbewertung stehender Gewässer","Chemie (See und FG)",NA,"433268","5785615","2,28",NA,NA,"DELW_DEBB800015828419"
"1604","800015828419","Scharmützelsee",NA,"841","2023","Zustandsklasse","Zustands-/Potentialklasse","PHYLIB 5.3","Diatomeen",NA,"436560","5789932","3",NA,NA,"DELW_DEBB800015828419"
"1605","800015828419","Scharmützelsee",NA,"846","2023","RAQ gesichert","RAQ gesichert","PHYLIB 5.3","Diatomeen",NA,"435585","5793247","1",NA,NA,"DELW_DEBB800015828419"
"1606","800015828419","Scharmützelsee",NA,"8400013","2020","MMI","Multimetrischer Index","AESHNA (Version Mai 2017)","Makrozoobenthos",NA,"434110","5788231","0,81",NA,NA,"DELW_DEBB800015828419"
"1607","800015828419","Scharmützelsee",NA,"846","2004","I_Arten","Artindex, Teilindex des MIB","MIB 2004","Makrophyten",NA,"435585","5793247","0-3,04",NA,NA,"DELW_DEBB800015828419"
"1608","800015828419","Scharmützelsee",NA,"800015828419_HM","2020","MST Chla µg/l",NA,"PhytoSee 7.0 (15.12.2017)","Phytoplankton",NA,"433268","5785615","7,42",NA,NA,"DELW_DEBB800015828419"
"1609","800015828419","Scharmützelsee",NA,"800015828419_HM","2023","MST Beprobung konform?","Beprobung methodenkonform oder nicht? für Messstelle und Jahr","PhytoSee Online 8.0.3 (09.04.2024)","Phytoplankton",NA,"433268","5785615","Phyto-Beprobung ok,incl. Märzprobe",NA,NA,"DELW_DEBB800015828419"
"1610","800015828419","Scharmützelsee",NA,"848","2023","Vegetationsgrenze plausibel","Vegetationsgrenze plausibel","PHYLIB 5.3","Diatomeen",NA,"434424","5788607","true",NA,NA,"DELW_DEBB800015828419"
"1611","800015828419","Scharmützelsee",NA,"800015828419_HM","2024","MST Typ_Nr","PP-Subtyp der bewerteten MST im Jahr der Untersuchung","PhytoSee Online 8.0.3 (09.04.2024)","Phytoplankton",NA,"433268","5785615","PP 13",NA,NA,"DELW_DEBB800015828419"
"1612","800015828419","Scharmützelsee",NA,"800015828419_HM","2024","MST N_Indikatortaxa","mittlere Anzahl nutzbarer Indikatortaxa","PhytoSee Online 8.0.3 (09.04.2024)","Phytoplankton",NA,"433268","5785615","9,9",NA,NA,"DELW_DEBB800015828419"
"1613","800015828419","Scharmützelsee",NA,"846","2023","WRRL-Fließgewässertyp","WRRL-Fließgewässertyp und -Seetyp verwendet in der Bewertung der Messstelle (siehe Tabelle WAGUET_OWNER_SCHLUESSEL_WERT_TEXT)","PHYLIB 5.3","Diatomeen",NA,"435585","5793247","13",NA,NA,"DELW_DEBB800015828419"
"1614","800015828419","Scharmützelsee",NA,"800015828419_HM","2017","Chl_Saison",NA,"LAWA-TI Gewässerbewertung stehender Gewässer","Chemie (See und FG)",NA,"433268","5785615","4,97",NA,NA,"DELW_DEBB800015828419"
"1615","800015828419","Scharmützelsee",NA,"800015828419_HM","2022","TI_akt","LAWA-Trophieindex","LAWA-TI Gewässerbewertung stehender Gewässer","Chemie (See und FG)",NA,"433268","5785615","1,96",NA,NA,"DELW_DEBB800015828419"
"1616","800015828419","Scharmützelsee",NA,"800015828419_HM","2007","TP_Frühjahr",NA,"LAWA-TI Gewässerbewertung stehender Gewässer","Chemie (See und FG)",NA,"433268","5785615","79",NA,NA,"DELW_DEBB800015828419"
"1617","800015828419","Scharmützelsee",NA,"842","2023","Makrophytentyp","Makrophytentyp des Wasserköpers verwendet in der Bewertung der Messstelle (siehe Tabelle WAGUET_OWNER_SCHLUESSEL_WERT_TEXT)","PHYLIB 5.3","Makrophyten",NA,"434745","5786833","TKg - 13",NA,NA,"DELW_DEBB800015828419"
"1618","800015828419","Scharmützelsee",NA,"845","2014","Teilbewertung Diatomeen, vorläufig/FGW - Ergebnis ohne Salzbelastung & See - vorläufige Bewertung","See, FGW; Bewertung der Messstelle (1 bis 5 möglich), bei Wert='999' ist das Ergebnis ungesichert; Seen - TI-Anteil, RAQ-Arten und TI-Anzahl wird berücksichtigt","PHYLIB 5.3","Diatomeen",NA,"435113","5790286","999",NA,NA,"DELW_DEBB800015828419"
"1619","800015828419","Scharmützelsee",NA,"844","2014","Teilbewertung Diatomeen, vorläufig/FGW - Ergebnis ohne Salzbelastung & See - vorläufige Bewertung","See, FGW; Bewertung der Messstelle (1 bis 5 möglich), bei Wert='999' ist das Ergebnis ungesichert; Seen - TI-Anteil, RAQ-Arten und TI-Anzahl wird berücksichtigt","PHYLIB 5.3","Diatomeen",NA,"433294","5786834","999",NA,NA,"DELW_DEBB800015828419"
"1620","800015828419","Scharmützelsee",NA,"846","2014","Teilbewertung Diatomeen, vorläufig/FGW - Ergebnis ohne Salzbelastung & See - vorläufige Bewertung","See, FGW; Bewertung der Messstelle (1 bis 5 möglich), bei Wert='999' ist das Ergebnis ungesichert; Seen - TI-Anteil, RAQ-Arten und TI-Anzahl wird berücksichtigt","PHYLIB 5.3","Diatomeen",NA,"435585","5793247","3",NA,NA,"DELW_DEBB800015828419"
"1621","800015828419","Scharmützelsee",NA,"841","2014","aerophileArten%","See; Fließgew, sauerstoffliebende Arten in Prozent nach Schaumburg","PHYLIB 5.3","Diatomeen",NA,"436560","5789932","0",NA,NA,"DELW_DEBB800015828419"
"1622","800015828419","Scharmützelsee",NA,"844","2004","MIB","Makrophytenindex Brandenburg","MIB 2004","Makrophyten",NA,"433294","5786834","1,87",NA,NA,"DELW_DEBB800015828419"
"1623","800015828419","Scharmützelsee",NA,"800015828419_HM","2021","TP_Frühjahr",NA,"LAWA-TI Gewässerbewertung stehender Gewässer","Chemie (See und FG)",NA,"433268","5785615","66",NA,NA,"DELW_DEBB800015828419"
"1624","800015828419","Scharmützelsee",NA,"843","2023","Zustandsklasse","Zustands-/Potentialklasse","PHYLIB 5.3","Makrophyten",NA,"432922","5784672","3",NA,NA,"DELW_DEBB800015828419"
"1625","800015828419","Scharmützelsee",NA,"848","2023","RAQ gesichert","RAQ gesichert","PHYLIB 5.3","Makrophyten",NA,"434424","5788607","0",NA,NA,"DELW_DEBB800015828419"
"1626","800015828419","Scharmützelsee",NA,"800015828419_HM","2017","MST PTSI_Bew","PTSI-Bewertung für Messstelle und Jahr","PhytoSee 7.0 (15.12.2017)","Phytoplankton",NA,"433268","5785615","2,36",NA,NA,"DELW_DEBB800015828419"
"1627","800015828419","Scharmützelsee",NA,"844","2023","RAQ gesichert","RAQ gesichert","PHYLIB 5.3","Makrophyten",NA,"433294","5786834","0",NA,NA,"DELW_DEBB800015828419"
"1628","800015828419","Scharmützelsee",NA,"846","2023","Bew. Makrophyten (dezimal)","Bew. Makrophyten (dezimal)","PHYLIB 5.3","Makrophyten",NA,"435585","5793247","2,65",NA,NA,"DELW_DEBB800015828419"
"1629","800015828419","Scharmützelsee",NA,"800015828419_HM","2017","MST PSI Phyto-See-Index","PSI als Zahl für Messstelle und Jahr","PhytoSee 7.0 (15.12.2017)","Phytoplankton",NA,"433268","5785615","2,17",NA,NA,"DELW_DEBB800015828419"
"1630","800015828419","Scharmützelsee",NA,"845","2023","Teilbewertung Makrophyten","Bewertung der Messstelle (1 bis 5 möglich), bei leeren Feld ist das Ergebnis ungesichert","PHYLIB 5.3","Makrophyten",NA,"435113","5790286","4",NA,NA,"DELW_DEBB800015828419"
"1631","800015828419","Scharmützelsee",NA,"846","2023","Teilbewertung Makrophyten","Bewertung der Messstelle (1 bis 5 möglich), bei leeren Feld ist das Ergebnis ungesichert","PHYLIB 5.3","Makrophyten",NA,"435585","5793247","3",NA,NA,"DELW_DEBB800015828419"
"1632","800015828419","Scharmützelsee",NA,"800015828419_HM","2020","Chl_Saison_Anzahl",NA,"LAWA-TI Gewässerbewertung stehender Gewässer","Chemie (See und FG)",NA,"433268","5785615","10",NA,NA,"DELW_DEBB800015828419"
"1633","800015828419","Scharmützelsee",NA,"843","2023","RAQ gesichert","RAQ gesichert","PHYLIB 5.3","Diatomeen",NA,"432922","5784672","1",NA,NA,"DELW_DEBB800015828419"
"1634","800015828419","Scharmützelsee",NA,"800015828419_HM","2020","MST TypPTSI_Ref","PTSI-Referenz für den Typ","PhytoSee 7.0 (15.12.2017)","Phytoplankton",NA,"433268","5785615","1,25",NA,NA,"DELW_DEBB800015828419"
"1635","800015828419","Scharmützelsee",NA,"846","2006","M_TILNord / Trophieindex (umger.)","See; Modul Trophie-Index (Wert zwischen 0 und 1)","nicht bekannt","Diatomeen",NA,"435585","5793247","0,51",NA,NA,"DELW_DEBB800015828419"
"1636","800015828419","Scharmützelsee",NA,"844","2017","MIB","Makrophytenindex Brandenburg","MIB 2004","Makrophyten",NA,"433294","5786834","1,69",NA,NA,"DELW_DEBB800015828419"
"1637","800015828419","Scharmützelsee",NA,"845","2004","I_UMG","Index aus der unteren Makrophytengrenze, Teilindex des MIB","MIB 2004","Makrophyten",NA,"435113","5790286","0-2,39",NA,NA,"DELW_DEBB800015828419"
"1638","800015828419","Scharmützelsee",NA,"800015828419_HM","2017","MST Bac_Chloro_S_Bew","Bewertung Bac_Chloro für Messstelle und Jahr","PhytoSee 7.0 (15.12.2017)","Phytoplankton",NA,"433268","5785615","2,71",NA,NA,"DELW_DEBB800015828419"
"1639","800015828419","Scharmützelsee",NA,"800015828419_HM","2017","MST TypPTSI_Ref","PTSI-Referenz für den Typ","PhytoSee 7.0 (15.12.2017)","Phytoplankton",NA,"433268","5785615","1,25",NA,NA,"DELW_DEBB800015828419"
"1640","800015828419","Scharmützelsee",NA,"847","2014","M_TILNord / Trophieindex (umger.)","See; Modul Trophie-Index (Wert zwischen 0 und 1)","PHYLIB 5.3","Diatomeen",NA,"436233","5788720","0,602",NA,NA,"DELW_DEBB800015828419"
"1641","800015828419","Scharmützelsee",NA,"846","2023","Vegetationsgrenze plausibel","Vegetationsgrenze plausibel","PHYLIB 5.3","Diatomeen",NA,"435585","5793247","true",NA,NA,"DELW_DEBB800015828419"
"1642","800015828419","Scharmützelsee",NA,"842","2023","Zustandsklasse","Zustands-/Potentialklasse","PHYLIB 5.3","Makrophyten",NA,"434745","5786833","2",NA,NA,"DELW_DEBB800015828419"
"1643","800015828419","Scharmützelsee",NA,"843","2023","Makrophytentyp","Makrophytentyp des Wasserköpers verwendet in der Bewertung der Messstelle (siehe Tabelle WAGUET_OWNER_SCHLUESSEL_WERT_TEXT)","PHYLIB 5.3","Diatomeen",NA,"432922","5784672","TKg - 13",NA,NA,"DELW_DEBB800015828419"
"1644","800015828419","Scharmützelsee",NA,"841","2004","Teilbewertung Makrophyten","Bewertung der Messstelle (1 bis 5 möglich), bei leeren Feld ist das Ergebnis ungesichert","MIB 2004","Makrophyten",NA,"436560","5789932","1",NA,NA,"DELW_DEBB800015828419"
"1645","800015828419","Scharmützelsee",NA,"847","2010","I_Arten","Artindex, Teilindex des MIB","MIB 2004","Makrophyten",NA,"436233","5788720","0-3,83",NA,NA,"DELW_DEBB800015828419"
"1646","800015828419","Scharmützelsee",NA,"800015828419_HM","2020","MST IST_PTSI_WERT","Phytoplankton-Taxa-Seen-Index Ist-Wert im Jahresmittel für die Messstelle","PhytoSee 7.0 (15.12.2017)","Phytoplankton",NA,"433268","5785615","2,62",NA,NA,"DELW_DEBB800015828419"
"1647","800015828419","Scharmützelsee",NA,"843","2006","M_RAQ","See; Modul Referenzartenquotien","nicht bekannt","Diatomeen",NA,"432922","5784672","0,17",NA,NA,"DELW_DEBB800015828419"
"1648","800015828419","Scharmützelsee",NA,"847","2017","MIB","Makrophytenindex Brandenburg","nicht bekannt","Makrophyten",NA,"436233","5788720","2,19",NA,NA,"DELW_DEBB800015828419"
"1649","800015828419","Scharmützelsee",NA,"842","2023","Teilbewertung Makrophyten","Bewertung der Messstelle (1 bis 5 möglich), bei leeren Feld ist das Ergebnis ungesichert","PHYLIB 5.3","Makrophyten",NA,"434745","5786833","2",NA,NA,"DELW_DEBB800015828419"
"1650","800015828419","Scharmützelsee",NA,"846","2023","Vegetationsgrenze plausibel","Vegetationsgrenze plausibel","PHYLIB 5.3","Makrophyten",NA,"435585","5793247","true",NA,NA,"DELW_DEBB800015828419"
"1651","800015828419","Scharmützelsee",NA,"800015828419_HM","2024","MST Gesamtbewertung verbal stufig","PSI verbal  für Messstelle und Jahr","PhytoSee Online 8.0.3 (09.04.2024)","Phytoplankton",NA,"433268","5785615","gut",NA,NA,"DELW_DEBB800015828419"
"1652","800015828419","Scharmützelsee",NA,"800015828419_HM","2014","MST Bac_Chloro_S_Bew","Bewertung Bac_Chloro für Messstelle und Jahr","PhytoSee 7.0 (15.12.2017)","Phytoplankton",NA,"433268","5785615","1,21",NA,NA,"DELW_DEBB800015828419"
"1653","800015828419","Scharmützelsee",NA,"800015828419_HM","2014","MST Dino_Cyano-Bewertung","Bewertung Dino_Cyano für Messstelle und Jahr","PhytoSee 7.0 (15.12.2017)","Phytoplankton",NA,"433268","5785615","1,82",NA,NA,"DELW_DEBB800015828419"
"1654","800015828419","Scharmützelsee",NA,"846","2007","I_UMG","Index aus der unteren Makrophytengrenze, Teilindex des MIB","MIB 2004","Makrophyten",NA,"435585","5793247","0-2,54",NA,NA,"DELW_DEBB800015828419"
"1655","800015828419","Scharmützelsee",NA,"800015828419_HM","2020","Chl_Saison",NA,"LAWA-TI Gewässerbewertung stehender Gewässer","Chemie (See und FG)",NA,"433268","5785615","7,42",NA,NA,"DELW_DEBB800015828419"
"1656","800015828419","Scharmützelsee",NA,"800015828419_HM","2007","Chl_Saison_Anzahl",NA,"LAWA-TI Gewässerbewertung stehender Gewässer","Chemie (See und FG)",NA,"433268","5785615","10",NA,NA,"DELW_DEBB800015828419"
"1657","800015828419","Scharmützelsee",NA,"843","2007","Teilbewertung Makrophyten","Bewertung der Messstelle (1 bis 5 möglich), bei leeren Feld ist das Ergebnis ungesichert","MIB 2004","Makrophyten",NA,"432922","5784672","3",NA,NA,"DELW_DEBB800015828419"
"1658","800015828419","Scharmützelsee",NA,"843","2010","I_UMG","Index aus der unteren Makrophytengrenze, Teilindex des MIB","MIB 2004","Makrophyten",NA,"432922","5784672","0-2,83",NA,NA,"DELW_DEBB800015828419"
"1659","800015828419","Scharmützelsee",NA,"842","2023","Bewertung (dezimal)","Bewertung (dezimal)","PHYLIB 5.3","Makrophyten",NA,"434745","5786833","1,91",NA,NA,"DELW_DEBB800015828419"
"1660","800015828419","Scharmützelsee",NA,"800015828419_HM","2023","MST Gesamtbiovolumen in mm3/l","Gesamtbiovolumen Saison (mm3/l) im Mittel Mittel März - November","PhytoSee Online 8.0.3 (09.04.2024)","Phytoplankton",NA,"433268","5785615","2,01",NA,NA,"DELW_DEBB800015828419"
"1661","800015828419","Scharmützelsee",NA,"5837610","1996","Chl_MW","Jahresmittelwert Chl-a in µg/l","nicht bekannt","Chemie (See und FG)",NA,NA,NA,"43,5",NA,NA,"DELW_DEBB800015828419"
"1662","800015828419","Scharmützelsee",NA,"841","2023","Zustandsklasse","Zustands-/Potentialklasse","PHYLIB 5.3","Makrophyten",NA,"436560","5789932","3",NA,NA,"DELW_DEBB800015828419"
"1663","800015828419","Scharmützelsee",NA,"844","2007","Teilbewertung Makrophyten","Bewertung der Messstelle (1 bis 5 möglich), bei leeren Feld ist das Ergebnis ungesichert","MIB 2004","Makrophyten",NA,"433294","5786834","2",NA,NA,"DELW_DEBB800015828419"
"1664","800015828419","Scharmützelsee",NA,"846","2023","Teilbewertung Diatomeen/Zustands-/Potentialklasse FGW und Seen","FGW, See; Bewertung der Messstelle (1 bis 5 möglich), bei Wert='999' ist das Ergebnis ungesichert; (bei FGW-Halobienindex und Versauerung wird berücksichtigt)","PHYLIB 5.3","Diatomeen",NA,"435585","5793247","3",NA,NA,"DELW_DEBB800015828419"
"1665","800015828419","Scharmützelsee",NA,"800015828419_HM","2010","Bewertung Phytoplankton","Bi Phytoplankton ( nach neuer (2009) See-Typzuweisung und Phytosee 4) und Phytofliess","PhytoSee 5.0 (2013)","Phytoplankton",NA,"433268","5785615","3",NA,NA,"DELW_DEBB800015828419"
"1666","800015828419","Scharmützelsee",NA,"800015828419_HM","2021","Chl_Saison",NA,"LAWA-TI Gewässerbewertung stehender Gewässer","Chemie (See und FG)",NA,"433268","5785615","5,79",NA,NA,"DELW_DEBB800015828419"
"1667","800015828419","Scharmützelsee",NA,"800015828419_HM","2000","Bewertung Phytoplankton","Bi Phytoplankton ( nach neuer (2009) See-Typzuweisung und Phytosee 4) und Phytofliess","PhytoSee 5.0 (2013)","Phytoplankton",NA,"433268","5785615","3",NA,NA,"DELW_DEBB800015828419"
"1668","800015828419","Scharmützelsee",NA,"841","2007","MIB","Makrophytenindex Brandenburg","MIB 2004","Makrophyten",NA,"436560","5789932","1,79",NA,NA,"DELW_DEBB800015828419"
"1669","800015828419","Scharmützelsee",NA,"848","2023","Makrophytenverödung","Makrophytenverödung","PHYLIB 5.3","Diatomeen",NA,"434424","5788607","false",NA,NA,"DELW_DEBB800015828419"
"1670","800015828419","Scharmützelsee",NA,"845","2007","MIB","Makrophytenindex Brandenburg","MIB 2004","Makrophyten",NA,"435113","5790286","2,39",NA,NA,"DELW_DEBB800015828419"
"1671","800015828419","Scharmützelsee",NA,"800015828419_HM","2010","TP_Frühjahr_Anzahl",NA,"LAWA-TI Gewässerbewertung stehender Gewässer","Chemie (See und FG)",NA,"433268","5785615","7",NA,NA,"DELW_DEBB800015828419"
"1672","800015828419","Scharmützelsee",NA,"845","2006","Teilbewertung Diatomeen/Zustands-/Potentialklasse FGW und Seen","FGW, See; Bewertung der Messstelle (1 bis 5 möglich), bei Wert='999' ist das Ergebnis ungesichert; (bei FGW-Halobienindex und Versauerung wird berücksichtigt)","nicht bekannt","Diatomeen",NA,"435113","5790286","3",NA,NA,"DELW_DEBB800015828419"
"1673","800015828419","Scharmützelsee",NA,"844","2007","I_Arten","Artindex, Teilindex des MIB","MIB 2004","Makrophyten",NA,"433294","5786834","0-4,17",NA,NA,"DELW_DEBB800015828419"
"1674","800015828419","Scharmützelsee",NA,"842","2014","Makrophytentyp","Makrophytentyp des Wasserköpers verwendet in der Bewertung der Messstelle (siehe Tabelle WAGUET_OWNER_SCHLUESSEL_WERT_TEXT)","PHYLIB 5.3","Diatomeen",NA,"434745","5786833","TKg - 13",NA,NA,"DELW_DEBB800015828419"
"1675","800015828419","Scharmützelsee",NA,"841","2014","M_TILNord / Trophieindex (umger.)","See; Modul Trophie-Index (Wert zwischen 0 und 1)","PHYLIB 5.3","Diatomeen",NA,"436560","5789932","0,76",NA,NA,"DELW_DEBB800015828419"
"1676","800015828419","Scharmützelsee",NA,"800015828419_HM","2023","MST Crypto-Bewertung","Bewertung Crypto für Messstelle und Jahr","PhytoSee Online 8.0.3 (09.04.2024)","Phytoplankton",NA,"433268","5785615","2,19",NA,NA,"DELW_DEBB800015828419"
"1677","800015828419","Scharmützelsee",NA,"841","2023","Diatomeentyp","Diatomeentyp des Wasserköpers verwendet in der Bewertung der Messstelle (siehe Tabelle WAGUET_OWNER_SCHLUESSEL_WERT_TEXT)","PHYLIB 5.3","Diatomeen",NA,"436560","5789932","DS 13.2",NA,NA,"DELW_DEBB800015828419"
"1678","800015828419","Scharmützelsee",NA,"841","2017","MIB","Makrophytenindex Brandenburg","nicht bekannt","Makrophyten",NA,"436560","5789932","2,45",NA,NA,"DELW_DEBB800015828419"
"1679","800015828419","Scharmützelsee",NA,"800015828419_HM","2010","Chl_Saison",NA,"LAWA-TI Gewässerbewertung stehender Gewässer","Chemie (See und FG)",NA,"433268","5785615","13,91",NA,NA,"DELW_DEBB800015828419"
"1680","800015828419","Scharmützelsee",NA,"800015828419_HM","2024","MST PTSI H/G","H/G PTSI vom Typ","PhytoSee Online 8.0.3 (09.04.2024)","Phytoplankton",NA,"433268","5785615","1,75",NA,NA,"DELW_DEBB800015828419"
"1681","800015828419","Scharmützelsee",NA,"846","2010","Teilbewertung Diatomeen/Zustands-/Potentialklasse FGW und Seen","FGW, See; Bewertung der Messstelle (1 bis 5 möglich), bei Wert='999' ist das Ergebnis ungesichert; (bei FGW-Halobienindex und Versauerung wird berücksichtigt)","PHYLIB 4.1","Diatomeen",NA,"435585","5793247","3",NA,NA,"DELW_DEBB800015828419"
"1682","800015828419","Scharmützelsee",NA,"846","2023","RAQ gesichert","RAQ gesichert","PHYLIB 5.3","Makrophyten",NA,"435585","5793247","0",NA,NA,"DELW_DEBB800015828419"
"1683","800015828419","Scharmützelsee",NA,"5837610","1994","Chl_MW","Jahresmittelwert Chl-a in µg/l","nicht bekannt","Chemie (See und FG)",NA,NA,NA,"50",NA,NA,"DELW_DEBB800015828419"
"1684","800015828419","Scharmützelsee",NA,"800015828419_HM","2010","MST DiProf_Bew","DiProf-Bewertung für Messstelle und Jahr","PhytoSee 7.0 (15.12.2017)","Phytoplankton",NA,"433268","5785615","2,94",NA,NA,"DELW_DEBB800015828419"
"1685","800015828419","Scharmützelsee",NA,"848","2006","Anzahl inidkativer Taxa","Diatomeen Seen","nicht bekannt","Diatomeen",NA,"434424","5788607","17",NA,NA,"DELW_DEBB800015828419"
"1686","800015828419","Scharmützelsee",NA,"848","2014","Teilbewertung Diatomeen, vorläufig/FGW - Ergebnis ohne Salzbelastung & See - vorläufige Bewertung","See, FGW; Bewertung der Messstelle (1 bis 5 möglich), bei Wert='999' ist das Ergebnis ungesichert; Seen - TI-Anteil, RAQ-Arten und TI-Anzahl wird berücksichtigt","PHYLIB 5.3","Diatomeen",NA,"434424","5788607","999",NA,NA,"DELW_DEBB800015828419"
"1687","800015828419","Scharmützelsee",NA,"847","2023","WRRL-Fließgewässertyp","WRRL-Fließgewässertyp und -Seetyp verwendet in der Bewertung der Messstelle (siehe Tabelle WAGUET_OWNER_SCHLUESSEL_WERT_TEXT)","PHYLIB 5.3","Diatomeen",NA,"436233","5788720","13",NA,NA,"DELW_DEBB800015828419"
"1688","800015828419","Scharmützelsee",NA,"849","2020","Teilbewertung_QK_MZB","MZB-Gesamtbewertung/ Bi Ben_Inv","AESHNA (Version Mai 2017)","Makrozoobenthos",NA,"435281","5793833","2",NA,NA,"DELW_DEBB800015828419"
"1689","800015828419","Scharmützelsee",NA,"845","2006","M_TILNord / Trophieindex (umger.)","See; Modul Trophie-Index (Wert zwischen 0 und 1)","nicht bekannt","Diatomeen",NA,"435113","5790286","0,51",NA,NA,"DELW_DEBB800015828419"
"1690","800015828419","Scharmützelsee",NA,"800015828419_HM","2023","Bewertung Phytoplankton","Bi Phytoplankton ( nach neuer (2009) See-Typzuweisung und Phytosee 4) und Phytofliess","PhytoSee Online 8.0.3 (09.04.2024)","Phytoplankton",NA,"433268","5785615","3",NA,NA,"DELW_DEBB800015828419"
"1691","800015828419","Scharmützelsee",NA,"800015828419_HM","2020","MST Bac_Chloro_S_Bew","Bewertung Bac_Chloro für Messstelle und Jahr","PhytoSee 7.0 (15.12.2017)","Phytoplankton",NA,"433268","5785615","2,71",NA,NA,"DELW_DEBB800015828419"
"1692","800015828419","Scharmützelsee",NA,"843","2014","TIL_Nord","See; berechneter Trophie-Index Nord","PHYLIB 5.3","Diatomeen",NA,"432922","5784672","2",NA,NA,"DELW_DEBB800015828419"
"1693","800015828419","Scharmützelsee",NA,"8400014","2020","MMI","Multimetrischer Index","AESHNA (Version Mai 2017)","Makrozoobenthos",NA,"435638","5788442","0,7",NA,NA,"DELW_DEBB800015828419"
"1694","800015828419","Scharmützelsee",NA,"845","2010","MIB","Makrophytenindex Brandenburg","MIB 2004","Makrophyten",NA,"435113","5790286","2,41",NA,NA,"DELW_DEBB800015828419"
"1695","800015828419","Scharmützelsee",NA,"800015828419_HM","2023","TP_Frühjahr",NA,"LAWA-TI Gewässerbewertung stehender Gewässer","Chemie (See und FG)",NA,"433268","5785615","44",NA,NA,"DELW_DEBB800015828419"
"1696","800015828419","Scharmützelsee",NA,"800015828419_HM","2007","ST_Saison",NA,"LAWA-TI Gewässerbewertung stehender Gewässer","Chemie (See und FG)",NA,"433268","5785615","2,94",NA,NA,"DELW_DEBB800015828419"
"1697","800015828419","Scharmützelsee",NA,"846","2023","M-sicher","M-sicher","PHYLIB 5.3","Diatomeen",NA,"435585","5793247","false",NA,NA,"DELW_DEBB800015828419"
"1698","800015828419","Scharmützelsee",NA,"844","2006","TIL_Nord","See; berechneter Trophie-Index Nord","nicht bekannt","Diatomeen",NA,"433294","5786834","2,88",NA,NA,"DELW_DEBB800015828419"
"1699","800015828419","Scharmützelsee",NA,"844","2023","Makrophytenverödung","Makrophytenverödung","PHYLIB 5.3","Diatomeen",NA,"433294","5786834","false",NA,NA,"DELW_DEBB800015828419"
"1700","800015828419","Scharmützelsee",NA,"847","2023","RAQ gesichert","RAQ gesichert","PHYLIB 5.3","Makrophyten",NA,"436233","5788720","0",NA,NA,"DELW_DEBB800015828419"
"1701","800015828419","Scharmützelsee",NA,"800015828419_HM","2020","MST PSI Phyto-See-Index","PSI als Zahl für Messstelle und Jahr","PhytoSee 7.0 (15.12.2017)","Phytoplankton",NA,"433268","5785615","2,47",NA,NA,"DELW_DEBB800015828419"
"1702","800015828419","Scharmützelsee",NA,"800015828419_HM","2010","MST Di_Prof_Ist","DiProf Index-Wert für Messstelle und Jahr","PhytoSee 7.0 (15.12.2017)","Phytoplankton",NA,"433268","5785615","2,47",NA,NA,"DELW_DEBB800015828419"
"1703","800015828419","Scharmützelsee",NA,"841","2014","Diatomeentyp","Diatomeentyp des Wasserköpers verwendet in der Bewertung der Messstelle (siehe Tabelle WAGUET_OWNER_SCHLUESSEL_WERT_TEXT)","PHYLIB 5.3","Diatomeen",NA,"436560","5789932","DS 13.2",NA,NA,"DELW_DEBB800015828419"
"1704","800015828419","Scharmützelsee",NA,"847","2010","MIB","Makrophytenindex Brandenburg","MIB 2004","Makrophyten",NA,"436233","5788720","2,47",NA,NA,"DELW_DEBB800015828419"
"1705","800015828419","Scharmützelsee",NA,"843","2007","I_UMG","Index aus der unteren Makrophytengrenze, Teilindex des MIB","MIB 2004","Makrophyten",NA,"432922","5784672","0-2,73",NA,NA,"DELW_DEBB800015828419"
"1706","800015828419","Scharmützelsee",NA,"842","2023","RAQ gesichert","RAQ gesichert","PHYLIB 5.3","Makrophyten",NA,"434745","5786833","0",NA,NA,"DELW_DEBB800015828419"
"1707","800015828419","Scharmützelsee",NA,"800015828419_HM","2010","MST Diff PTSI-RefTrophie","Differenz zwischen PTSI und Referenztrophiefür Messstelle und Jahr","PhytoSee 7.0 (15.12.2017)","Phytoplankton",NA,"433268","5785615","1,21",NA,NA,"DELW_DEBB800015828419"
"1708","800015828419","Scharmützelsee",NA,"800015828419_HM","2022","Chl_Saison_Anzahl",NA,"LAWA-TI Gewässerbewertung stehender Gewässer","Chemie (See und FG)",NA,"433268","5785615","10",NA,NA,"DELW_DEBB800015828419"
"1709","800015828419","Scharmützelsee",NA,"847","2014","Makrophytentyp","Makrophytentyp des Wasserköpers verwendet in der Bewertung der Messstelle (siehe Tabelle WAGUET_OWNER_SCHLUESSEL_WERT_TEXT)","PHYLIB 5.3","Diatomeen",NA,"436233","5788720","TKg - 13",NA,NA,"DELW_DEBB800015828419"
"1710","800015828419","Scharmützelsee",NA,"5837610","1995","Chl_MW","Jahresmittelwert Chl-a in µg/l","nicht bekannt","Chemie (See und FG)",NA,NA,NA,"41,33",NA,NA,"DELW_DEBB800015828419"
"1711","800015828419","Scharmützelsee",NA,"800015828419_HM","2024","MST N_Tage",NA,"PhytoSee Online 8.0.3 (09.04.2024)","Phytoplankton",NA,"433268","5785615","9",NA,NA,"DELW_DEBB800015828419"
"1712","800015828419","Scharmützelsee",NA,"847","2023","WRRL-Fließgewässertyp","WRRL-Fließgewässertyp und -Seetyp verwendet in der Bewertung der Messstelle (siehe Tabelle WAGUET_OWNER_SCHLUESSEL_WERT_TEXT)","PHYLIB 5.3","Makrophyten",NA,"436233","5788720","13",NA,NA,"DELW_DEBB800015828419"
"1713","800015828419","Scharmützelsee",NA,"842","2006","TIL_Nord","See; berechneter Trophie-Index Nord","nicht bekannt","Diatomeen",NA,"434745","5786833","2,95",NA,NA,"DELW_DEBB800015828419"
"1714","800015828419","Scharmützelsee",NA,"800015828419_HM","2023","MST G_Algenklasse",NA,"PhytoSee Online 8.0.3 (09.04.2024)","Phytoplankton",NA,"433268","5785615","3",NA,NA,"DELW_DEBB800015828419"
"1715","800015828419","Scharmützelsee",NA,"842","2010","I_UMG","Index aus der unteren Makrophytengrenze, Teilindex des MIB","MIB 2004","Makrophyten",NA,"434745","5786833","0-3,67",NA,NA,"DELW_DEBB800015828419"
"1716","800015828419","Scharmützelsee",NA,"845","2006","M_RAQ","See; Modul Referenzartenquotien","nicht bekannt","Diatomeen",NA,"435113","5790286","0,33",NA,NA,"DELW_DEBB800015828419"
"1717","800015828419","Scharmützelsee",NA,"843","2023","Gesamthäufigkeit (prozent) D","Gesamthäufigkeit [%] D","PHYLIB 5.3","Makrophyten",NA,"432922","5784672","0",NA,NA,"DELW_DEBB800015828419"
"1718","800015828419","Scharmützelsee",NA,"841","2014","Teilbewertung Diatomeen, vorläufig/FGW - Ergebnis ohne Salzbelastung & See - vorläufige Bewertung","See, FGW; Bewertung der Messstelle (1 bis 5 möglich), bei Wert='999' ist das Ergebnis ungesichert; Seen - TI-Anteil, RAQ-Arten und TI-Anzahl wird berücksichtigt","PHYLIB 5.3","Diatomeen",NA,"436560","5789932","999",NA,NA,"DELW_DEBB800015828419"
"1719","800015828419","Scharmützelsee",NA,"846","2007","Teilbewertung Makrophyten","Bewertung der Messstelle (1 bis 5 möglich), bei leeren Feld ist das Ergebnis ungesichert","MIB 2004","Makrophyten",NA,"435585","5793247","3",NA,NA,"DELW_DEBB800015828419"
"1720","800015828419","Scharmützelsee",NA,"800015828419_HM","2007","Bewertung Phytoplankton","Bi Phytoplankton ( nach neuer (2009) See-Typzuweisung und Phytosee 4) und Phytofliess","PhytoSee 5.0 (2013)","Phytoplankton",NA,"433268","5785615","3",NA,NA,"DELW_DEBB800015828419"
"1721","800015828419","Scharmützelsee",NA,"841","2023","RAQ gesichert","RAQ gesichert","PHYLIB 5.3","Diatomeen",NA,"436560","5789932","1",NA,NA,"DELW_DEBB800015828419"
"1722","800015828419","Scharmützelsee",NA,"800015828419_HM","2023","MST Chla µg/l",NA,"PhytoSee Online 8.0.3 (09.04.2024)","Phytoplankton",NA,"433268","5785615","8,48",NA,NA,"DELW_DEBB800015828419"
"1723","800015828419","Scharmützelsee",NA,"8400011","2020","Teilbewertung_QK_MZB","MZB-Gesamtbewertung/ Bi Ben_Inv","AESHNA (Version Mai 2017)","Makrozoobenthos",NA,"434477","5786134","2",NA,NA,"DELW_DEBB800015828419"
"1724","800015828419","Scharmützelsee",NA,"848","2010","MIB","Makrophytenindex Brandenburg","MIB 2004","Makrophyten",NA,"434424","5788607","2,24",NA,NA,"DELW_DEBB800015828419"
"1725","800015828419","Scharmützelsee",NA,"843","2004","I_Arten","Artindex, Teilindex des MIB","MIB 2004","Makrophyten",NA,"432922","5784672","0-2,76",NA,NA,"DELW_DEBB800015828419"
"1726","800015828419","Scharmützelsee",NA,"800015828419_HM","2017","MST IST_PTSI_WERT","Phytoplankton-Taxa-Seen-Index Ist-Wert im Jahresmittel für die Messstelle","PhytoSee 7.0 (15.12.2017)","Phytoplankton",NA,"433268","5785615","2,18",NA,NA,"DELW_DEBB800015828419"
"1727","800015828419","Scharmützelsee",NA,"800015828419_HM","2024","MST Diff PTSI-RefTrophie","Differenz zwischen PTSI und Referenztrophiefür Messstelle und Jahr","PhytoSee Online 8.0.3 (09.04.2024)","Phytoplankton",NA,"433268","5785615","1,19",NA,NA,"DELW_DEBB800015828419"
"1728","800015828419","Scharmützelsee",NA,"844","2014","M_RAQ","See; Modul Referenzartenquotien","PHYLIB 5.3","Diatomeen",NA,"433294","5786834","0-,14",NA,NA,"DELW_DEBB800015828419"
"1729","800015828419","Scharmützelsee",NA,"846","2010","I_UMG","Index aus der unteren Makrophytengrenze, Teilindex des MIB","MIB 2004","Makrophyten",NA,"435585","5793247","0-2,78",NA,NA,"DELW_DEBB800015828419"
"1730","800015828419","Scharmützelsee",NA,"800015828419_HM","2017","ST_Saison",NA,"LAWA-TI Gewässerbewertung stehender Gewässer","Chemie (See und FG)",NA,"433268","5785615","3,89",NA,NA,"DELW_DEBB800015828419"
"1731","800015828419","Scharmützelsee",NA,"800015828419_HM","2014","TI_akt","LAWA-Trophieindex","LAWA-TI Gewässerbewertung stehender Gewässer","Chemie (See und FG)",NA,"433268","5785615","2,32",NA,NA,"DELW_DEBB800015828419"
"1732","800015828419","Scharmützelsee",NA,"845","2023","Bewertung (dezimal)","Bewertung (dezimal)","PHYLIB 5.3","Makrophyten",NA,"435113","5790286","3,64",NA,NA,"DELW_DEBB800015828419"
"1733","800015828419","Scharmützelsee",NA,"841","2023","Makrophytenverödung","Makrophytenverödung","PHYLIB 5.3","Diatomeen",NA,"436560","5789932","false",NA,NA,"DELW_DEBB800015828419"
"1734","800015828419","Scharmützelsee",NA,"800015828419_HM","1998","Bewertung Phytoplankton","Bi Phytoplankton ( nach neuer (2009) See-Typzuweisung und Phytosee 4) und Phytofliess","PhytoSee 5.0 (2013)","Phytoplankton",NA,"433268","5785615","4",NA,NA,"DELW_DEBB800015828419"
"1735","800015828419","Scharmützelsee",NA,"800015828419_HM","2010","Bewertung Phytoplankton","Bi Phytoplankton ( nach neuer (2009) See-Typzuweisung und Phytosee 4) und Phytofliess","PhytoSee 7.0 (15.12.2017)","Phytoplankton",NA,"433268","5785615","3",NA,NA,"DELW_DEBB800015828419"
"1736","800015828419","Scharmützelsee",NA,"845","2017","MIB","Makrophytenindex Brandenburg","MIB 2004","Makrophyten",NA,"435113","5790286","2,34",NA,NA,"DELW_DEBB800015828419"
"1737","800015828419","Scharmützelsee",NA,"800015828419_HM","2014","TP_Frühjahr_Anzahl",NA,"LAWA-TI Gewässerbewertung stehender Gewässer","Chemie (See und FG)",NA,"433268","5785615","7",NA,NA,"DELW_DEBB800015828419"
"1738","800015828419","Scharmützelsee",NA,"842","2023","Vegetationsgrenze","Vegetationsgrenze","PHYLIB 5.3","Diatomeen",NA,"434745","5786833","1",NA,NA,"DELW_DEBB800015828419"
"1739","800015828419","Scharmützelsee",NA,"844","2023","Makrophytentyp","Makrophytentyp des Wasserköpers verwendet in der Bewertung der Messstelle (siehe Tabelle WAGUET_OWNER_SCHLUESSEL_WERT_TEXT)","PHYLIB 5.3","Makrophyten",NA,"433294","5786834","TKg - 13",NA,NA,"DELW_DEBB800015828419"
"1740","800015828419","Scharmützelsee",NA,"846","2014","WRRL-Fließgewässertyp","WRRL-Fließgewässertyp und -Seetyp verwendet in der Bewertung der Messstelle (siehe Tabelle WAGUET_OWNER_SCHLUESSEL_WERT_TEXT)","PHYLIB 5.3","Diatomeen",NA,"435585","5793247","13",NA,NA,"DELW_DEBB800015828419"
"1741","800015828419","Scharmützelsee",NA,"844","2014","M_TILNord / Trophieindex (umger.)","See; Modul Trophie-Index (Wert zwischen 0 und 1)","PHYLIB 5.3","Diatomeen",NA,"433294","5786834","0,665",NA,NA,"DELW_DEBB800015828419"
"1742","800015828419","Scharmützelsee",NA,"800015828419_HM","2010","MST PSI_m_DiProf","PSI mit DI-Prof verrechnet  für Messstelle und Jahr","PhytoSee 7.0 (15.12.2017)","Phytoplankton",NA,"433268","5785615","2,95",NA,NA,"DELW_DEBB800015828419"
"1743","800015828419","Scharmützelsee",NA,"848","2006","Teilbewertung Diatomeen/Zustands-/Potentialklasse FGW und Seen","FGW, See; Bewertung der Messstelle (1 bis 5 möglich), bei Wert='999' ist das Ergebnis ungesichert; (bei FGW-Halobienindex und Versauerung wird berücksichtigt)","nicht bekannt","Diatomeen",NA,"434424","5788607","4",NA,NA,"DELW_DEBB800015828419"
"1744","800015828419","Scharmützelsee",NA,"800015828419_HM","2024","TP_Saison",NA,"LAWA-TI Gewässerbewertung stehender Gewässer","Chemie (See und FG)",NA,"433268","5785615","42,67",NA,NA,"DELW_DEBB800015828419"
"1745","800015828419","Scharmützelsee",NA,"847","2014","WRRL-Fließgewässertyp","WRRL-Fließgewässertyp und -Seetyp verwendet in der Bewertung der Messstelle (siehe Tabelle WAGUET_OWNER_SCHLUESSEL_WERT_TEXT)","PHYLIB 5.3","Diatomeen",NA,"436233","5788720","13",NA,NA,"DELW_DEBB800015828419"
"1746","800015828419","Scharmützelsee",NA,"848","2014","M_TILNord / Trophieindex (umger.)","See; Modul Trophie-Index (Wert zwischen 0 und 1)","PHYLIB 5.3","Diatomeen",NA,"434424","5788607","0,691",NA,NA,"DELW_DEBB800015828419"
"1747","800015828419","Scharmützelsee",NA,"845","2023","Zustandsklasse","Zustands-/Potentialklasse","PHYLIB 5.3","Makrophyten",NA,"435113","5790286","4",NA,NA,"DELW_DEBB800015828419"
"1748","800015828419","Scharmützelsee",NA,"843","2023","Makrophytenverödung","Makrophytenverödung","PHYLIB 5.3","Diatomeen",NA,"432922","5784672","false",NA,NA,"DELW_DEBB800015828419"
"1749","800015828419","Scharmützelsee",NA,"844","2023","Diatomeentyp","Diatomeentyp des Wasserköpers verwendet in der Bewertung der Messstelle (siehe Tabelle WAGUET_OWNER_SCHLUESSEL_WERT_TEXT)","PHYLIB 5.3","Diatomeen",NA,"433294","5786834","DS 13.2",NA,NA,"DELW_DEBB800015828419"
"1750","800015828419","Scharmützelsee",NA,"841","2007","Teilbewertung Makrophyten","Bewertung der Messstelle (1 bis 5 möglich), bei leeren Feld ist das Ergebnis ungesichert","MIB 2004","Makrophyten",NA,"436560","5789932","1",NA,NA,"DELW_DEBB800015828419"
"1751","800015828419","Scharmützelsee",NA,"5837610","1993","Chl_MW","Jahresmittelwert Chl-a in µg/l","nicht bekannt","Chemie (See und FG)",NA,NA,NA,"27",NA,NA,"DELW_DEBB800015828419"
"1752","800015828419","Scharmützelsee",NA,"848","2023","Teilbewertung Makrophyten","Bewertung der Messstelle (1 bis 5 möglich), bei leeren Feld ist das Ergebnis ungesichert","PHYLIB 5.3","Makrophyten",NA,"434424","5788607","3",NA,NA,"DELW_DEBB800015828419"
"1753","800015828419","Scharmützelsee",NA,"847","2014","M_RAQ","See; Modul Referenzartenquotien","PHYLIB 5.3","Diatomeen",NA,"436233","5788720","0-,71",NA,NA,"DELW_DEBB800015828419"
"1754","800015828419","Scharmützelsee",NA,"846","2010","MIB","Makrophytenindex Brandenburg","MIB 2004","Makrophyten",NA,"435585","5793247","2,46",NA,NA,"DELW_DEBB800015828419"
"1755","800015828419","Scharmützelsee",NA,"841","2023","M-sicher","M-sicher","PHYLIB 5.3","Makrophyten",NA,"436560","5789932","true",NA,NA,"DELW_DEBB800015828419"
"1756","800015828419","Scharmützelsee",NA,"800015828419_HM","2024","MST Gewässerart",NA,"PhytoSee Online 8.0.3 (09.04.2024)","Phytoplankton",NA,"433268","5785615","Tieflandsee",NA,NA,"DELW_DEBB800015828419"
"1757","800015828419","Scharmützelsee",NA,"800015828419_HM","2010","MST IST_PTSI_WERT","Phytoplankton-Taxa-Seen-Index Ist-Wert im Jahresmittel für die Messstelle","PhytoSee 7.0 (15.12.2017)","Phytoplankton",NA,"433268","5785615","2,46",NA,NA,"DELW_DEBB800015828419"
"1758","800015828419","Scharmützelsee",NA,"844","2023","Gesamthäufigkeit (prozent) D","Gesamthäufigkeit [%] D","PHYLIB 5.3","Diatomeen",NA,"433294","5786834","100",NA,NA,"DELW_DEBB800015828419"
"1759","800015828419","Scharmützelsee",NA,"843","2014","M_RAQ","See; Modul Referenzartenquotien","PHYLIB 5.3","Diatomeen",NA,"432922","5784672","0-,41",NA,NA,"DELW_DEBB800015828419"
"1760","800015828419","Scharmützelsee",NA,"846","2023","Makrophytenverödung","Makrophytenverödung","PHYLIB 5.3","Makrophyten",NA,"435585","5793247","false",NA,NA,"DELW_DEBB800015828419"
"1761","800015828419","Scharmützelsee",NA,"843","2007","MIB","Makrophytenindex Brandenburg","MIB 2004","Makrophyten",NA,"432922","5784672","2,37",NA,NA,"DELW_DEBB800015828419"
"1762","800015828419","Scharmützelsee",NA,"846","2023","Bewertung (dezimal)","Bewertung (dezimal)","PHYLIB 5.3","Diatomeen",NA,"435585","5793247","3,2",NA,NA,"DELW_DEBB800015828419"
"1763","800015828419","Scharmützelsee",NA,"800015828419_HM","2024","MST MW_SD",NA,"PhytoSee Online 8.0.3 (09.04.2024)","Phytoplankton",NA,"433268","5785615","3,98",NA,NA,"DELW_DEBB800015828419"
"1764","800015828419","Scharmützelsee",NA,"800015828419_HM","2017","MST Biomasse_Metrik","Metrik Biomasse  für Messstelle und Jahr","PhytoSee 7.0 (15.12.2017)","Phytoplankton",NA,"433268","5785615","1,78",NA,NA,"DELW_DEBB800015828419"
"1765","800015828419","Scharmützelsee",NA,"845","2023","RAQ gesichert","RAQ gesichert","PHYLIB 5.3","Diatomeen",NA,"435113","5790286","1",NA,NA,"DELW_DEBB800015828419"
"1766","800015828419","Scharmützelsee",NA,"800015828419_HM","2014","MST Crypto-Bewertung","Bewertung Crypto für Messstelle und Jahr","PhytoSee 7.0 (15.12.2017)","Phytoplankton",NA,"433268","5785615","3,27",NA,NA,"DELW_DEBB800015828419"
"1767","800015828419","Scharmützelsee",NA,"845","2023","WRRL-Fließgewässertyp","WRRL-Fließgewässertyp und -Seetyp verwendet in der Bewertung der Messstelle (siehe Tabelle WAGUET_OWNER_SCHLUESSEL_WERT_TEXT)","PHYLIB 5.3","Makrophyten",NA,"435113","5790286","13",NA,NA,"DELW_DEBB800015828419"
"1768","800015828419","Scharmützelsee",NA,"844","2010","I_UMG","Index aus der unteren Makrophytengrenze, Teilindex des MIB","MIB 2004","Makrophyten",NA,"433294","5786834","0-4,26",NA,NA,"DELW_DEBB800015828419"
"1769","800015828419","Scharmützelsee",NA,"800015828419_HM","2024","MST MaxvonMonat",NA,"PhytoSee Online 8.0.3 (09.04.2024)","Phytoplankton",NA,"433268","5785615","11",NA,NA,"DELW_DEBB800015828419"
"1770","800015828419","Scharmützelsee",NA,"800015828419_HM","2014","MST Algenklassen_Metrik","Bewertung anhand des Mittelwertergebnisses aller Einzel-Klassenmetriks je Seentyp unter der Regel: Wenn Bewertungswert <0,5 dann gleich Wert 0,5 oder wenn Bewertungswert >5,5 dann gleich Wert 5,5","PhytoSee 7.0 (15.12.2017)","Phytoplankton",NA,"433268","5785615","1,75",NA,NA,"DELW_DEBB800015828419"
"1771","800015828419","Scharmützelsee",NA,"842","2023","Diatomeentyp","Diatomeentyp des Wasserköpers verwendet in der Bewertung der Messstelle (siehe Tabelle WAGUET_OWNER_SCHLUESSEL_WERT_TEXT)","PHYLIB 5.3","Diatomeen",NA,"434745","5786833","DS 13.2",NA,NA,"DELW_DEBB800015828419"
"1772","800015828419","Scharmützelsee",NA,"843","2023","WRRL-Fließgewässertyp","WRRL-Fließgewässertyp und -Seetyp verwendet in der Bewertung der Messstelle (siehe Tabelle WAGUET_OWNER_SCHLUESSEL_WERT_TEXT)","PHYLIB 5.3","Diatomeen",NA,"432922","5784672","13",NA,NA,"DELW_DEBB800015828419"
"1773","800015828419","Scharmützelsee",NA,"800015828419_HM","2023","TP_Saison",NA,"LAWA-TI Gewässerbewertung stehender Gewässer","Chemie (See und FG)",NA,"433268","5785615","34,11",NA,NA,"DELW_DEBB800015828419"
"1774","800015828419","Scharmützelsee",NA,"843","2023","M-sicher","M-sicher","PHYLIB 5.3","Makrophyten",NA,"432922","5784672","true",NA,NA,"DELW_DEBB800015828419"
"1775","800015828419","Scharmützelsee",NA,"800015828419_HM","2010","MST Gew_DiProf","Gewichtung DiProf für Messstelle und Jahr","PhytoSee 7.0 (15.12.2017)","Phytoplankton",NA,"433268","5785615","3",NA,NA,"DELW_DEBB800015828419"
"1776","800015828419","Scharmützelsee",NA,"843","2023","Diatomeentyp","Diatomeentyp des Wasserköpers verwendet in der Bewertung der Messstelle (siehe Tabelle WAGUET_OWNER_SCHLUESSEL_WERT_TEXT)","PHYLIB 5.3","Makrophyten",NA,"432922","5784672","DS 13.2",NA,NA,"DELW_DEBB800015828419"
"1777","800015828419","Scharmützelsee",NA,"845","2010","Teilbewertung Makrophyten","Bewertung der Messstelle (1 bis 5 möglich), bei leeren Feld ist das Ergebnis ungesichert","MIB 2004","Makrophyten",NA,"435113","5790286","3",NA,NA,"DELW_DEBB800015828419"
"1778","800015828419","Scharmützelsee",NA,"844","2023","Vegetationsgrenze","Vegetationsgrenze","PHYLIB 5.3","Diatomeen",NA,"433294","5786834","1",NA,NA,"DELW_DEBB800015828419"
"1779","800015828419","Scharmützelsee",NA,"800015828419_HM","2024","Bewertung Phytoplankton","Bi Phytoplankton ( nach neuer (2009) See-Typzuweisung und Phytosee 4) und Phytofliess","PhytoSee Online 8.0.3 (09.04.2024)","Phytoplankton",NA,"433268","5785615","2",NA,NA,"DELW_DEBB800015828419"
"1780","800015828419","Scharmützelsee",NA,"845","2014","TIL_Nord","See; berechneter Trophie-Index Nord","PHYLIB 5.3","Diatomeen",NA,"435113","5790286","2",NA,NA,"DELW_DEBB800015828419"
"1781","800015828419","Scharmützelsee",NA,"841","2010","MIB","Makrophytenindex Brandenburg","MIB 2004","Makrophyten",NA,"436560","5789932","1,94",NA,NA,"DELW_DEBB800015828419"
"1782","800015828419","Scharmützelsee",NA,"800015828419_HM","2023","MST Typ_Nr","PP-Subtyp der bewerteten MST im Jahr der Untersuchung","PhytoSee Online 8.0.3 (09.04.2024)","Phytoplankton",NA,"433268","5785615","PP 13",NA,NA,"DELW_DEBB800015828419"
"1783","800015828419","Scharmützelsee",NA,"841","2014","WRRL-Fließgewässertyp","WRRL-Fließgewässertyp und -Seetyp verwendet in der Bewertung der Messstelle (siehe Tabelle WAGUET_OWNER_SCHLUESSEL_WERT_TEXT)","PHYLIB 5.3","Diatomeen",NA,"436560","5789932","13",NA,NA,"DELW_DEBB800015828419"
"1784","800015828419","Scharmützelsee",NA,"800015828419_HM","2014","Bewertung Phytoplankton","Bi Phytoplankton ( nach neuer (2009) See-Typzuweisung und Phytosee 4) und Phytofliess","PhytoSee 7.0 (15.12.2017)","Phytoplankton",NA,"433268","5785615","2",NA,NA,"DELW_DEBB800015828419"
"1785","800015828419","Scharmützelsee",NA,"800015828419_HM","2023","MST PSI Phyto-See-Index","PSI als Zahl für Messstelle und Jahr","PhytoSee Online 8.0.3 (09.04.2024)","Phytoplankton",NA,"433268","5785615","2,75",NA,NA,"DELW_DEBB800015828419"
"1786","800015828419","Scharmützelsee",NA,"847","2014","Diatomeentyp","Diatomeentyp des Wasserköpers verwendet in der Bewertung der Messstelle (siehe Tabelle WAGUET_OWNER_SCHLUESSEL_WERT_TEXT)","PHYLIB 5.3","Diatomeen",NA,"436233","5788720","DS 13.2",NA,NA,"DELW_DEBB800015828419"
"1787","800015828419","Scharmützelsee",NA,"847","2023","Vegetationsgrenze","Vegetationsgrenze","PHYLIB 5.3","Makrophyten",NA,"436233","5788720","5,4",NA,NA,"DELW_DEBB800015828419"
"1788","800015828419","Scharmützelsee",NA,"844","2023","Zustandsklasse","Zustands-/Potentialklasse","PHYLIB 5.3","Makrophyten",NA,"433294","5786834","3",NA,NA,"DELW_DEBB800015828419"
"1789","8000158393","Tiefer See bei Potsdam",NA,"8000158393_HM","2020","MST PSI Phyto-See-Index","PSI als Zahl für Messstelle und Jahr","PhytoSee 7.1 (2020)","Phytoplankton",NA,"369636,11922","5808097,12765","1,92",NA,NA,"DELW_DEBB8000158393"
"1790","8000158393","Tiefer See bei Potsdam",NA,"2831","2023","WRRL-Fließgewässertyp","WRRL-Fließgewässertyp und -Seetyp verwendet in der Bewertung der Messstelle (siehe Tabelle WAGUET_OWNER_SCHLUESSEL_WERT_TEXT)","PHYLIB 5.3","Makrophyten",NA,"369243","5807327","12",NA,NA,"DELW_DEBB8000158393"
"1791","8000158393","Tiefer See bei Potsdam",NA,"2833","2023","Bewertung (dezimal)","Bewertung (dezimal)","PHYLIB 5.3","Makrophyten",NA,"369896","5808123","3,23",NA,NA,"DELW_DEBB8000158393"
"1792","8000158393","Tiefer See bei Potsdam",NA,"2831","2023","Bew. Makrophyten (dezimal)","Bew. Makrophyten (dezimal)","PHYLIB 5.3","Makrophyten",NA,"369243","5807327","4,79",NA,NA,"DELW_DEBB8000158393"
"1793","8000158393","Tiefer See bei Potsdam",NA,"2832","2014","Teilbewertung Diatomeen/Zustands-/Potentialklasse FGW und Seen","FGW, See; Bewertung der Messstelle (1 bis 5 möglich), bei Wert='999' ist das Ergebnis ungesichert; (bei FGW-Halobienindex und Versauerung wird berücksichtigt)","PHYLIB 5.3","Diatomeen",NA,"369607","5807712","3",NA,NA,"DELW_DEBB8000158393"
"1794","8000158393","Tiefer See bei Potsdam",NA,"8000158393_HM","2020","MST MaxvonMonat",NA,"PhytoSee 7.1 (2020)","Phytoplankton",NA,"369636,11922","5808097,12765","10",NA,NA,"DELW_DEBB8000158393"
"1795","8000158393","Tiefer See bei Potsdam",NA,"8000158393_HM","2017","MST IST_PTSI_WERT","Phytoplankton-Taxa-Seen-Index Ist-Wert im Jahresmittel für die Messstelle","PhytoSee 7.0 (15.12.2017)","Phytoplankton",NA,"369636,11922","5808097,12765","3,89",NA,NA,"DELW_DEBB8000158393"
"1796","8000158393","Tiefer See bei Potsdam",NA,"2834","2009","Teilbewertung Diatomeen/Zustands-/Potentialklasse FGW und Seen","FGW, See; Bewertung der Messstelle (1 bis 5 möglich), bei Wert='999' ist das Ergebnis ungesichert; (bei FGW-Halobienindex und Versauerung wird berücksichtigt)","PHYLIB 4.1","Diatomeen",NA,"369409","5808277","3",NA,NA,"DELW_DEBB8000158393"
"1797","8000158393","Tiefer See bei Potsdam",NA,"8000158393euphot","2009","Bewertung Phytoplankton","Bi Phytoplankton ( nach neuer (2009) See-Typzuweisung und Phytosee 4) und Phytofliess","nicht bekannt","Phytoplankton",NA,"431283","5778515","3",NA,NA,"DELW_DEBB8000158393"
"1798","8000158393","Tiefer See bei Potsdam",NA,"8000158393_HM","2017","Chl_Saison",NA,"LAWA-TI Gewässerbewertung stehender Gewässer","Chemie (See und FG)",NA,"369636,11922","5808097,12765","13,9",NA,NA,"DELW_DEBB8000158393"
"1799","8000158393","Tiefer See bei Potsdam",NA,"8000158393_HM","2006","TI_akt","LAWA-Trophieindex","LAWA-TI Gewässerbewertung stehender Gewässer","Chemie (See und FG)",NA,"369636,11922","5808097,12765","4,09",NA,NA,"DELW_DEBB8000158393"
"1800","8000158393","Tiefer See bei Potsdam",NA,"8000158393_HM","2017","MST Diff PTSI-RefTrophie","Differenz zwischen PTSI und Referenztrophiefür Messstelle und Jahr","PhytoSee 7.0 (15.12.2017)","Phytoplankton",NA,"369636,11922","5808097,12765","1,39",NA,NA,"DELW_DEBB8000158393"
"1801","8000158393","Tiefer See bei Potsdam",NA,"8000158393euphot","2006","Bewertung Phytoplankton","Bi Phytoplankton ( nach neuer (2009) See-Typzuweisung und Phytosee 4) und Phytofliess","nicht bekannt","Phytoplankton",NA,"431283","5778515","3",NA,NA,"DELW_DEBB8000158393"
"1802","8000158393","Tiefer See bei Potsdam",NA,"2833","2014","M_RAQ","See; Modul Referenzartenquotien","PHYLIB 5.3","Diatomeen",NA,"369896","5808123","0-,38",NA,NA,"DELW_DEBB8000158393"
"1803","8000158393","Tiefer See bei Potsdam",NA,"2834","2017","MIB","Makrophytenindex Brandenburg","nicht bekannt","Makrophyten",NA,"369409","5808277","2,97",NA,NA,"DELW_DEBB8000158393"
"1804","8000158393","Tiefer See bei Potsdam",NA,"8000158393_HM","2020","MST N_Indikatortaxa","mittlere Anzahl nutzbarer Indikatortaxa","PhytoSee 7.1 (2020)","Phytoplankton",NA,"369636,11922","5808097,12765","13,33",NA,NA,"DELW_DEBB8000158393"
"1805","8000158393","Tiefer See bei Potsdam",NA,"8000158393_HM","2023","MST N_Indikatortaxa","mittlere Anzahl nutzbarer Indikatortaxa","PhytoSee Online 8.0.3 (09.04.2024)","Phytoplankton",NA,"369636,11922","5808097,12765","10,5",NA,NA,"DELW_DEBB8000158393"
"1806","8000158393","Tiefer See bei Potsdam",NA,"8000158393_HM","2017","PhytoSee MST Expert_MST-PSI","Expertenurteil für Messstelle und Jahr","PhytoSee 7.0 (15.12.2017)","Phytoplankton",NA,"369636,11922","5808097,12765","PSI MST gültig",NA,NA,"DELW_DEBB8000158393"
"1807","8000158393","Tiefer See bei Potsdam",NA,"8000158393_HM","2020","TP_Saison",NA,"LAWA-TI Gewässerbewertung stehender Gewässer","Chemie (See und FG)",NA,"369636,11922","5808097,12765","158,83",NA,NA,"DELW_DEBB8000158393"
"1808","8000158393","Tiefer See bei Potsdam",NA,"2833","2014","Teilbewertung Diatomeen/Zustands-/Potentialklasse FGW und Seen","FGW, See; Bewertung der Messstelle (1 bis 5 möglich), bei Wert='999' ist das Ergebnis ungesichert; (bei FGW-Halobienindex und Versauerung wird berücksichtigt)","PHYLIB 5.3","Diatomeen",NA,"369896","5808123","3",NA,NA,"DELW_DEBB8000158393"
"1809","8000158393","Tiefer See bei Potsdam",NA,"8000158393_HM","2020","MST Gewässerart",NA,"PhytoSee 7.1 (2020)","Phytoplankton",NA,"369636,11922","5808097,12765","See",NA,NA,"DELW_DEBB8000158393"
"1810","8000158393","Tiefer See bei Potsdam",NA,"8000158393_HM","2014","TP_Frühjahr_Anzahl",NA,"LAWA-TI Gewässerbewertung stehender Gewässer","Chemie (See und FG)",NA,"369636,11922","5808097,12765","7",NA,NA,"DELW_DEBB8000158393"
"1811","8000158393","Tiefer See bei Potsdam",NA,"8000158393_HM","2020","MST PTSI_Bew","PTSI-Bewertung für Messstelle und Jahr","PhytoSee 7.1 (2020)","Phytoplankton",NA,"369636,11922","5808097,12765","2,72",NA,NA,"DELW_DEBB8000158393"
"1812","8000158393","Tiefer See bei Potsdam",NA,"8000158393_HM","2014","MST Diff PTSI-RefTrophie","Differenz zwischen PTSI und Referenztrophiefür Messstelle und Jahr","PhytoSee 7.0 (15.12.2017)","Phytoplankton",NA,"369636,11922","5808097,12765","0,6102",NA,NA,"DELW_DEBB8000158393"
"1813","8000158393","Tiefer See bei Potsdam",NA,"2831","2023","Makrophytentyp","Makrophytentyp des Wasserköpers verwendet in der Bewertung der Messstelle (siehe Tabelle WAGUET_OWNER_SCHLUESSEL_WERT_TEXT)","PHYLIB 5.3","Makrophyten",NA,"369243","5807327","TKp - 12",NA,NA,"DELW_DEBB8000158393"
"1814","8000158393","Tiefer See bei Potsdam",NA,"8000158393_HM","2014","Bewertung Phytoplankton","Bi Phytoplankton ( nach neuer (2009) See-Typzuweisung und Phytosee 4) und Phytofliess","PhytoSee 7.0 (15.12.2017)","Phytoplankton",NA,"369636,11922","5808097,12765","1",NA,NA,"DELW_DEBB8000158393"
"1815","8000158393","Tiefer See bei Potsdam",NA,"S_0302","1995","Chl_MW","Jahresmittelwert Chl-a in µg/l","nicht bekannt","Chemie (See und FG)",NA,NA,NA,"53,81",NA,NA,"DELW_DEBB8000158393"
"1816","8000158393","Tiefer See bei Potsdam",NA,"8000158393_HM","2023","MST PTSI_Bew","PTSI-Bewertung für Messstelle und Jahr","PhytoSee Online 8.0.3 (09.04.2024)","Phytoplankton",NA,"369636,11922","5808097,12765","3,11",NA,NA,"DELW_DEBB8000158393"
"1817","8000158393","Tiefer See bei Potsdam",NA,"2832","2014","Teilbewertung Diatomeen, vorläufig/FGW - Ergebnis ohne Salzbelastung & See - vorläufige Bewertung","See, FGW; Bewertung der Messstelle (1 bis 5 möglich), bei Wert='999' ist das Ergebnis ungesichert; Seen - TI-Anteil, RAQ-Arten und TI-Anzahl wird berücksichtigt","PHYLIB 5.3","Diatomeen",NA,"369607","5807712","3",NA,NA,"DELW_DEBB8000158393"
"1818","8000158393","Tiefer See bei Potsdam",NA,"2835","2014","Teilbewertung Diatomeen, vorläufig/FGW - Ergebnis ohne Salzbelastung & See - vorläufige Bewertung","See, FGW; Bewertung der Messstelle (1 bis 5 möglich), bei Wert='999' ist das Ergebnis ungesichert; Seen - TI-Anteil, RAQ-Arten und TI-Anzahl wird berücksichtigt","PHYLIB 5.3","Diatomeen",NA,"369043","5807899","3",NA,NA,"DELW_DEBB8000158393"
"1819","8000158393","Tiefer See bei Potsdam",NA,"8000158393_HM","2020","Chl_Saison_Anzahl",NA,"LAWA-TI Gewässerbewertung stehender Gewässer","Chemie (See und FG)",NA,"369636,11922","5808097,12765","10",NA,NA,"DELW_DEBB8000158393"
"1820","8000158393","Tiefer See bei Potsdam",NA,"8000158393_HM","2017","MST Bac_Crypto_S_Bew","Bewertung Bac_Crypto für Messstelle und Jahr","PhytoSee 7.0 (15.12.2017)","Phytoplankton",NA,"369636,11922","5808097,12765","2,05",NA,NA,"DELW_DEBB8000158393"
"1821","8000158393","Tiefer See bei Potsdam",NA,"2831","2023","Bewertung (dezimal)","Bewertung (dezimal)","PHYLIB 5.3","Makrophyten",NA,"369243","5807327","4,79",NA,NA,"DELW_DEBB8000158393"
"1822","8000158393","Tiefer See bei Potsdam",NA,"2834","2009","Teilbewertung Diatomeen, vorläufig/FGW - Ergebnis ohne Salzbelastung & See - vorläufige Bewertung","See, FGW; Bewertung der Messstelle (1 bis 5 möglich), bei Wert='999' ist das Ergebnis ungesichert; Seen - TI-Anteil, RAQ-Arten und TI-Anzahl wird berücksichtigt","PHYLIB 4.1","Diatomeen",NA,"369409","5808277","3",NA,NA,"DELW_DEBB8000158393"
"1823","8000158393","Tiefer See bei Potsdam",NA,"2831","2014","Teilbewertung Diatomeen/Zustands-/Potentialklasse FGW und Seen","FGW, See; Bewertung der Messstelle (1 bis 5 möglich), bei Wert='999' ist das Ergebnis ungesichert; (bei FGW-Halobienindex und Versauerung wird berücksichtigt)","PHYLIB 5.3","Diatomeen",NA,"369243","5807327","3",NA,NA,"DELW_DEBB8000158393"
"1824","8000158393","Tiefer See bei Potsdam",NA,"2834","2014","TIL_Nord","See; berechneter Trophie-Index Nord","PHYLIB 5.3","Diatomeen",NA,"369409","5808277","3,71",NA,NA,"DELW_DEBB8000158393"
"1825","8000158393","Tiefer See bei Potsdam",NA,"S_0302","1993","Chl_MW","Jahresmittelwert Chl-a in µg/l","nicht bekannt","Chemie (See und FG)",NA,NA,NA,"106,17",NA,NA,"DELW_DEBB8000158393"
"1826","8000158393","Tiefer See bei Potsdam",NA,"8000158393_HM","2020","MST Algenklassen_Metrik","Bewertung anhand des Mittelwertergebnisses aller Einzel-Klassenmetriks je Seentyp unter der Regel: Wenn Bewertungswert <0,5 dann gleich Wert 0,5 oder wenn Bewertungswert >5,5 dann gleich Wert 5,5","PhytoSee 7.1 (2020)","Phytoplankton",NA,"369636,11922","5808097,12765","1,64",NA,NA,"DELW_DEBB8000158393"
"1827","8000158393","Tiefer See bei Potsdam",NA,"2832","2009","I_Arten","Artindex, Teilindex des MIB","MIB 2004","Makrophyten",NA,"369607","5807712","0-4,64",NA,NA,"DELW_DEBB8000158393"
"1828","8000158393","Tiefer See bei Potsdam",NA,"8000158393_HM","2017","TP_Saison",NA,"LAWA-TI Gewässerbewertung stehender Gewässer","Chemie (See und FG)",NA,"369636,11922","5808097,12765","174,67",NA,NA,"DELW_DEBB8000158393"
"1829","8000158393","Tiefer See bei Potsdam",NA,"8000158393_HM","2023","Chl_Saison",NA,"LAWA-TI Gewässerbewertung stehender Gewässer","Chemie (See und FG)",NA,"369636,11922","5808097,12765","31,67",NA,NA,"DELW_DEBB8000158393"
"1830","8000158393","Tiefer See bei Potsdam",NA,"2831","2017","MIB","Makrophytenindex Brandenburg","MIB 2004","Makrophyten",NA,"369243","5807327","3,01",NA,NA,"DELW_DEBB8000158393"
"1831","8000158393","Tiefer See bei Potsdam",NA,"8000158393_HM","2009","Sichttiefe_Saison_Anzahl",NA,"LAWA-TI Gewässerbewertung stehender Gewässer","Chemie (See und FG)",NA,"369636,11922","5808097,12765","7",NA,NA,"DELW_DEBB8000158393"
"1832","8000158393","Tiefer See bei Potsdam",NA,"8000158393_HM","2014","Chl_Saison",NA,"LAWA-TI Gewässerbewertung stehender Gewässer","Chemie (See und FG)",NA,"369636,11922","5808097,12765","11,65",NA,NA,"DELW_DEBB8000158393"
"1833","8000158393","Tiefer See bei Potsdam",NA,"S_0302","2002","Chl_MW","Jahresmittelwert Chl-a in µg/l","nicht bekannt","Chemie (See und FG)",NA,NA,NA,"47,12",NA,NA,"DELW_DEBB8000158393"
"1834","8000158393","Tiefer See bei Potsdam",NA,"2835","2023","Vegetationsgrenze plausibel","Vegetationsgrenze plausibel","PHYLIB 5.3","Makrophyten",NA,"369043","5807899","true",NA,NA,"DELW_DEBB8000158393"
"1835","8000158393","Tiefer See bei Potsdam",NA,"8000158393_HM","2009","TP_Frühjahr",NA,"LAWA-TI Gewässerbewertung stehender Gewässer","Chemie (See und FG)",NA,"369636,11922","5808097,12765","110",NA,NA,"DELW_DEBB8000158393"
"1836","8000158393","Tiefer See bei Potsdam",NA,"8000158393_HM","2023","MST Gesamtbewertung verbal stufig","PSI verbal  für Messstelle und Jahr","PhytoSee Online 8.0.3 (09.04.2024)","Phytoplankton",NA,"369636,11922","5808097,12765","mäßig",NA,NA,"DELW_DEBB8000158393"
"1837","8000158393","Tiefer See bei Potsdam",NA,"8000158393_HM","2014","MST Gesamtbiovolumen in mm3/l","Gesamtbiovolumen Saison (mm3/l) im Mittel Mittel März - November","PhytoSee 7.0 (15.12.2017)","Phytoplankton","mm3/l","369636,11922","5808097,12765","2,52",NA,NA,"DELW_DEBB8000158393"
"1838","8000158393","Tiefer See bei Potsdam",NA,"2831","2009","Teilbewertung Diatomeen, vorläufig/FGW - Ergebnis ohne Salzbelastung & See - vorläufige Bewertung","See, FGW; Bewertung der Messstelle (1 bis 5 möglich), bei Wert='999' ist das Ergebnis ungesichert; Seen - TI-Anteil, RAQ-Arten und TI-Anzahl wird berücksichtigt","PHYLIB 4.1","Diatomeen",NA,"369243","5807327","3",NA,NA,"DELW_DEBB8000158393"
"1839","8000158393","Tiefer See bei Potsdam",NA,"2835","2014","WRRL-Fließgewässertyp","WRRL-Fließgewässertyp und -Seetyp verwendet in der Bewertung der Messstelle (siehe Tabelle WAGUET_OWNER_SCHLUESSEL_WERT_TEXT)","PHYLIB 5.3","Diatomeen",NA,"369043","5807899","12",NA,NA,"DELW_DEBB8000158393"
"1840","8000158393","Tiefer See bei Potsdam",NA,"8000158393_HM","2014","TP_Frühjahr",NA,"LAWA-TI Gewässerbewertung stehender Gewässer","Chemie (See und FG)",NA,"369636,11922","5808097,12765","168",NA,NA,"DELW_DEBB8000158393"
"1841","8000158393","Tiefer See bei Potsdam",NA,"8000158393_HM","2014","Sichttiefe_Saison_Anzahl",NA,"LAWA-TI Gewässerbewertung stehender Gewässer","Chemie (See und FG)",NA,"369636,11922","5808097,12765","7",NA,NA,"DELW_DEBB8000158393"
"1842","8000158393","Tiefer See bei Potsdam",NA,"S_0302","2001","Chl_MW","Jahresmittelwert Chl-a in µg/l","nicht bekannt","Chemie (See und FG)",NA,NA,NA,"58,95",NA,NA,"DELW_DEBB8000158393"
"1843","8000158393","Tiefer See bei Potsdam",NA,"2832","2023","Vegetationsgrenze plausibel","Vegetationsgrenze plausibel","PHYLIB 5.3","Makrophyten",NA,"369607","5807712","true",NA,NA,"DELW_DEBB8000158393"
"1844","8000158393","Tiefer See bei Potsdam",NA,"S_0302","1996","Chl_MW","Jahresmittelwert Chl-a in µg/l","nicht bekannt","Chemie (See und FG)",NA,NA,NA,"51,28",NA,NA,"DELW_DEBB8000158393"
"1845","8000158393","Tiefer See bei Potsdam",NA,"S_0302","1997","Chl_MW","Jahresmittelwert Chl-a in µg/l","nicht bekannt","Chemie (See und FG)",NA,NA,NA,"50,64",NA,NA,"DELW_DEBB8000158393"
"1846","8000158393","Tiefer See bei Potsdam",NA,"2835","2014","Teilbewertung Diatomeen/Zustands-/Potentialklasse FGW und Seen","FGW, See; Bewertung der Messstelle (1 bis 5 möglich), bei Wert='999' ist das Ergebnis ungesichert; (bei FGW-Halobienindex und Versauerung wird berücksichtigt)","PHYLIB 5.3","Diatomeen",NA,"369043","5807899","3",NA,NA,"DELW_DEBB8000158393"
"1847","8000158393","Tiefer See bei Potsdam",NA,"2831","2017","I_Arten","Artindex, Teilindex des MIB","MIB 2004","Makrophyten",NA,"369243","5807327","0-2,67",NA,NA,"DELW_DEBB8000158393"
"1848","8000158393","Tiefer See bei Potsdam",NA,"2831","2023","Vegetationsgrenze plausibel","Vegetationsgrenze plausibel","PHYLIB 5.3","Makrophyten",NA,"369243","5807327","true",NA,NA,"DELW_DEBB8000158393"
"1849","8000158393","Tiefer See bei Potsdam",NA,"2834","2023","M-sicher","M-sicher","PHYLIB 5.3","Makrophyten",NA,"369409","5808277","false",NA,NA,"DELW_DEBB8000158393"
"1850","8000158393","Tiefer See bei Potsdam",NA,"8000158393_HM","2020","MST Crypto_Cyan_S_Bew","Bewertung Crypto_Cyan für Messstelle und Jahr","PhytoSee 7.1 (2020)","Phytoplankton",NA,"369636,11922","5808097,12765","0,2919",NA,NA,"DELW_DEBB8000158393"
"1851","8000158393","Tiefer See bei Potsdam",NA,"2832","2014","aerophileArten%","See; Fließgew, sauerstoffliebende Arten in Prozent nach Schaumburg","PHYLIB 5.3","Diatomeen",NA,"369607","5807712","0",NA,NA,"DELW_DEBB8000158393"
"1852","8000158393","Tiefer See bei Potsdam",NA,"2832","2017","I_Arten","Artindex, Teilindex des MIB","MIB 2004","Makrophyten",NA,"369607","5807712","0-2,67",NA,NA,"DELW_DEBB8000158393"
"1853","8000158393","Tiefer See bei Potsdam",NA,"8000158393_HM","2017","TP_Frühjahr_Anzahl",NA,"LAWA-TI Gewässerbewertung stehender Gewässer","Chemie (See und FG)",NA,"369636,11922","5808097,12765","7",NA,NA,"DELW_DEBB8000158393"
"1854","8000158393","Tiefer See bei Potsdam",NA,"8000158393_HM","2017","MST TypPTSI_Ref","PTSI-Referenz für den Typ","PhytoSee 7.0 (15.12.2017)","Phytoplankton",NA,"369636,11922","5808097,12765","2,5",NA,NA,"DELW_DEBB8000158393"
"1855","8000158393","Tiefer See bei Potsdam",NA,"2832","2023","WRRL-Fließgewässertyp","WRRL-Fließgewässertyp und -Seetyp verwendet in der Bewertung der Messstelle (siehe Tabelle WAGUET_OWNER_SCHLUESSEL_WERT_TEXT)","PHYLIB 5.3","Makrophyten",NA,"369607","5807712","12",NA,NA,"DELW_DEBB8000158393"
"1856","8000158393","Tiefer See bei Potsdam",NA,"2831","2017","I_UMG","Index aus der unteren Makrophytengrenze, Teilindex des MIB","MIB 2004","Makrophyten",NA,"369243","5807327","0-1,85",NA,NA,"DELW_DEBB8000158393"
"1857","8000158393","Tiefer See bei Potsdam",NA,"2832","2023","Gesamthäufigkeit (prozent) D","Gesamthäufigkeit [%] D","PHYLIB 5.3","Makrophyten",NA,"369607","5807712","0",NA,NA,"DELW_DEBB8000158393"
"1858","8000158393","Tiefer See bei Potsdam",NA,"2835","2014","Diatomeentyp","Diatomeentyp des Wasserköpers verwendet in der Bewertung der Messstelle (siehe Tabelle WAGUET_OWNER_SCHLUESSEL_WERT_TEXT)","PHYLIB 5.3","Diatomeen",NA,"369043","5807899","DS 12",NA,NA,"DELW_DEBB8000158393"
"1859","8000158393","Tiefer See bei Potsdam",NA,"2835","2014","M_RAQ","See; Modul Referenzartenquotien","PHYLIB 5.3","Diatomeen",NA,"369043","5807899","0-,38",NA,NA,"DELW_DEBB8000158393"
"1860","8000158393","Tiefer See bei Potsdam",NA,"2833","2014","aerophileArten%","See; Fließgew, sauerstoffliebende Arten in Prozent nach Schaumburg","PHYLIB 5.3","Diatomeen",NA,"369896","5808123","0",NA,NA,"DELW_DEBB8000158393"
"1861","8000158393","Tiefer See bei Potsdam",NA,"2832","2023","Bewertung (dezimal)","Bewertung (dezimal)","PHYLIB 5.3","Makrophyten",NA,"369607","5807712","5,2",NA,NA,"DELW_DEBB8000158393"
"1862","8000158393","Tiefer See bei Potsdam",NA,"8000158393_HM","2006","TNb_Sommer","Stickstoffkonz. im Sommer","LAWA-TI Gewässerbewertung stehender Gewässer","Chemie (See und FG)",NA,"369636,11922","5808097,12765","3,67",NA,NA,"DELW_DEBB8000158393"
"1863","8000158393","Tiefer See bei Potsdam",NA,"2833","2023","Makrophytenverödung","Makrophytenverödung","PHYLIB 5.3","Makrophyten",NA,"369896","5808123","false",NA,NA,"DELW_DEBB8000158393"
"1864","8000158393","Tiefer See bei Potsdam",NA,"8000158393_HM","2023","MST Chloro-Bewertung","Bewertung Chloro für Messstelle und Jahr","PhytoSee Online 8.0.3 (09.04.2024)","Phytoplankton",NA,"369636,11922","5808097,12765","2,76",NA,NA,"DELW_DEBB8000158393"
"1865","8000158393","Tiefer See bei Potsdam",NA,"S_0302","1993","Sichttiefe_Jahesmittel","Sichttiefe_Jahesmittel in m","nicht bekannt","Chemie (See und FG)",NA,NA,NA,"0,7861",NA,NA,"DELW_DEBB8000158393"
"1866","8000158393","Tiefer See bei Potsdam",NA,"2834","2014","Makrophytentyp","Makrophytentyp des Wasserköpers verwendet in der Bewertung der Messstelle (siehe Tabelle WAGUET_OWNER_SCHLUESSEL_WERT_TEXT)","PHYLIB 5.3","Diatomeen",NA,"369409","5808277","TKp - 12",NA,NA,"DELW_DEBB8000158393"
"1867","8000158393","Tiefer See bei Potsdam",NA,"8000158393_HM","2009","Bewertung Phytoplankton","Bi Phytoplankton ( nach neuer (2009) See-Typzuweisung und Phytosee 4) und Phytofliess","PhytoSee 5.0 (2013)","Phytoplankton",NA,"369636,11922","5808097,12765","3",NA,NA,"DELW_DEBB8000158393"
"1868","8000158393","Tiefer See bei Potsdam",NA,"8000158393_HM","2023","TP_Saison",NA,"LAWA-TI Gewässerbewertung stehender Gewässer","Chemie (See und FG)",NA,"369636,11922","5808097,12765","157,17",NA,NA,"DELW_DEBB8000158393"
"1869","8000158393","Tiefer See bei Potsdam",NA,"S_0302","1995","Sichttiefe_Jahesmittel","Sichttiefe_Jahesmittel in m","nicht bekannt","Chemie (See und FG)",NA,NA,NA,"1,05",NA,NA,"DELW_DEBB8000158393"
"1870","8000158393","Tiefer See bei Potsdam",NA,"8000158393_HM","2009","ST_Saison",NA,"LAWA-TI Gewässerbewertung stehender Gewässer","Chemie (See und FG)",NA,"369636,11922","5808097,12765","1,05",NA,NA,"DELW_DEBB8000158393"
"1871","8000158393","Tiefer See bei Potsdam",NA,"8000158393_HM","2020","MST Typ_Nr","PP-Subtyp der bewerteten MST im Jahr der Untersuchung","PhytoSee 7.1 (2020)","Phytoplankton",NA,"369636,11922","5808097,12765","PP 12",NA,NA,"DELW_DEBB8000158393"
"1872","8000158393","Tiefer See bei Potsdam",NA,"8000158393_HM","2020","MST IST_PTSI_WERT","Phytoplankton-Taxa-Seen-Index Ist-Wert im Jahresmittel für die Messstelle","PhytoSee 7.1 (2020)","Phytoplankton",NA,"369636,11922","5808097,12765","3,61",NA,NA,"DELW_DEBB8000158393"
"1873","8000158393","Tiefer See bei Potsdam",NA,"S_0302","1996","Sichttiefe_Jahesmittel","Sichttiefe_Jahesmittel in m","nicht bekannt","Chemie (See und FG)",NA,NA,NA,"1,01",NA,NA,"DELW_DEBB8000158393"
"1874","8000158393","Tiefer See bei Potsdam",NA,"S_0302","2002","Sichttiefe_Jahesmittel","Sichttiefe_Jahesmittel in m","nicht bekannt","Chemie (See und FG)",NA,NA,NA,"0,8139",NA,NA,"DELW_DEBB8000158393"
"1875","8000158393","Tiefer See bei Potsdam",NA,"8000158393_HM","2023","MST N Monate",NA,"PhytoSee Online 8.0.3 (09.04.2024)","Phytoplankton",NA,"369636,11922","5808097,12765","6",NA,NA,"DELW_DEBB8000158393"
"1876","8000158393","Tiefer See bei Potsdam",NA,"2832","2009","I_UMG","Index aus der unteren Makrophytengrenze, Teilindex des MIB","MIB 2004","Makrophyten",NA,"369607","5807712","0-1,7",NA,NA,"DELW_DEBB8000158393"
"1877","8000158393","Tiefer See bei Potsdam",NA,"8000158393_HM","2014","MST Bac_Crypto_S_Bew","Bewertung Bac_Crypto für Messstelle und Jahr","PhytoSee 7.0 (15.12.2017)","Phytoplankton",NA,"369636,11922","5808097,12765","2,11",NA,NA,"DELW_DEBB8000158393"
"1878","8000158393","Tiefer See bei Potsdam",NA,"2833","2023","Makrophytentyp","Makrophytentyp des Wasserköpers verwendet in der Bewertung der Messstelle (siehe Tabelle WAGUET_OWNER_SCHLUESSEL_WERT_TEXT)","PHYLIB 5.3","Makrophyten",NA,"369896","5808123","TKp - 12",NA,NA,"DELW_DEBB8000158393"
"1879","8000158393","Tiefer See bei Potsdam",NA,"2834","2023","Vegetationsgrenze","Vegetationsgrenze","PHYLIB 5.3","Makrophyten",NA,"369409","5808277","1,6",NA,NA,"DELW_DEBB8000158393"
"1880","8000158393","Tiefer See bei Potsdam",NA,"2831","2023","RAQ gesichert","RAQ gesichert","PHYLIB 5.3","Makrophyten",NA,"369243","5807327","0",NA,NA,"DELW_DEBB8000158393"
"1881","8000158393","Tiefer See bei Potsdam",NA,"8000158393_HM","2023","MST Beprobung konform?","Beprobung methodenkonform oder nicht? für Messstelle und Jahr","PhytoSee Online 8.0.3 (09.04.2024)","Phytoplankton",NA,"369636,11922","5808097,12765","Phyto-Beprobung ok,incl. Märzprobe",NA,NA,"DELW_DEBB8000158393"
"1882","8000158393","Tiefer See bei Potsdam",NA,"2832","2014","TIL_Nord","See; berechneter Trophie-Index Nord","PHYLIB 5.3","Diatomeen",NA,"369607","5807712","3,57",NA,NA,"DELW_DEBB8000158393"
"1883","8000158393","Tiefer See bei Potsdam",NA,"8000158393_HM","2020","Sichttiefe_Saison_Anzahl",NA,"LAWA-TI Gewässerbewertung stehender Gewässer","Chemie (See und FG)",NA,"369636,11922","5808097,12765","7",NA,NA,"DELW_DEBB8000158393"
"1884","8000158393","Tiefer See bei Potsdam",NA,"2832","2014","Diatomeentyp","Diatomeentyp des Wasserköpers verwendet in der Bewertung der Messstelle (siehe Tabelle WAGUET_OWNER_SCHLUESSEL_WERT_TEXT)","PHYLIB 5.3","Diatomeen",NA,"369607","5807712","DS 12",NA,NA,"DELW_DEBB8000158393"
"1885","8000158393","Tiefer See bei Potsdam",NA,"8000158393_HM","2014","TI_akt","LAWA-Trophieindex","LAWA-TI Gewässerbewertung stehender Gewässer","Chemie (See und FG)",NA,"369636,11922","5808097,12765","3,38",NA,NA,"DELW_DEBB8000158393"
"1886","8000158393","Tiefer See bei Potsdam",NA,"8000158393_HM","2014","MST PTSI_Bew","PTSI-Bewertung für Messstelle und Jahr","PhytoSee 7.0 (15.12.2017)","Phytoplankton",NA,"369636,11922","5808097,12765","1,72",NA,NA,"DELW_DEBB8000158393"
"1887","8000158393","Tiefer See bei Potsdam",NA,"8000158393_HM","2014","TNb_Sommer","Stickstoffkonz. im Sommer","LAWA-TI Gewässerbewertung stehender Gewässer","Chemie (See und FG)",NA,"369636,11922","5808097,12765","3,5",NA,NA,"DELW_DEBB8000158393"
"1888","8000158393","Tiefer See bei Potsdam",NA,"2834","2014","aerophileArten%","See; Fließgew, sauerstoffliebende Arten in Prozent nach Schaumburg","PHYLIB 5.3","Diatomeen",NA,"369409","5808277","0",NA,NA,"DELW_DEBB8000158393"
"1889","8000158393","Tiefer See bei Potsdam",NA,"2831","2014","vorlaeufigeBewertung","See; Fließgew; vorläufige Bewertung der Messstelle, (FGW - Halobienindex und Versauerung wird nicht berücksichtigt; Seen - TI-Anteil, RAQ-Arten und TI-Anzahl wird nicht berücksichtigt)","PHYLIB 5.3","Diatomeen",NA,"369243","5807327","3",NA,NA,"DELW_DEBB8000158393"
"1890","8000158393","Tiefer See bei Potsdam",NA,"2832","2014","vorlaeufigeBewertung","See; Fließgew; vorläufige Bewertung der Messstelle, (FGW - Halobienindex und Versauerung wird nicht berücksichtigt; Seen - TI-Anteil, RAQ-Arten und TI-Anzahl wird nicht berücksichtigt)","PHYLIB 5.3","Diatomeen",NA,"369607","5807712","3",NA,NA,"DELW_DEBB8000158393"
"1891","8000158393","Tiefer See bei Potsdam",NA,"8000158393_HM","2014","MST N_Indikatortaxa","mittlere Anzahl nutzbarer Indikatortaxa","PhytoSee 7.0 (15.12.2017)","Phytoplankton",NA,"369636,11922","5808097,12765","4,33",NA,NA,"DELW_DEBB8000158393"
"1892","8000158393","Tiefer See bei Potsdam",NA,"8000158393_HM","2017","MST N_Indikatortaxa","mittlere Anzahl nutzbarer Indikatortaxa","PhytoSee 7.0 (15.12.2017)","Phytoplankton",NA,"369636,11922","5808097,12765","9,67",NA,NA,"DELW_DEBB8000158393"
"1893","8000158393","Tiefer See bei Potsdam",NA,"2835","2023","Vegetationsgrenze","Vegetationsgrenze","PHYLIB 5.3","Makrophyten",NA,"369043","5807899","2,2",NA,NA,"DELW_DEBB8000158393"
"1894","8000158393","Tiefer See bei Potsdam",NA,"8000158393_HM","2014","MST PTSI H/G","H/G PTSI vom Typ","PhytoSee 7.0 (15.12.2017)","Phytoplankton",NA,"369636,11922","5808097,12765","3",NA,NA,"DELW_DEBB8000158393"
"1895","8000158393","Tiefer See bei Potsdam",NA,"S_0302","1997","Sichttiefe_Jahesmittel","Sichttiefe_Jahesmittel in m","nicht bekannt","Chemie (See und FG)",NA,NA,NA,"1",NA,NA,"DELW_DEBB8000158393"
"1896","8000158393","Tiefer See bei Potsdam",NA,"8000158393_HM","2020","TP_Frühjahr",NA,"LAWA-TI Gewässerbewertung stehender Gewässer","Chemie (See und FG)",NA,"369636,11922","5808097,12765","118",NA,NA,"DELW_DEBB8000158393"
"1897","8000158393","Tiefer See bei Potsdam",NA,"8000158393_HM","2020","MST Beprobung konform?","Beprobung methodenkonform oder nicht? für Messstelle und Jahr","PhytoSee 7.1 (2020)","Phytoplankton",NA,"369636,11922","5808097,12765","incl. Märzprobe",NA,NA,"DELW_DEBB8000158393"
"1898","8000158393","Tiefer See bei Potsdam",NA,"2833","2014","Makrophytentyp","Makrophytentyp des Wasserköpers verwendet in der Bewertung der Messstelle (siehe Tabelle WAGUET_OWNER_SCHLUESSEL_WERT_TEXT)","PHYLIB 5.3","Diatomeen",NA,"369896","5808123","TKp - 12",NA,NA,"DELW_DEBB8000158393"
"1899","8000158393","Tiefer See bei Potsdam",NA,"2834","2014","vorlaeufigeBewertung","See; Fließgew; vorläufige Bewertung der Messstelle, (FGW - Halobienindex und Versauerung wird nicht berücksichtigt; Seen - TI-Anteil, RAQ-Arten und TI-Anzahl wird nicht berücksichtigt)","PHYLIB 5.3","Diatomeen",NA,"369409","5808277","3",NA,NA,"DELW_DEBB8000158393"
"1900","8000158393","Tiefer See bei Potsdam",NA,"2833","2023","Zustandsklasse","Zustands-/Potentialklasse","PHYLIB 5.3","Makrophyten",NA,"369896","5808123","3",NA,NA,"DELW_DEBB8000158393"
"1901","8000158393","Tiefer See bei Potsdam",NA,"8000158393_HM","2023","MST Version-Programm",NA,"PhytoSee Online 8.0.3 (09.04.2024)","Phytoplankton",NA,"369636,11922","5808097,12765","PhytoSee Online 8.0.3, Stand 02.05.2024",NA,NA,"DELW_DEBB8000158393"
"1902","8000158393","Tiefer See bei Potsdam",NA,"S_0302","1998","Sichttiefe_Jahesmittel","Sichttiefe_Jahesmittel in m","nicht bekannt","Chemie (See und FG)",NA,NA,NA,"1,02",NA,NA,"DELW_DEBB8000158393"
"1903","8000158393","Tiefer See bei Potsdam",NA,"2833","2014","vorlaeufigeBewertung","See; Fließgew; vorläufige Bewertung der Messstelle, (FGW - Halobienindex und Versauerung wird nicht berücksichtigt; Seen - TI-Anteil, RAQ-Arten und TI-Anzahl wird nicht berücksichtigt)","PHYLIB 5.3","Diatomeen",NA,"369896","5808123","3",NA,NA,"DELW_DEBB8000158393"
"1904","8000158393","Tiefer See bei Potsdam",NA,"2832","2009","MIB","Makrophytenindex Brandenburg","MIB 2004","Makrophyten",NA,"369607","5807712","2,59",NA,NA,"DELW_DEBB8000158393"
"1905","8000158393","Tiefer See bei Potsdam",NA,"2831","2023","Vegetationsgrenze","Vegetationsgrenze","PHYLIB 5.3","Makrophyten",NA,"369243","5807327","1,6",NA,NA,"DELW_DEBB8000158393"
"1906","8000158393","Tiefer See bei Potsdam",NA,"8000158393_HM","2017","MST PTSI_Bew","PTSI-Bewertung für Messstelle und Jahr","PhytoSee 7.0 (15.12.2017)","Phytoplankton",NA,"369636,11922","5808097,12765","3,27",NA,NA,"DELW_DEBB8000158393"
"1907","8000158393","Tiefer See bei Potsdam",NA,"8000158393_HM","2020","Bewertung Phytoplankton","Bi Phytoplankton ( nach neuer (2009) See-Typzuweisung und Phytosee 4) und Phytofliess","PhytoSee 7.1 (2020)","Phytoplankton",NA,"369636,11922","5808097,12765","2",NA,NA,"DELW_DEBB8000158393"
"1908","8000158393","Tiefer See bei Potsdam",NA,"2832","2017","MIB","Makrophytenindex Brandenburg","MIB 2004","Makrophyten",NA,"369607","5807712","2,9",NA,NA,"DELW_DEBB8000158393"
"1909","8000158393","Tiefer See bei Potsdam",NA,"8000158393_HM","2020","MST PTSI H/G","H/G PTSI vom Typ","PhytoSee 7.1 (2020)","Phytoplankton",NA,"369636,11922","5808097,12765","3",NA,NA,"DELW_DEBB8000158393"
"1910","8000158393","Tiefer See bei Potsdam",NA,"2835","2023","RAQ gesichert","RAQ gesichert","PHYLIB 5.3","Makrophyten",NA,"369043","5807899","0",NA,NA,"DELW_DEBB8000158393"
"1911","8000158393","Tiefer See bei Potsdam",NA,"8000158393_HM","2017","MST Beprobung konform?","Beprobung methodenkonform oder nicht? für Messstelle und Jahr","PhytoSee 7.0 (15.12.2017)","Phytoplankton",NA,"369636,11922","5808097,12765","incl. Novemberprobe",NA,NA,"DELW_DEBB8000158393"
"1912","8000158393","Tiefer See bei Potsdam",NA,"2835","2014","aerophileArten%","See; Fließgew, sauerstoffliebende Arten in Prozent nach Schaumburg","PHYLIB 5.3","Diatomeen",NA,"369043","5807899","0",NA,NA,"DELW_DEBB8000158393"
"1913","8000158393","Tiefer See bei Potsdam",NA,"8000158393_HM","2006","ST_Saison",NA,"LAWA-TI Gewässerbewertung stehender Gewässer","Chemie (See und FG)",NA,"369636,11922","5808097,12765","0,9833",NA,NA,"DELW_DEBB8000158393"
"1914","8000158393","Tiefer See bei Potsdam",NA,"2832","2023","Makrophytenverödung","Makrophytenverödung","PHYLIB 5.3","Makrophyten",NA,"369607","5807712","false",NA,NA,"DELW_DEBB8000158393"
"1915","8000158393","Tiefer See bei Potsdam",NA,"S_0302","2006","Sichttiefe_Jahesmittel","Sichttiefe_Jahesmittel in m","nicht bekannt","Chemie (See und FG)",NA,NA,NA,"0,9833",NA,NA,"DELW_DEBB8000158393"
"1916","8000158393","Tiefer See bei Potsdam",NA,"S_0302","2006","Chl_MW","Jahresmittelwert Chl-a in µg/l","nicht bekannt","Chemie (See und FG)",NA,NA,NA,"50,35",NA,NA,"DELW_DEBB8000158393"
"1917","8000158393","Tiefer See bei Potsdam",NA,"8000158393_HM","2023","MST Chla µg/l",NA,"PhytoSee Online 8.0.3 (09.04.2024)","Phytoplankton",NA,"369636,11922","5808097,12765","31,67",NA,NA,"DELW_DEBB8000158393"
"1918","8000158393","Tiefer See bei Potsdam",NA,"2832","2009","Teilbewertung Diatomeen, vorläufig/FGW - Ergebnis ohne Salzbelastung & See - vorläufige Bewertung","See, FGW; Bewertung der Messstelle (1 bis 5 möglich), bei Wert='999' ist das Ergebnis ungesichert; Seen - TI-Anteil, RAQ-Arten und TI-Anzahl wird berücksichtigt","PHYLIB 4.1","Diatomeen",NA,"369607","5807712","4",NA,NA,"DELW_DEBB8000158393"
"1919","8000158393","Tiefer See bei Potsdam",NA,"2831","2014","Diatomeentyp","Diatomeentyp des Wasserköpers verwendet in der Bewertung der Messstelle (siehe Tabelle WAGUET_OWNER_SCHLUESSEL_WERT_TEXT)","PHYLIB 5.3","Diatomeen",NA,"369243","5807327","DS 12",NA,NA,"DELW_DEBB8000158393"
"1920","8000158393","Tiefer See bei Potsdam",NA,"2835","2023","WRRL-Fließgewässertyp","WRRL-Fließgewässertyp und -Seetyp verwendet in der Bewertung der Messstelle (siehe Tabelle WAGUET_OWNER_SCHLUESSEL_WERT_TEXT)","PHYLIB 5.3","Makrophyten",NA,"369043","5807899","12",NA,NA,"DELW_DEBB8000158393"
"1921","8000158393","Tiefer See bei Potsdam",NA,"2832","2014","M_RAQ","See; Modul Referenzartenquotien","PHYLIB 5.3","Diatomeen",NA,"369607","5807712","0-,33",NA,NA,"DELW_DEBB8000158393"
"1922","8000158393","Tiefer See bei Potsdam",NA,"2835","2014","TIL_Nord","See; berechneter Trophie-Index Nord","PHYLIB 5.3","Diatomeen",NA,"369043","5807899","3,49",NA,NA,"DELW_DEBB8000158393"
"1923","8000158393","Tiefer See bei Potsdam",NA,"8000158393_HM","2023","TP_Frühjahr_Anzahl",NA,"LAWA-TI Gewässerbewertung stehender Gewässer","Chemie (See und FG)",NA,"369636,11922","5808097,12765","7",NA,NA,"DELW_DEBB8000158393"
"1924","8000158393","Tiefer See bei Potsdam",NA,"2831","2014","Teilbewertung Diatomeen, vorläufig/FGW - Ergebnis ohne Salzbelastung & See - vorläufige Bewertung","See, FGW; Bewertung der Messstelle (1 bis 5 möglich), bei Wert='999' ist das Ergebnis ungesichert; Seen - TI-Anteil, RAQ-Arten und TI-Anzahl wird berücksichtigt","PHYLIB 5.3","Diatomeen",NA,"369243","5807327","3",NA,NA,"DELW_DEBB8000158393"
"1925","8000158393","Tiefer See bei Potsdam",NA,"2834","2014","M_TILNord / Trophieindex (umger.)","See; Modul Trophie-Index (Wert zwischen 0 und 1)","PHYLIB 5.3","Diatomeen",NA,"369409","5808277","0,511",NA,NA,"DELW_DEBB8000158393"
"1926","8000158393","Tiefer See bei Potsdam",NA,"2832","2023","Bew. Makrophyten (dezimal)","Bew. Makrophyten (dezimal)","PHYLIB 5.3","Makrophyten",NA,"369607","5807712","5,2",NA,NA,"DELW_DEBB8000158393"
"1927","8000158393","Tiefer See bei Potsdam",NA,"2834","2023","Makrophytenverödung","Makrophytenverödung","PHYLIB 5.3","Makrophyten",NA,"369409","5808277","false",NA,NA,"DELW_DEBB8000158393"
"1928","8000158393","Tiefer See bei Potsdam",NA,"8000158393_HM","2020","MST Maximum Chla µg/l",NA,"PhytoSee 7.1 (2020)","Phytoplankton",NA,"369636,11922","5808097,12765","53,4",NA,NA,"DELW_DEBB8000158393"
"1929","8000158393","Tiefer See bei Potsdam",NA,"8000158393_HM","2023","MST Bac_Crypto_S_Bew","Bewertung Bac_Crypto für Messstelle und Jahr","PhytoSee Online 8.0.3 (09.04.2024)","Phytoplankton",NA,"369636,11922","5808097,12765","3,87",NA,NA,"DELW_DEBB8000158393"
"1930","8000158393","Tiefer See bei Potsdam",NA,"8000158393_HM","2014","PhytoSee MST Expert_MST-PSI","Expertenurteil für Messstelle und Jahr","PhytoSee 7.0 (15.12.2017)","Phytoplankton",NA,"369636,11922","5808097,12765","PSI MST gültig",NA,NA,"DELW_DEBB8000158393"
"1931","8000158393","Tiefer See bei Potsdam",NA,"2834","2023","Diatomeentyp","Diatomeentyp des Wasserköpers verwendet in der Bewertung der Messstelle (siehe Tabelle WAGUET_OWNER_SCHLUESSEL_WERT_TEXT)","PHYLIB 5.3","Makrophyten",NA,"369409","5808277","DS 12",NA,NA,"DELW_DEBB8000158393"
"1932","8000158393","Tiefer See bei Potsdam",NA,"2834","2023","RAQ gesichert","RAQ gesichert","PHYLIB 5.3","Makrophyten",NA,"369409","5808277","0",NA,NA,"DELW_DEBB8000158393"
"1933","8000158393","Tiefer See bei Potsdam",NA,"8000158393_HM","2020","MST MinvonMonat",NA,"PhytoSee 7.1 (2020)","Phytoplankton",NA,"369636,11922","5808097,12765","3",NA,NA,"DELW_DEBB8000158393"
"1934","8000158393","Tiefer See bei Potsdam",NA,"8000158393_HM","2023","MST PTSI H/G","H/G PTSI vom Typ","PhytoSee Online 8.0.3 (09.04.2024)","Phytoplankton",NA,"369636,11922","5808097,12765","3",NA,NA,"DELW_DEBB8000158393"
"1935","8000158393","Tiefer See bei Potsdam",NA,"8000158393_HM","2023","MST Diff PTSI-RefTrophie","Differenz zwischen PTSI und Referenztrophiefür Messstelle und Jahr","PhytoSee Online 8.0.3 (09.04.2024)","Phytoplankton",NA,"369636,11922","5808097,12765","1,3",NA,NA,"DELW_DEBB8000158393"
"1936","8000158393","Tiefer See bei Potsdam",NA,"2831","2023","Diatomeentyp","Diatomeentyp des Wasserköpers verwendet in der Bewertung der Messstelle (siehe Tabelle WAGUET_OWNER_SCHLUESSEL_WERT_TEXT)","PHYLIB 5.3","Makrophyten",NA,"369243","5807327","DS 12",NA,NA,"DELW_DEBB8000158393"
"1937","8000158393","Tiefer See bei Potsdam",NA,"2832","2017","I_UMG","Index aus der unteren Makrophytengrenze, Teilindex des MIB","MIB 2004","Makrophyten",NA,"369607","5807712","0-2,14",NA,NA,"DELW_DEBB8000158393"
"1938","8000158393","Tiefer See bei Potsdam",NA,"8000158393_HM","2023","ST_Saison",NA,"LAWA-TI Gewässerbewertung stehender Gewässer","Chemie (See und FG)",NA,"369636,11922","5808097,12765","1,22",NA,NA,"DELW_DEBB8000158393"
"1939","8000158393","Tiefer See bei Potsdam",NA,"8000158393_HM","2023","MST Maximum Chla µg/l",NA,"PhytoSee Online 8.0.3 (09.04.2024)","Phytoplankton",NA,"369636,11922","5808097,12765","72",NA,NA,"DELW_DEBB8000158393"
"1940","8000158393","Tiefer See bei Potsdam",NA,"8000158393_HM","2020","MST TypPTSI_Ref","PTSI-Referenz für den Typ","PhytoSee 7.1 (2020)","Phytoplankton",NA,"369636,11922","5808097,12765","2,5",NA,NA,"DELW_DEBB8000158393"
"1941","8000158393","Tiefer See bei Potsdam",NA,"2831","2014","TIL_Nord","See; berechneter Trophie-Index Nord","PHYLIB 5.3","Diatomeen",NA,"369243","5807327","3,08",NA,NA,"DELW_DEBB8000158393"
"1942","8000158393","Tiefer See bei Potsdam",NA,"8000158393_HM","2023","Chl_Saison_Anzahl",NA,"LAWA-TI Gewässerbewertung stehender Gewässer","Chemie (See und FG)",NA,"369636,11922","5808097,12765","10",NA,NA,"DELW_DEBB8000158393"
"1943","8000158393","Tiefer See bei Potsdam",NA,"2831","2014","Makrophytentyp","Makrophytentyp des Wasserköpers verwendet in der Bewertung der Messstelle (siehe Tabelle WAGUET_OWNER_SCHLUESSEL_WERT_TEXT)","PHYLIB 5.3","Diatomeen",NA,"369243","5807327","TKp - 12",NA,NA,"DELW_DEBB8000158393"
"1944","8000158393","Tiefer See bei Potsdam",NA,"8000158393_HM","2009","Chl_Saison",NA,"LAWA-TI Gewässerbewertung stehender Gewässer","Chemie (See und FG)",NA,"369636,11922","5808097,12765","45,99",NA,NA,"DELW_DEBB8000158393"
"1945","8000158393","Tiefer See bei Potsdam",NA,"2833","2023","Bew. Makrophyten (dezimal)","Bew. Makrophyten (dezimal)","PHYLIB 5.3","Makrophyten",NA,"369896","5808123","3,23",NA,NA,"DELW_DEBB8000158393"
"1946","8000158393","Tiefer See bei Potsdam",NA,"8000158393_HM","2023","MST G_Algenklasse",NA,"PhytoSee Online 8.0.3 (09.04.2024)","Phytoplankton",NA,"369636,11922","5808097,12765","3",NA,NA,"DELW_DEBB8000158393"
"1947","8000158393","Tiefer See bei Potsdam",NA,"8000158393_HM","2023","MST N_Tage",NA,"PhytoSee Online 8.0.3 (09.04.2024)","Phytoplankton",NA,"369636,11922","5808097,12765","6",NA,NA,"DELW_DEBB8000158393"
"1948","8000158393","Tiefer See bei Potsdam",NA,"2834","2017","I_Arten","Artindex, Teilindex des MIB","MIB 2004","Makrophyten",NA,"369409","5808277","0-2,37",NA,NA,"DELW_DEBB8000158393"
"1949","8000158393","Tiefer See bei Potsdam",NA,"2834","2023","Gesamthäufigkeit (prozent) D","Gesamthäufigkeit [%] D","PHYLIB 5.3","Makrophyten",NA,"369409","5808277","0",NA,NA,"DELW_DEBB8000158393"
"1950","8000158393","Tiefer See bei Potsdam",NA,"2831","2023","Makrophytenverödung","Makrophytenverödung","PHYLIB 5.3","Makrophyten",NA,"369243","5807327","false",NA,NA,"DELW_DEBB8000158393"
"1951","8000158393","Tiefer See bei Potsdam",NA,"8000158393_HM","2014","MST Beprobung konform?","Beprobung methodenkonform oder nicht? für Messstelle und Jahr","PhytoSee 7.0 (15.12.2017)","Phytoplankton",NA,"369636,11922","5808097,12765","ok",NA,NA,"DELW_DEBB8000158393"
"1952","8000158393","Tiefer See bei Potsdam",NA,"8000158393_HM","2014","MST Chloro-Bewertung","Bewertung Chloro für Messstelle und Jahr","PhytoSee 7.0 (15.12.2017)","Phytoplankton",NA,"369636,11922","5808097,12765","1,87",NA,NA,"DELW_DEBB8000158393"
"1953","8000158393","Tiefer See bei Potsdam",NA,"2835","2023","Makrophytentyp","Makrophytentyp des Wasserköpers verwendet in der Bewertung der Messstelle (siehe Tabelle WAGUET_OWNER_SCHLUESSEL_WERT_TEXT)","PHYLIB 5.3","Makrophyten",NA,"369043","5807899","TKp - 12",NA,NA,"DELW_DEBB8000158393"
"1954","8000158393","Tiefer See bei Potsdam",NA,"2832","2014","WRRL-Fließgewässertyp","WRRL-Fließgewässertyp und -Seetyp verwendet in der Bewertung der Messstelle (siehe Tabelle WAGUET_OWNER_SCHLUESSEL_WERT_TEXT)","PHYLIB 5.3","Diatomeen",NA,"369607","5807712","12",NA,NA,"DELW_DEBB8000158393"
"1955","8000158393","Tiefer See bei Potsdam",NA,"2833","2023","Teilbewertung Makrophyten","Bewertung der Messstelle (1 bis 5 möglich), bei leeren Feld ist das Ergebnis ungesichert","PHYLIB 5.3","Makrophyten",NA,"369896","5808123","3",NA,NA,"DELW_DEBB8000158393"
"1956","8000158393","Tiefer See bei Potsdam",NA,"2833","2014","WRRL-Fließgewässertyp","WRRL-Fließgewässertyp und -Seetyp verwendet in der Bewertung der Messstelle (siehe Tabelle WAGUET_OWNER_SCHLUESSEL_WERT_TEXT)","PHYLIB 5.3","Diatomeen",NA,"369896","5808123","12",NA,NA,"DELW_DEBB8000158393"
"1957","8000158393","Tiefer See bei Potsdam",NA,"2832","2023","Makrophytentyp","Makrophytentyp des Wasserköpers verwendet in der Bewertung der Messstelle (siehe Tabelle WAGUET_OWNER_SCHLUESSEL_WERT_TEXT)","PHYLIB 5.3","Makrophyten",NA,"369607","5807712","TKp - 12",NA,NA,"DELW_DEBB8000158393"
"1958","8000158393","Tiefer See bei Potsdam",NA,"S_0302","1992","Chl_MW","Jahresmittelwert Chl-a in µg/l","nicht bekannt","Chemie (See und FG)",NA,NA,NA,"93,22",NA,NA,"DELW_DEBB8000158393"
"1959","8000158393","Tiefer See bei Potsdam",NA,"8000158393_HM","2014","MST Algenklassen_Metrik","Bewertung anhand des Mittelwertergebnisses aller Einzel-Klassenmetriks je Seentyp unter der Regel: Wenn Bewertungswert <0,5 dann gleich Wert 0,5 oder wenn Bewertungswert >5,5 dann gleich Wert 5,5","PhytoSee 7.0 (15.12.2017)","Phytoplankton",NA,"369636,11922","5808097,12765","1,7",NA,NA,"DELW_DEBB8000158393"
"1960","8000158393","Tiefer See bei Potsdam",NA,"8000158393_HM","2014","TP_Saison",NA,"LAWA-TI Gewässerbewertung stehender Gewässer","Chemie (See und FG)",NA,"369636,11922","5808097,12765","138,17",NA,NA,"DELW_DEBB8000158393"
"1961","8000158393","Tiefer See bei Potsdam",NA,"8000158393_HM","2017","Bewertung Phytoplankton","Bi Phytoplankton ( nach neuer (2009) See-Typzuweisung und Phytosee 4) und Phytofliess","PhytoSee 7.0 (15.12.2017)","Phytoplankton",NA,"369636,11922","5808097,12765","2",NA,NA,"DELW_DEBB8000158393"
"1962","8000158393","Tiefer See bei Potsdam",NA,"8000158393_HM","2020","MST G_Biomasse",NA,"PhytoSee 7.1 (2020)","Phytoplankton",NA,"369636,11922","5808097,12765","4",NA,NA,"DELW_DEBB8000158393"
"1963","8000158393","Tiefer See bei Potsdam",NA,"8000158393_HM","2017","MST Crypto_Cyan_S_Bew","Bewertung Crypto_Cyan für Messstelle und Jahr","PhytoSee 7.0 (15.12.2017)","Phytoplankton",NA,"369636,11922","5808097,12765","0,04734",NA,NA,"DELW_DEBB8000158393"
"1964","8000158393","Tiefer See bei Potsdam",NA,"8000158393_HM","2006","TP_Frühjahr_Anzahl",NA,"LAWA-TI Gewässerbewertung stehender Gewässer","Chemie (See und FG)",NA,"369636,11922","5808097,12765","7",NA,NA,"DELW_DEBB8000158393"
"1965","8000158393","Tiefer See bei Potsdam",NA,"8000158393_HM","2017","Sichttiefe_Saison_Anzahl",NA,"LAWA-TI Gewässerbewertung stehender Gewässer","Chemie (See und FG)",NA,"369636,11922","5808097,12765","7",NA,NA,"DELW_DEBB8000158393"
"1966","8000158393","Tiefer See bei Potsdam",NA,"2834","2023","Teilbewertung Makrophyten","Bewertung der Messstelle (1 bis 5 möglich), bei leeren Feld ist das Ergebnis ungesichert","PHYLIB 5.3","Makrophyten",NA,"369409","5808277","4",NA,NA,"DELW_DEBB8000158393"
"1967","8000158393","Tiefer See bei Potsdam",NA,"2831","2009","Teilbewertung Diatomeen/Zustands-/Potentialklasse FGW und Seen","FGW, See; Bewertung der Messstelle (1 bis 5 möglich), bei Wert='999' ist das Ergebnis ungesichert; (bei FGW-Halobienindex und Versauerung wird berücksichtigt)","PHYLIB 4.1","Diatomeen",NA,"369243","5807327","3",NA,NA,"DELW_DEBB8000158393"
"1968","8000158393","Tiefer See bei Potsdam",NA,"8000158393_HM","2006","Chl_Saison_Anzahl",NA,"LAWA-TI Gewässerbewertung stehender Gewässer","Chemie (See und FG)",NA,"369636,11922","5808097,12765","10",NA,NA,"DELW_DEBB8000158393"
"1969","8000158393","Tiefer See bei Potsdam",NA,"2835","2009","Teilbewertung Diatomeen/Zustands-/Potentialklasse FGW und Seen","FGW, See; Bewertung der Messstelle (1 bis 5 möglich), bei Wert='999' ist das Ergebnis ungesichert; (bei FGW-Halobienindex und Versauerung wird berücksichtigt)","PHYLIB 4.1","Diatomeen",NA,"369043","5807899","4",NA,NA,"DELW_DEBB8000158393"
"1970","8000158393","Tiefer See bei Potsdam",NA,"2833","2023","Gesamthäufigkeit (prozent) D","Gesamthäufigkeit [%] D","PHYLIB 5.3","Makrophyten",NA,"369896","5808123","0",NA,NA,"DELW_DEBB8000158393"
"1971","8000158393","Tiefer See bei Potsdam",NA,"8000158393_HM","2023","MST Crypto_Cyan_S_Bew","Bewertung Crypto_Cyan für Messstelle und Jahr","PhytoSee Online 8.0.3 (09.04.2024)","Phytoplankton",NA,"369636,11922","5808097,12765","1,32",NA,NA,"DELW_DEBB8000158393"
"1972","8000158393","Tiefer See bei Potsdam",NA,"2835","2009","Teilbewertung Diatomeen, vorläufig/FGW - Ergebnis ohne Salzbelastung & See - vorläufige Bewertung","See, FGW; Bewertung der Messstelle (1 bis 5 möglich), bei Wert='999' ist das Ergebnis ungesichert; Seen - TI-Anteil, RAQ-Arten und TI-Anzahl wird berücksichtigt","PHYLIB 4.1","Diatomeen",NA,"369043","5807899","4",NA,NA,"DELW_DEBB8000158393"
"1973","8000158393","Tiefer See bei Potsdam",NA,"8000158393_HM","2006","TP_Frühjahr",NA,"LAWA-TI Gewässerbewertung stehender Gewässer","Chemie (See und FG)",NA,"369636,11922","5808097,12765","187",NA,NA,"DELW_DEBB8000158393"
"1974","8000158393","Tiefer See bei Potsdam",NA,"2834","2023","Bew. Makrophyten (dezimal)","Bew. Makrophyten (dezimal)","PHYLIB 5.3","Makrophyten",NA,"369409","5808277","3,57",NA,NA,"DELW_DEBB8000158393"
"1975","8000158393","Tiefer See bei Potsdam",NA,"2833","2023","WRRL-Fließgewässertyp","WRRL-Fließgewässertyp und -Seetyp verwendet in der Bewertung der Messstelle (siehe Tabelle WAGUET_OWNER_SCHLUESSEL_WERT_TEXT)","PHYLIB 5.3","Makrophyten",NA,"369896","5808123","12",NA,NA,"DELW_DEBB8000158393"
"1976","8000158393","Tiefer See bei Potsdam",NA,"8000158393_HM","2023","MST TypPTSI_Ref","PTSI-Referenz für den Typ","PhytoSee Online 8.0.3 (09.04.2024)","Phytoplankton",NA,"369636,11922","5808097,12765","2,5",NA,NA,"DELW_DEBB8000158393"
"1977","8000158393","Tiefer See bei Potsdam",NA,"2834","2014","M_RAQ","See; Modul Referenzartenquotien","PHYLIB 5.3","Diatomeen",NA,"369409","5808277","0-,69",NA,NA,"DELW_DEBB8000158393"
"1978","8000158393","Tiefer See bei Potsdam",NA,"8000158393_HM","2009","TI_akt","LAWA-Trophieindex","LAWA-TI Gewässerbewertung stehender Gewässer","Chemie (See und FG)",NA,"369636,11922","5808097,12765","3,96",NA,NA,"DELW_DEBB8000158393"
"1979","8000158393","Tiefer See bei Potsdam",NA,"2832","2023","Vegetationsgrenze","Vegetationsgrenze","PHYLIB 5.3","Makrophyten",NA,"369607","5807712","1,6",NA,NA,"DELW_DEBB8000158393"
"1980","8000158393","Tiefer See bei Potsdam",NA,"8000158393_HM","2023","MST Typ_Nr","PP-Subtyp der bewerteten MST im Jahr der Untersuchung","PhytoSee Online 8.0.3 (09.04.2024)","Phytoplankton",NA,"369636,11922","5808097,12765","PP 12",NA,NA,"DELW_DEBB8000158393"
"1981","8000158393","Tiefer See bei Potsdam",NA,"2833","2009","Teilbewertung Diatomeen, vorläufig/FGW - Ergebnis ohne Salzbelastung & See - vorläufige Bewertung","See, FGW; Bewertung der Messstelle (1 bis 5 möglich), bei Wert='999' ist das Ergebnis ungesichert; Seen - TI-Anteil, RAQ-Arten und TI-Anzahl wird berücksichtigt","PHYLIB 4.1","Diatomeen",NA,"369896","5808123","4",NA,NA,"DELW_DEBB8000158393"
"1982","8000158393","Tiefer See bei Potsdam",NA,"8000158393_HM","2017","TI_akt","LAWA-Trophieindex","LAWA-TI Gewässerbewertung stehender Gewässer","Chemie (See und FG)",NA,"369636,11922","5808097,12765","3,29",NA,NA,"DELW_DEBB8000158393"
"1983","8000158393","Tiefer See bei Potsdam",NA,"8000158393_HM","2006","TP_MW","Mittelwert TP in mg/l (Messergb.)","LAWA-TI Gewässerbewertung stehender Gewässer","Chemie (See und FG)",NA,"369636,11922","5808097,12765","199,33",NA,NA,"DELW_DEBB8000158393"
"1984","8000158393","Tiefer See bei Potsdam",NA,"S_0302","1999","Chl_MW","Jahresmittelwert Chl-a in µg/l","nicht bekannt","Chemie (See und FG)",NA,NA,NA,"52,43",NA,NA,"DELW_DEBB8000158393"
"1985","8000158393","Tiefer See bei Potsdam",NA,"S_0302","2000","Sichttiefe_Jahesmittel","Sichttiefe_Jahesmittel in m","nicht bekannt","Chemie (See und FG)",NA,NA,NA,"0,7941",NA,NA,"DELW_DEBB8000158393"
"1986","8000158393","Tiefer See bei Potsdam",NA,"2834","2023","Makrophytentyp","Makrophytentyp des Wasserköpers verwendet in der Bewertung der Messstelle (siehe Tabelle WAGUET_OWNER_SCHLUESSEL_WERT_TEXT)","PHYLIB 5.3","Makrophyten",NA,"369409","5808277","TKp - 12",NA,NA,"DELW_DEBB8000158393"
"1987","8000158393","Tiefer See bei Potsdam",NA,"2835","2023","Makrophytenverödung","Makrophytenverödung","PHYLIB 5.3","Makrophyten",NA,"369043","5807899","false",NA,NA,"DELW_DEBB8000158393"
"1988","8000158393","Tiefer See bei Potsdam",NA,"8000158393_HM","2020","MST G_Algenklasse",NA,"PhytoSee 7.1 (2020)","Phytoplankton",NA,"369636,11922","5808097,12765","3",NA,NA,"DELW_DEBB8000158393"
"1989","8000158393","Tiefer See bei Potsdam",NA,"8000158393_HM","2023","MST PSI Phyto-See-Index","PSI als Zahl für Messstelle und Jahr","PhytoSee Online 8.0.3 (09.04.2024)","Phytoplankton",NA,"369636,11922","5808097,12765","2,69",NA,NA,"DELW_DEBB8000158393"
"1990","8000158393","Tiefer See bei Potsdam",NA,"S_0302","1994","Sichttiefe_Jahesmittel","Sichttiefe_Jahesmittel in m","nicht bekannt","Chemie (See und FG)",NA,NA,NA,"1,09",NA,NA,"DELW_DEBB8000158393"
"1991","8000158393","Tiefer See bei Potsdam",NA,"2833","2023","Vegetationsgrenze plausibel","Vegetationsgrenze plausibel","PHYLIB 5.3","Makrophyten",NA,"369896","5808123","true",NA,NA,"DELW_DEBB8000158393"
"1992","8000158393","Tiefer See bei Potsdam",NA,"8000158393_HM","2014","MST Gesamtbewertung verbal stufig","PSI verbal  für Messstelle und Jahr","PhytoSee 7.0 (15.12.2017)","Phytoplankton",NA,"369636,11922","5808097,12765","sehr gut",NA,NA,"DELW_DEBB8000158393"
"1993","8000158393","Tiefer See bei Potsdam",NA,"8000158393_HM","2006","Bewertung Phytoplankton","Bi Phytoplankton ( nach neuer (2009) See-Typzuweisung und Phytosee 4) und Phytofliess","PhytoSee 5.0 (2013)","Phytoplankton",NA,"369636,11922","5808097,12765","2",NA,NA,"DELW_DEBB8000158393"
"1994","8000158393","Tiefer See bei Potsdam",NA,"2831","2014","WRRL-Fließgewässertyp","WRRL-Fließgewässertyp und -Seetyp verwendet in der Bewertung der Messstelle (siehe Tabelle WAGUET_OWNER_SCHLUESSEL_WERT_TEXT)","PHYLIB 5.3","Diatomeen",NA,"369243","5807327","12",NA,NA,"DELW_DEBB8000158393"
"1995","8000158393","Tiefer See bei Potsdam",NA,"8000158393_HM","2017","TP_Frühjahr",NA,"LAWA-TI Gewässerbewertung stehender Gewässer","Chemie (See und FG)",NA,"369636,11922","5808097,12765","96",NA,NA,"DELW_DEBB8000158393"
"1996","8000158393","Tiefer See bei Potsdam",NA,"8000158393_HM","2006","Sichttiefe_Saison_Anzahl",NA,"LAWA-TI Gewässerbewertung stehender Gewässer","Chemie (See und FG)",NA,"369636,11922","5808097,12765","7",NA,NA,"DELW_DEBB8000158393"
"1997","8000158393","Tiefer See bei Potsdam",NA,"S_0302","1998","Chl_MW","Jahresmittelwert Chl-a in µg/l","nicht bekannt","Chemie (See und FG)",NA,NA,NA,"49,96",NA,NA,"DELW_DEBB8000158393"
"1998","8000158393","Tiefer See bei Potsdam",NA,"2831","2023","M-sicher","M-sicher","PHYLIB 5.3","Makrophyten",NA,"369243","5807327","true",NA,NA,"DELW_DEBB8000158393"
"1999","8000158393","Tiefer See bei Potsdam",NA,"8000158393_HM","2023","MST MinvonMonat",NA,"PhytoSee Online 8.0.3 (09.04.2024)","Phytoplankton",NA,"369636,11922","5808097,12765","3",NA,NA,"DELW_DEBB8000158393"
"2000","8000158393","Tiefer See bei Potsdam",NA,"8000158393_HM","2020","MST Gesamtbewertung verbal stufig","PSI verbal  für Messstelle und Jahr","PhytoSee 7.1 (2020)","Phytoplankton",NA,"369636,11922","5808097,12765","gut",NA,NA,"DELW_DEBB8000158393"
"2001","8000158393","Tiefer See bei Potsdam",NA,"8000158393_HM","2023","Sichttiefe_Saison_Anzahl",NA,"LAWA-TI Gewässerbewertung stehender Gewässer","Chemie (See und FG)",NA,"369636,11922","5808097,12765","7",NA,NA,"DELW_DEBB8000158393"
"2002","8000158393","Tiefer See bei Potsdam",NA,"2833","2014","M_TILNord / Trophieindex (umger.)","See; Modul Trophie-Index (Wert zwischen 0 und 1)","PHYLIB 5.3","Diatomeen",NA,"369896","5808123","0,626",NA,NA,"DELW_DEBB8000158393"
"2003","8000158393","Tiefer See bei Potsdam",NA,"8000158393_HM","2023","MST Algenklassen_Metrik","Bewertung anhand des Mittelwertergebnisses aller Einzel-Klassenmetriks je Seentyp unter der Regel: Wenn Bewertungswert <0,5 dann gleich Wert 0,5 oder wenn Bewertungswert >5,5 dann gleich Wert 5,5","PhytoSee Online 8.0.3 (09.04.2024)","Phytoplankton",NA,"369636,11922","5808097,12765","2,65",NA,NA,"DELW_DEBB8000158393"
"2004","8000158393","Tiefer See bei Potsdam",NA,"2832","2014","M_TILNord / Trophieindex (umger.)","See; Modul Trophie-Index (Wert zwischen 0 und 1)","PHYLIB 5.3","Diatomeen",NA,"369607","5807712","0,569",NA,NA,"DELW_DEBB8000158393"
"2005","8000158393","Tiefer See bei Potsdam",NA,"S_0302","2000","Chl_MW","Jahresmittelwert Chl-a in µg/l","nicht bekannt","Chemie (See und FG)",NA,NA,NA,"62,26",NA,NA,"DELW_DEBB8000158393"
"2006","8000158393","Tiefer See bei Potsdam",NA,"S_0302","2001","Sichttiefe_Jahesmittel","Sichttiefe_Jahesmittel in m","nicht bekannt","Chemie (See und FG)",NA,NA,NA,"0,8235",NA,NA,"DELW_DEBB8000158393"
"2007","8000158393","Tiefer See bei Potsdam",NA,"8000158393_HM","2017","Chl_Saison_Anzahl",NA,"LAWA-TI Gewässerbewertung stehender Gewässer","Chemie (See und FG)",NA,"369636,11922","5808097,12765","10",NA,NA,"DELW_DEBB8000158393"
"2008","8000158393","Tiefer See bei Potsdam",NA,"2831","2023","Zustandsklasse","Zustands-/Potentialklasse","PHYLIB 5.3","Makrophyten",NA,"369243","5807327","5",NA,NA,"DELW_DEBB8000158393"
"2009","8000158393","Tiefer See bei Potsdam",NA,"8000158393_HM","2020","TI_akt","LAWA-Trophieindex","LAWA-TI Gewässerbewertung stehender Gewässer","Chemie (See und FG)",NA,"369636,11922","5808097,12765","3,47",NA,NA,"DELW_DEBB8000158393"
"2010","8000158393","Tiefer See bei Potsdam",NA,"8000158393_HM","2020","MST Version-Programm",NA,"PhytoSee 7.1 (2020)","Phytoplankton",NA,"369636,11922","5808097,12765","PhytoSee 7.1 (08.06.2020)",NA,NA,"DELW_DEBB8000158393"
"2011","8000158393","Tiefer See bei Potsdam",NA,"8000158393_HM","2017","MST Gesamtbewertung verbal stufig","PSI verbal  für Messstelle und Jahr","PhytoSee 7.0 (15.12.2017)","Phytoplankton",NA,"369636,11922","5808097,12765","gut",NA,NA,"DELW_DEBB8000158393"
"2012","8000158393","Tiefer See bei Potsdam",NA,"8000158393_HM","2023","MST Gesamtbiovolumen in mm3/l","Gesamtbiovolumen Saison (mm3/l) im Mittel Mittel März - November","PhytoSee Online 8.0.3 (09.04.2024)","Phytoplankton",NA,"369636,11922","5808097,12765","6,93",NA,NA,"DELW_DEBB8000158393"
"2013","8000158393","Tiefer See bei Potsdam",NA,"2834","2014","Teilbewertung Diatomeen, vorläufig/FGW - Ergebnis ohne Salzbelastung & See - vorläufige Bewertung","See, FGW; Bewertung der Messstelle (1 bis 5 möglich), bei Wert='999' ist das Ergebnis ungesichert; Seen - TI-Anteil, RAQ-Arten und TI-Anzahl wird berücksichtigt","PHYLIB 5.3","Diatomeen",NA,"369409","5808277","3",NA,NA,"DELW_DEBB8000158393"
"2014","8000158393","Tiefer See bei Potsdam",NA,"8000158393_HM","2023","TI_akt","LAWA-Trophieindex","LAWA-TI Gewässerbewertung stehender Gewässer","Chemie (See und FG)",NA,"369636,11922","5808097,12765","3,64",NA,NA,"DELW_DEBB8000158393"
"2015","8000158393","Tiefer See bei Potsdam",NA,"2833","2023","Vegetationsgrenze","Vegetationsgrenze","PHYLIB 5.3","Makrophyten",NA,"369896","5808123","1,4",NA,NA,"DELW_DEBB8000158393"
"2016","8000158393","Tiefer See bei Potsdam",NA,"8000158393_HM","2023","MST Gewässerart",NA,"PhytoSee Online 8.0.3 (09.04.2024)","Phytoplankton",NA,"369636,11922","5808097,12765","See",NA,NA,"DELW_DEBB8000158393"
"2017","8000158393","Tiefer See bei Potsdam",NA,"2835","2023","Teilbewertung Makrophyten","Bewertung der Messstelle (1 bis 5 möglich), bei leeren Feld ist das Ergebnis ungesichert","PHYLIB 5.3","Makrophyten",NA,"369043","5807899","4",NA,NA,"DELW_DEBB8000158393"
"2018","8000158393","Tiefer See bei Potsdam",NA,"8000158393_HM","2020","Chl_Saison",NA,"LAWA-TI Gewässerbewertung stehender Gewässer","Chemie (See und FG)",NA,"369636,11922","5808097,12765","22,67",NA,NA,"DELW_DEBB8000158393"
"2019","8000158393","Tiefer See bei Potsdam",NA,"2832","2014","Makrophytentyp","Makrophytentyp des Wasserköpers verwendet in der Bewertung der Messstelle (siehe Tabelle WAGUET_OWNER_SCHLUESSEL_WERT_TEXT)","PHYLIB 5.3","Diatomeen",NA,"369607","5807712","TKp - 12",NA,NA,"DELW_DEBB8000158393"
"2020","8000158393","Tiefer See bei Potsdam",NA,"2833","2014","TIL_Nord","See; berechneter Trophie-Index Nord","PHYLIB 5.3","Diatomeen",NA,"369896","5808123","3,43",NA,NA,"DELW_DEBB8000158393"
"2021","8000158393","Tiefer See bei Potsdam",NA,"8000158393_HM","2020","ST_Saison",NA,"LAWA-TI Gewässerbewertung stehender Gewässer","Chemie (See und FG)",NA,"369636,11922","5808097,12765","1,87",NA,NA,"DELW_DEBB8000158393"
"2022","8000158393","Tiefer See bei Potsdam",NA,"2833","2023","M-sicher","M-sicher","PHYLIB 5.3","Makrophyten",NA,"369896","5808123","true",NA,NA,"DELW_DEBB8000158393"
"2023","8000158393","Tiefer See bei Potsdam",NA,"8000158393_HM","2014","MST TypPTSI_Ref","PTSI-Referenz für den Typ","PhytoSee 7.0 (15.12.2017)","Phytoplankton",NA,"369636,11922","5808097,12765","2,5",NA,NA,"DELW_DEBB8000158393"
"2024","8000158393","Tiefer See bei Potsdam",NA,"8000158393_HM","2020","MST Schichtungsverhalten",NA,"PhytoSee 7.1 (2020)","Phytoplankton",NA,"369636,11922","5808097,12765","ungeschichtet",NA,NA,"DELW_DEBB8000158393"
"2025","8000158393","Tiefer See bei Potsdam",NA,"2833","2014","Teilbewertung Diatomeen, vorläufig/FGW - Ergebnis ohne Salzbelastung & See - vorläufige Bewertung","See, FGW; Bewertung der Messstelle (1 bis 5 möglich), bei Wert='999' ist das Ergebnis ungesichert; Seen - TI-Anteil, RAQ-Arten und TI-Anzahl wird berücksichtigt","PHYLIB 5.3","Diatomeen",NA,"369896","5808123","3",NA,NA,"DELW_DEBB8000158393"
"2026","8000158393","Tiefer See bei Potsdam",NA,"2835","2023","Bew. Makrophyten (dezimal)","Bew. Makrophyten (dezimal)","PHYLIB 5.3","Makrophyten",NA,"369043","5807899","3,57",NA,NA,"DELW_DEBB8000158393"
"2027","8000158393","Tiefer See bei Potsdam",NA,"2834","2014","Diatomeentyp","Diatomeentyp des Wasserköpers verwendet in der Bewertung der Messstelle (siehe Tabelle WAGUET_OWNER_SCHLUESSEL_WERT_TEXT)","PHYLIB 5.3","Diatomeen",NA,"369409","5808277","DS 12",NA,NA,"DELW_DEBB8000158393"
"2028","8000158393","Tiefer See bei Potsdam",NA,"2835","2023","M-sicher","M-sicher","PHYLIB 5.3","Makrophyten",NA,"369043","5807899","false",NA,NA,"DELW_DEBB8000158393"
"2029","8000158393","Tiefer See bei Potsdam",NA,"2835","2014","vorlaeufigeBewertung","See; Fließgew; vorläufige Bewertung der Messstelle, (FGW - Halobienindex und Versauerung wird nicht berücksichtigt; Seen - TI-Anteil, RAQ-Arten und TI-Anzahl wird nicht berücksichtigt)","PHYLIB 5.3","Diatomeen",NA,"369043","5807899","3",NA,NA,"DELW_DEBB8000158393"
"2030","8000158393","Tiefer See bei Potsdam",NA,"8000158393_HM","2014","ST_Saison",NA,"LAWA-TI Gewässerbewertung stehender Gewässer","Chemie (See und FG)",NA,"369636,11922","5808097,12765","1,55",NA,NA,"DELW_DEBB8000158393"
"2031","8000158393","Tiefer See bei Potsdam",NA,"8000158393_HM","2009","Chl_Saison_Anzahl",NA,"LAWA-TI Gewässerbewertung stehender Gewässer","Chemie (See und FG)",NA,"369636,11922","5808097,12765","10",NA,NA,"DELW_DEBB8000158393"
"2032","8000158393","Tiefer See bei Potsdam",NA,"8000158393_HM","2017","MST Typ_Nr","PP-Subtyp der bewerteten MST im Jahr der Untersuchung","PhytoSee 7.0 (15.12.2017)","Phytoplankton",NA,"369636,11922","5808097,12765","PP 12",NA,NA,"DELW_DEBB8000158393"
"2033","8000158393","Tiefer See bei Potsdam",NA,"8000158393_HM","2020","MST Bac_Crypto_S_Bew","Bewertung Bac_Crypto für Messstelle und Jahr","PhytoSee 7.1 (2020)","Phytoplankton",NA,"369636,11922","5808097,12765","2,72",NA,NA,"DELW_DEBB8000158393"
"2034","8000158393","Tiefer See bei Potsdam",NA,"8000158393_HM","2020","MST Chloro-Bewertung","Bewertung Chloro für Messstelle und Jahr","PhytoSee 7.1 (2020)","Phytoplankton",NA,"369636,11922","5808097,12765","1,9",NA,NA,"DELW_DEBB8000158393"
"2035","8000158393","Tiefer See bei Potsdam",NA,"8000158393_HM","2009","TP_MW","Mittelwert TP in mg/l (Messergb.)","LAWA-TI Gewässerbewertung stehender Gewässer","Chemie (See und FG)",NA,"369636,11922","5808097,12765","172,08",NA,NA,"DELW_DEBB8000158393"
"2036","8000158393","Tiefer See bei Potsdam",NA,"8000158393_HM","2020","MST G_PTSI",NA,"PhytoSee 7.1 (2020)","Phytoplankton",NA,"369636,11922","5808097,12765","2",NA,NA,"DELW_DEBB8000158393"
"2037","8000158393","Tiefer See bei Potsdam",NA,"2831","2014","aerophileArten%","See; Fließgew, sauerstoffliebende Arten in Prozent nach Schaumburg","PHYLIB 5.3","Diatomeen",NA,"369243","5807327","0",NA,NA,"DELW_DEBB8000158393"
"2038","8000158393","Tiefer See bei Potsdam",NA,"8000158393_HM","2020","MST N_Tage",NA,"PhytoSee 7.1 (2020)","Phytoplankton",NA,"369636,11922","5808097,12765","6",NA,NA,"DELW_DEBB8000158393"
"2039","8000158393","Tiefer See bei Potsdam",NA,"8000158393_HM","2020","MST Biomasse_Metrik","Metrik Biomasse  für Messstelle und Jahr","PhytoSee 7.1 (2020)","Phytoplankton",NA,"369636,11922","5808097,12765","1,72",NA,NA,"DELW_DEBB8000158393"
"2040","8000158393","Tiefer See bei Potsdam",NA,"8000158393_HM","2009","TP_Saison",NA,"LAWA-TI Gewässerbewertung stehender Gewässer","Chemie (See und FG)",NA,"369636,11922","5808097,12765","234,17",NA,NA,"DELW_DEBB8000158393"
"2041","8000158393","Tiefer See bei Potsdam",NA,"2835","2023","Gesamthäufigkeit (prozent) D","Gesamthäufigkeit [%] D","PHYLIB 5.3","Makrophyten",NA,"369043","5807899","0",NA,NA,"DELW_DEBB8000158393"
"2042","8000158393","Tiefer See bei Potsdam",NA,"8000158393_HM","2020","MST Chla µg/l",NA,"PhytoSee 7.1 (2020)","Phytoplankton",NA,"369636,11922","5808097,12765","22,67",NA,NA,"DELW_DEBB8000158393"
"2043","8000158393","Tiefer See bei Potsdam",NA,"8000158393_HM","2014","MST Typ_Nr","PP-Subtyp der bewerteten MST im Jahr der Untersuchung","PhytoSee 7.0 (15.12.2017)","Phytoplankton",NA,"369636,11922","5808097,12765","PP 12",NA,NA,"DELW_DEBB8000158393"
"2044","8000158393","Tiefer See bei Potsdam",NA,"8000158393_HM","2014","MST Crypto_Cyan_S_Bew","Bewertung Crypto_Cyan für Messstelle und Jahr","PhytoSee 7.0 (15.12.2017)","Phytoplankton",NA,"369636,11922","5808097,12765","1,13",NA,NA,"DELW_DEBB8000158393"
"2045","8000158393","Tiefer See bei Potsdam",NA,"2835","2014","Makrophytentyp","Makrophytentyp des Wasserköpers verwendet in der Bewertung der Messstelle (siehe Tabelle WAGUET_OWNER_SCHLUESSEL_WERT_TEXT)","PHYLIB 5.3","Diatomeen",NA,"369043","5807899","TKp - 12",NA,NA,"DELW_DEBB8000158393"
"2046","8000158393","Tiefer See bei Potsdam",NA,"2833","2009","Teilbewertung Diatomeen/Zustands-/Potentialklasse FGW und Seen","FGW, See; Bewertung der Messstelle (1 bis 5 möglich), bei Wert='999' ist das Ergebnis ungesichert; (bei FGW-Halobienindex und Versauerung wird berücksichtigt)","PHYLIB 4.1","Diatomeen",NA,"369896","5808123","4",NA,NA,"DELW_DEBB8000158393"
"2047","8000158393","Tiefer See bei Potsdam",NA,"8000158393_HM","2017","MST Chloro-Bewertung","Bewertung Chloro für Messstelle und Jahr","PhytoSee 7.0 (15.12.2017)","Phytoplankton",NA,"369636,11922","5808097,12765","2,74",NA,NA,"DELW_DEBB8000158393"
"2048","8000158393","Tiefer See bei Potsdam",NA,"8000158393_HM","2014","Chl_Saison_Anzahl",NA,"LAWA-TI Gewässerbewertung stehender Gewässer","Chemie (See und FG)",NA,"369636,11922","5808097,12765","10",NA,NA,"DELW_DEBB8000158393"
"2049","8000158393","Tiefer See bei Potsdam",NA,"2834","2014","WRRL-Fließgewässertyp","WRRL-Fließgewässertyp und -Seetyp verwendet in der Bewertung der Messstelle (siehe Tabelle WAGUET_OWNER_SCHLUESSEL_WERT_TEXT)","PHYLIB 5.3","Diatomeen",NA,"369409","5808277","12",NA,NA,"DELW_DEBB8000158393"
"2050","8000158393","Tiefer See bei Potsdam",NA,"2835","2014","M_TILNord / Trophieindex (umger.)","See; Modul Trophie-Index (Wert zwischen 0 und 1)","PHYLIB 5.3","Diatomeen",NA,"369043","5807899","0,599",NA,NA,"DELW_DEBB8000158393"
"2051","8000158393","Tiefer See bei Potsdam",NA,"2831","2017","MIB","Makrophytenindex Brandenburg","nicht bekannt","Makrophyten",NA,"369243","5807327","3,01",NA,NA,"DELW_DEBB8000158393"
"2052","8000158393","Tiefer See bei Potsdam",NA,"2834","2023","Vegetationsgrenze plausibel","Vegetationsgrenze plausibel","PHYLIB 5.3","Makrophyten",NA,"369409","5808277","true",NA,NA,"DELW_DEBB8000158393"
"2053","8000158393","Tiefer See bei Potsdam",NA,"8000158393_HM","2014","TP_MW","Mittelwert TP in mg/l (Messergb.)","LAWA-TI Gewässerbewertung stehender Gewässer","Chemie (See und FG)",NA,"369636,11922","5808097,12765","114,08",NA,NA,"DELW_DEBB8000158393"
"2054","8000158393","Tiefer See bei Potsdam",NA,"8000158393_HM","2009","TNb_Sommer","Stickstoffkonz. im Sommer","LAWA-TI Gewässerbewertung stehender Gewässer","Chemie (See und FG)",NA,"369636,11922","5808097,12765","4,33",NA,NA,"DELW_DEBB8000158393"
"2055","8000158393","Tiefer See bei Potsdam",NA,"2832","2023","Teilbewertung Makrophyten","Bewertung der Messstelle (1 bis 5 möglich), bei leeren Feld ist das Ergebnis ungesichert","PHYLIB 5.3","Makrophyten",NA,"369607","5807712","5",NA,NA,"DELW_DEBB8000158393"
"2056","8000158393","Tiefer See bei Potsdam",NA,"8000158393_HM","2009","TP_Frühjahr_Anzahl",NA,"LAWA-TI Gewässerbewertung stehender Gewässer","Chemie (See und FG)",NA,"369636,11922","5808097,12765","7",NA,NA,"DELW_DEBB8000158393"
"2057","8000158393","Tiefer See bei Potsdam",NA,"2835","2023","Diatomeentyp","Diatomeentyp des Wasserköpers verwendet in der Bewertung der Messstelle (siehe Tabelle WAGUET_OWNER_SCHLUESSEL_WERT_TEXT)","PHYLIB 5.3","Makrophyten",NA,"369043","5807899","DS 12",NA,NA,"DELW_DEBB8000158393"
"2058","8000158393","Tiefer See bei Potsdam",NA,"8000158393_HM","2023","MST G_Biomasse",NA,"PhytoSee Online 8.0.3 (09.04.2024)","Phytoplankton",NA,"369636,11922","5808097,12765","4",NA,NA,"DELW_DEBB8000158393"
"2059","8000158393","Tiefer See bei Potsdam",NA,"8000158393_HM","2023","MST MaxvonMonat",NA,"PhytoSee Online 8.0.3 (09.04.2024)","Phytoplankton",NA,"369636,11922","5808097,12765","10",NA,NA,"DELW_DEBB8000158393"
"2060","8000158393","Tiefer See bei Potsdam",NA,"2833","2014","Diatomeentyp","Diatomeentyp des Wasserköpers verwendet in der Bewertung der Messstelle (siehe Tabelle WAGUET_OWNER_SCHLUESSEL_WERT_TEXT)","PHYLIB 5.3","Diatomeen",NA,"369896","5808123","DS 12",NA,NA,"DELW_DEBB8000158393"
"2061","8000158393","Tiefer See bei Potsdam",NA,"2833","2023","RAQ gesichert","RAQ gesichert","PHYLIB 5.3","Makrophyten",NA,"369896","5808123","0",NA,NA,"DELW_DEBB8000158393"
"2062","8000158393","Tiefer See bei Potsdam",NA,"8000158393_HM","2023","TP_Frühjahr",NA,"LAWA-TI Gewässerbewertung stehender Gewässer","Chemie (See und FG)",NA,"369636,11922","5808097,12765","81",NA,NA,"DELW_DEBB8000158393"
"2063","8000158393","Tiefer See bei Potsdam",NA,"8000158393_HM","2020","TP_Frühjahr_Anzahl",NA,"LAWA-TI Gewässerbewertung stehender Gewässer","Chemie (See und FG)",NA,"369636,11922","5808097,12765","7",NA,NA,"DELW_DEBB8000158393"
"2064","8000158393","Tiefer See bei Potsdam",NA,"8000158393_HM","2020","MST N Monate",NA,"PhytoSee 7.1 (2020)","Phytoplankton",NA,"369636,11922","5808097,12765","6",NA,NA,"DELW_DEBB8000158393"
"2065","8000158393","Tiefer See bei Potsdam",NA,"8000158393_HM","2014","MST PSI Phyto-See-Index","PSI als Zahl für Messstelle und Jahr","PhytoSee 7.0 (15.12.2017)","Phytoplankton",NA,"369636,11922","5808097,12765","1,27",NA,NA,"DELW_DEBB8000158393"
"2066","8000158393","Tiefer See bei Potsdam",NA,"8000158393_HM","2023","MST IST_PTSI_WERT","Phytoplankton-Taxa-Seen-Index Ist-Wert im Jahresmittel für die Messstelle","PhytoSee Online 8.0.3 (09.04.2024)","Phytoplankton",NA,"369636,11922","5808097,12765","3,8",NA,NA,"DELW_DEBB8000158393"
"2067","8000158393","Tiefer See bei Potsdam",NA,"8000158393_HM","2017","MST PTSI H/G","H/G PTSI vom Typ","PhytoSee 7.0 (15.12.2017)","Phytoplankton",NA,"369636,11922","5808097,12765","3",NA,NA,"DELW_DEBB8000158393"
"2068","8000158393","Tiefer See bei Potsdam",NA,"2832","2023","Diatomeentyp","Diatomeentyp des Wasserköpers verwendet in der Bewertung der Messstelle (siehe Tabelle WAGUET_OWNER_SCHLUESSEL_WERT_TEXT)","PHYLIB 5.3","Makrophyten",NA,"369607","5807712","DS 12",NA,NA,"DELW_DEBB8000158393"
"2069","8000158393","Tiefer See bei Potsdam",NA,"2831","2014","M_TILNord / Trophieindex (umger.)","See; Modul Trophie-Index (Wert zwischen 0 und 1)","PHYLIB 5.3","Diatomeen",NA,"369243","5807327","0,766",NA,NA,"DELW_DEBB8000158393"
"2070","8000158393","Tiefer See bei Potsdam",NA,"8000158393_HM","2017","ST_Saison",NA,"LAWA-TI Gewässerbewertung stehender Gewässer","Chemie (See und FG)",NA,"369636,11922","5808097,12765","1,97",NA,NA,"DELW_DEBB8000158393"
"2071","8000158393","Tiefer See bei Potsdam",NA,"8000158393_HM","2023","MST G_PTSI",NA,"PhytoSee Online 8.0.3 (09.04.2024)","Phytoplankton",NA,"369636,11922","5808097,12765","2",NA,NA,"DELW_DEBB8000158393"
"2072","8000158393","Tiefer See bei Potsdam",NA,"2831","2023","Teilbewertung Makrophyten","Bewertung der Messstelle (1 bis 5 möglich), bei leeren Feld ist das Ergebnis ungesichert","PHYLIB 5.3","Makrophyten",NA,"369243","5807327","5",NA,NA,"DELW_DEBB8000158393"
"2073","8000158393","Tiefer See bei Potsdam",NA,"S_0302","1994","Chl_MW","Jahresmittelwert Chl-a in µg/l","nicht bekannt","Chemie (See und FG)",NA,NA,NA,"36,2",NA,NA,"DELW_DEBB8000158393"
"2074","8000158393","Tiefer See bei Potsdam",NA,"2832","2023","M-sicher","M-sicher","PHYLIB 5.3","Makrophyten",NA,"369607","5807712","true",NA,NA,"DELW_DEBB8000158393"
"2075","8000158393","Tiefer See bei Potsdam",NA,"8000158393_HM","2017","MST Biomasse_Metrik","Metrik Biomasse  für Messstelle und Jahr","PhytoSee 7.0 (15.12.2017)","Phytoplankton",NA,"369636,11922","5808097,12765","1,31",NA,NA,"DELW_DEBB8000158393"
"2076","8000158393","Tiefer See bei Potsdam",NA,"8000158393_HM","2014","MST IST_PTSI_WERT","Phytoplankton-Taxa-Seen-Index Ist-Wert im Jahresmittel für die Messstelle","PhytoSee 7.0 (15.12.2017)","Phytoplankton",NA,"369636,11922","5808097,12765","3,11",NA,NA,"DELW_DEBB8000158393"
"2077","8000158393","Tiefer See bei Potsdam",NA,"2832","2023","RAQ gesichert","RAQ gesichert","PHYLIB 5.3","Makrophyten",NA,"369607","5807712","0",NA,NA,"DELW_DEBB8000158393"
"2078","8000158393","Tiefer See bei Potsdam",NA,"8000158393_HM","2014","MST Biomasse_Metrik","Metrik Biomasse  für Messstelle und Jahr","PhytoSee 7.0 (15.12.2017)","Phytoplankton",NA,"369636,11922","5808097,12765","0,7216",NA,NA,"DELW_DEBB8000158393"
"2079","8000158393","Tiefer See bei Potsdam",NA,"2834","2023","WRRL-Fließgewässertyp","WRRL-Fließgewässertyp und -Seetyp verwendet in der Bewertung der Messstelle (siehe Tabelle WAGUET_OWNER_SCHLUESSEL_WERT_TEXT)","PHYLIB 5.3","Makrophyten",NA,"369409","5808277","12",NA,NA,"DELW_DEBB8000158393"
"2080","8000158393","Tiefer See bei Potsdam",NA,"2834","2017","MIB","Makrophytenindex Brandenburg","MIB 2004","Makrophyten",NA,"369409","5808277","2,97",NA,NA,"DELW_DEBB8000158393"
"2081","8000158393","Tiefer See bei Potsdam",NA,"8000158393_HM","2020","MST Gesamtbiovolumen in mm3/l","Gesamtbiovolumen Saison (mm3/l) im Mittel Mittel März - November","PhytoSee 7.1 (2020)","Phytoplankton",NA,"369636,11922","5808097,12765","3,41",NA,NA,"DELW_DEBB8000158393"
"2082","8000158393","Tiefer See bei Potsdam",NA,"2832","2009","Teilbewertung Makrophyten","Bewertung der Messstelle (1 bis 5 möglich), bei leeren Feld ist das Ergebnis ungesichert","MIB 2004","Makrophyten",NA,"369607","5807712","1",NA,NA,"DELW_DEBB8000158393"
"2083","8000158393","Tiefer See bei Potsdam",NA,"2834","2017","I_UMG","Index aus der unteren Makrophytengrenze, Teilindex des MIB","MIB 2004","Makrophyten",NA,"369409","5808277","0-2,14",NA,NA,"DELW_DEBB8000158393"
"2084","8000158393","Tiefer See bei Potsdam",NA,"8000158393_HM","2006","TP_Saison",NA,"LAWA-TI Gewässerbewertung stehender Gewässer","Chemie (See und FG)",NA,"369636,11922","5808097,12765","211,67",NA,NA,"DELW_DEBB8000158393"
"2085","8000158393","Tiefer See bei Potsdam",NA,"8000158393_HM","2023","MST Biomasse_Metrik","Metrik Biomasse  für Messstelle und Jahr","PhytoSee Online 8.0.3 (09.04.2024)","Phytoplankton",NA,"369636,11922","5808097,12765","2,51",NA,NA,"DELW_DEBB8000158393"
"2086","8000158393","Tiefer See bei Potsdam",NA,"8000158393_HM","2017","MST Gesamtbiovolumen in mm3/l","Gesamtbiovolumen Saison (mm3/l) im Mittel Mittel März - November","PhytoSee 7.0 (15.12.2017)","Phytoplankton","mm3/l","369636,11922","5808097,12765","2,92",NA,NA,"DELW_DEBB8000158393"
"2087","8000158393","Tiefer See bei Potsdam",NA,"2834","2014","Teilbewertung Diatomeen/Zustands-/Potentialklasse FGW und Seen","FGW, See; Bewertung der Messstelle (1 bis 5 möglich), bei Wert='999' ist das Ergebnis ungesichert; (bei FGW-Halobienindex und Versauerung wird berücksichtigt)","PHYLIB 5.3","Diatomeen",NA,"369409","5808277","3",NA,NA,"DELW_DEBB8000158393"
"2088","8000158393","Tiefer See bei Potsdam",NA,"2832","2017","MIB","Makrophytenindex Brandenburg","nicht bekannt","Makrophyten",NA,"369607","5807712","2,9",NA,NA,"DELW_DEBB8000158393"
"2089","8000158393","Tiefer See bei Potsdam",NA,"8000158393_HM","2017","MST Algenklassen_Metrik","Bewertung anhand des Mittelwertergebnisses aller Einzel-Klassenmetriks je Seentyp unter der Regel: Wenn Bewertungswert <0,5 dann gleich Wert 0,5 oder wenn Bewertungswert >5,5 dann gleich Wert 5,5","PhytoSee 7.0 (15.12.2017)","Phytoplankton",NA,"369636,11922","5808097,12765","1,61",NA,NA,"DELW_DEBB8000158393"
"2090","8000158393","Tiefer See bei Potsdam",NA,"8000158393_HM","2020","MST Diff PTSI-RefTrophie","Differenz zwischen PTSI und Referenztrophiefür Messstelle und Jahr","PhytoSee 7.1 (2020)","Phytoplankton",NA,"369636,11922","5808097,12765","1,11",NA,NA,"DELW_DEBB8000158393"
"2091","8000158393","Tiefer See bei Potsdam",NA,"2833","2023","Diatomeentyp","Diatomeentyp des Wasserköpers verwendet in der Bewertung der Messstelle (siehe Tabelle WAGUET_OWNER_SCHLUESSEL_WERT_TEXT)","PHYLIB 5.3","Makrophyten",NA,"369896","5808123","DS 12",NA,NA,"DELW_DEBB8000158393"
"2092","8000158393","Tiefer See bei Potsdam",NA,"2832","2009","Teilbewertung Diatomeen/Zustands-/Potentialklasse FGW und Seen","FGW, See; Bewertung der Messstelle (1 bis 5 möglich), bei Wert='999' ist das Ergebnis ungesichert; (bei FGW-Halobienindex und Versauerung wird berücksichtigt)","PHYLIB 4.1","Diatomeen",NA,"369607","5807712","4",NA,NA,"DELW_DEBB8000158393"
"2093","8000158393","Tiefer See bei Potsdam",NA,"2832","2023","Zustandsklasse","Zustands-/Potentialklasse","PHYLIB 5.3","Makrophyten",NA,"369607","5807712","5",NA,NA,"DELW_DEBB8000158393"
"2094","8000158393","Tiefer See bei Potsdam",NA,"8000158393_HM","2017","MST PSI Phyto-See-Index","PSI als Zahl für Messstelle und Jahr","PhytoSee 7.0 (15.12.2017)","Phytoplankton",NA,"369636,11922","5808097,12765","1,85",NA,NA,"DELW_DEBB8000158393"
"2095","8000158393","Tiefer See bei Potsdam",NA,"8000158393_HM","2006","Chl_Saison",NA,"LAWA-TI Gewässerbewertung stehender Gewässer","Chemie (See und FG)",NA,"369636,11922","5808097,12765","50,35",NA,NA,"DELW_DEBB8000158393"
"2096","8000158393","Tiefer See bei Potsdam",NA,"S_0302","1999","Sichttiefe_Jahesmittel","Sichttiefe_Jahesmittel in m","nicht bekannt","Chemie (See und FG)",NA,NA,NA,"0,9368",NA,NA,"DELW_DEBB8000158393"
"2097","8000158393","Tiefer See bei Potsdam",NA,"8000158393_HM","2023","Bewertung Phytoplankton","Bi Phytoplankton ( nach neuer (2009) See-Typzuweisung und Phytosee 4) und Phytofliess","PhytoSee Online 8.0.3 (09.04.2024)","Phytoplankton",NA,"369636,11922","5808097,12765","3",NA,NA,"DELW_DEBB8000158393"
"2098","8000158393","Tiefer See bei Potsdam",NA,"2831","2014","M_RAQ","See; Modul Referenzartenquotien","PHYLIB 5.3","Diatomeen",NA,"369243","5807327","0-,54",NA,NA,"DELW_DEBB8000158393"
"2099","8000158393","Tiefer See bei Potsdam",NA,"2831","2023","Gesamthäufigkeit (prozent) D","Gesamthäufigkeit [%] D","PHYLIB 5.3","Makrophyten",NA,"369243","5807327","0",NA,NA,"DELW_DEBB8000158393"
"2100","80001585119","Templiner See bei Potsdam",NA,"2785","2014","Teilbewertung Diatomeen/Zustands-/Potentialklasse FGW und Seen","FGW, See; Bewertung der Messstelle (1 bis 5 möglich), bei Wert='999' ist das Ergebnis ungesichert; (bei FGW-Halobienindex und Versauerung wird berücksichtigt)","PHYLIB 5.3","Diatomeen",NA,"365810","5803844","999",999,"
nicht 98% <= Gesamthäufigkeit <= 102%  --> Modul Diatomeen nicht gesichert; kein gesichertes Modul --> keine Gesamtbewertung möglich","DELW_DEBB80001585119"
"2101","80001585119","Templiner See bei Potsdam",NA,"2787","2014","Makrophytentyp","Makrophytentyp des Wasserköpers verwendet in der Bewertung der Messstelle (siehe Tabelle WAGUET_OWNER_SCHLUESSEL_WERT_TEXT)","PHYLIB 5.3","Diatomeen",NA,"365747","5804984","TKp - 12",NA,NA,"DELW_DEBB80001585119"
"2102","80001585119","Templiner See bei Potsdam",NA,"2786","2014","M_TILNord / Trophieindex (umger.)","See; Modul Trophie-Index (Wert zwischen 0 und 1)","PHYLIB 5.3","Diatomeen",NA,"366360","5804440","0,792",NA,NA,"DELW_DEBB80001585119"
"2103","80001585119","Templiner See bei Potsdam",NA,"2785","2017","I_UMG","Index aus der unteren Makrophytengrenze, Teilindex des MIB","MIB 2004","Makrophyten",NA,"365810","5803844","0-1,85",NA,NA,"DELW_DEBB80001585119"
"2104","80001585119","Templiner See bei Potsdam",NA,"2782","2014","Makrophytentyp","Makrophytentyp des Wasserköpers verwendet in der Bewertung der Messstelle (siehe Tabelle WAGUET_OWNER_SCHLUESSEL_WERT_TEXT)","PHYLIB 5.3","Diatomeen",NA,"363992","5802773","TKp - 12",NA,NA,"DELW_DEBB80001585119"
"2105","80001585119","Templiner See bei Potsdam",NA,"2785","2014","Makrophytentyp","Makrophytentyp des Wasserköpers verwendet in der Bewertung der Messstelle (siehe Tabelle WAGUET_OWNER_SCHLUESSEL_WERT_TEXT)","PHYLIB 5.3","Diatomeen",NA,"365810","5803844","TKp - 12",NA,NA,"DELW_DEBB80001585119"
"2106","80001585119","Templiner See bei Potsdam",NA,"2781","2014","TIL_Nord","See; berechneter Trophie-Index Nord","PHYLIB 5.3","Diatomeen",NA,"362774","5802625","3,33",NA,NA,"DELW_DEBB80001585119"
"2107","80001585119","Templiner See bei Potsdam",NA,"2786","2014","vorlaeufigeBewertung","See; Fließgew; vorläufige Bewertung der Messstelle, (FGW - Halobienindex und Versauerung wird nicht berücksichtigt; Seen - TI-Anteil, RAQ-Arten und TI-Anzahl wird nicht berücksichtigt)","PHYLIB 5.3","Diatomeen",NA,"366360","5804440","2",NA,NA,"DELW_DEBB80001585119"
"2108","80001585119","Templiner See bei Potsdam",NA,"80001585119_HM","2014","TI_akt","LAWA-Trophieindex","LAWA-TI Gewässerbewertung stehender Gewässer","Chemie (See und FG)",NA,"362862,484252","5801820,18745","3,2",NA,NA,"DELW_DEBB80001585119"
"2109","80001585119","Templiner See bei Potsdam",NA,"2787","2023","Vegetationsgrenze plausibel","Vegetationsgrenze plausibel","PHYLIB 5.3","Makrophyten",NA,"365747","5804984","true",NA,NA,"DELW_DEBB80001585119"
"2110","80001585119","Templiner See bei Potsdam",NA,"2787","2023","Bewertung (dezimal)","Bewertung (dezimal)","PHYLIB 5.3","Makrophyten",NA,"365747","5804984","4,13",NA,NA,"DELW_DEBB80001585119"
"2111","80001585119","Templiner See bei Potsdam",NA,"80001585119_HM","2023","MST G_Biomasse",NA,"PhytoSee Online 8.0.3 (09.04.2024)","Phytoplankton",NA,"362862,484252","5801820,18745","4",NA,NA,"DELW_DEBB80001585119"
"2112","80001585119","Templiner See bei Potsdam",NA,"2788","2023","WRRL-Fließgewässertyp","WRRL-Fließgewässertyp und -Seetyp verwendet in der Bewertung der Messstelle (siehe Tabelle WAGUET_OWNER_SCHLUESSEL_WERT_TEXT)","PHYLIB 5.3","Makrophyten",NA,"367324","5806098","12",NA,NA,"DELW_DEBB80001585119"
"2113","80001585119","Templiner See bei Potsdam",NA,"2785","2014","aerophileArten%","See; Fließgew, sauerstoffliebende Arten in Prozent nach Schaumburg","PHYLIB 5.3","Diatomeen",NA,"365810","5803844","999",NA,NA,"DELW_DEBB80001585119"
"2114","80001585119","Templiner See bei Potsdam",NA,"2786","2023","RAQ gesichert","RAQ gesichert","PHYLIB 5.3","Makrophyten",NA,"366360","5804440","0",NA,NA,"DELW_DEBB80001585119"
"2115","80001585119","Templiner See bei Potsdam",NA,"80001585119_HM","2014","MST Crypto_Cyan_S_Bew","Bewertung Crypto_Cyan für Messstelle und Jahr","PhytoSee 7.0 (15.12.2017)","Phytoplankton",NA,"362862,484252","5801820,18745","0,5688",NA,NA,"DELW_DEBB80001585119"
"2116","80001585119","Templiner See bei Potsdam",NA,"S_0303","1998","Sichttiefe_Jahesmittel","Sichttiefe_Jahesmittel in m","nicht bekannt","Chemie (See und FG)",NA,NA,NA,"1,04",NA,NA,"DELW_DEBB80001585119"
"2117","80001585119","Templiner See bei Potsdam",NA,"2786","2023","Gesamthäufigkeit (prozent) D","Gesamthäufigkeit [%] D","PHYLIB 5.3","Makrophyten",NA,"366360","5804440","0",NA,NA,"DELW_DEBB80001585119"
"2118","80001585119","Templiner See bei Potsdam",NA,"2781","2014","M_TILNord / Trophieindex (umger.)","See; Modul Trophie-Index (Wert zwischen 0 und 1)","PHYLIB 5.3","Diatomeen",NA,"362774","5802625","0,665",NA,NA,"DELW_DEBB80001585119"
"2119","80001585119","Templiner See bei Potsdam",NA,"80001585119_HM","2020","Sichttiefe_Saison_Anzahl",NA,"LAWA-TI Gewässerbewertung stehender Gewässer","Chemie (See und FG)",NA,"362862,484252","5801820,18745","7",NA,NA,"DELW_DEBB80001585119"
"2120","80001585119","Templiner See bei Potsdam",NA,"80001585119_HM","2023","MST Version-Programm",NA,"PhytoSee Online 8.0.3 (09.04.2024)","Phytoplankton",NA,"362862,484252","5801820,18745","PhytoSee Online 8.0.3, Stand 02.05.2024",NA,NA,"DELW_DEBB80001585119"
"2121","80001585119","Templiner See bei Potsdam",NA,"80001585119_HM","2017","MST Bac_Crypto_S_Bew","Bewertung Bac_Crypto für Messstelle und Jahr","PhytoSee 7.0 (15.12.2017)","Phytoplankton",NA,"362862,484252","5801820,18745","2,51",NA,NA,"DELW_DEBB80001585119"
"2122","80001585119","Templiner See bei Potsdam",NA,"2785","2014","TIL_Nord","See; berechneter Trophie-Index Nord","PHYLIB 5.3","Diatomeen",NA,"365810","5803844","999",NA,NA,"DELW_DEBB80001585119"
"2123","80001585119","Templiner See bei Potsdam",NA,"80001585119_HM","2014","MST Gesamtbiovolumen in mm3/l","Gesamtbiovolumen Saison (mm3/l) im Mittel Mittel März - November","PhytoSee 7.0 (15.12.2017)","Phytoplankton","mm3/l","362862,484252","5801820,18745","3,03",NA,NA,"DELW_DEBB80001585119"
"2124","80001585119","Templiner See bei Potsdam",NA,"2785","2023","WRRL-Fließgewässertyp","WRRL-Fließgewässertyp und -Seetyp verwendet in der Bewertung der Messstelle (siehe Tabelle WAGUET_OWNER_SCHLUESSEL_WERT_TEXT)","PHYLIB 5.3","Makrophyten",NA,"365810","5803844","12",NA,NA,"DELW_DEBB80001585119"
"2125","80001585119","Templiner See bei Potsdam",NA,"80001585119_HM","2017","Bewertung Phytoplankton","Bi Phytoplankton ( nach neuer (2009) See-Typzuweisung und Phytosee 4) und Phytofliess","PhytoSee 7.0 (15.12.2017)","Phytoplankton",NA,"362862,484252","5801820,18745","2",NA,NA,"DELW_DEBB80001585119"
"2126","80001585119","Templiner See bei Potsdam",NA,"2785","2009","Teilbewertung Diatomeen, vorläufig/FGW - Ergebnis ohne Salzbelastung & See - vorläufige Bewertung","See, FGW; Bewertung der Messstelle (1 bis 5 möglich), bei Wert='999' ist das Ergebnis ungesichert; Seen - TI-Anteil, RAQ-Arten und TI-Anzahl wird berücksichtigt","PHYLIB 4.1","Diatomeen",NA,"365810","5803844","4",NA,NA,"DELW_DEBB80001585119"
"2127","80001585119","Templiner See bei Potsdam",NA,"2782","2017","MIB","Makrophytenindex Brandenburg","MIB 2004","Makrophyten",NA,"363992","5802773","3,12",NA,NA,"DELW_DEBB80001585119"
"2128","80001585119","Templiner See bei Potsdam",NA,"2784","2017","I_Arten","Artindex, Teilindex des MIB","MIB 2004","Makrophyten",NA,"365190","5803780","0-2,57",NA,NA,"DELW_DEBB80001585119"
"2129","80001585119","Templiner See bei Potsdam",NA,"80001585119_HM","2014","MST TypPTSI_Ref","PTSI-Referenz für den Typ","PhytoSee 7.0 (15.12.2017)","Phytoplankton",NA,"362862,484252","5801820,18745","2,5",NA,NA,"DELW_DEBB80001585119"
"2130","80001585119","Templiner See bei Potsdam",NA,"S_0303","2000","Sichttiefe_Jahesmittel","Sichttiefe_Jahesmittel in m","nicht bekannt","Chemie (See und FG)",NA,NA,NA,"0,6824",NA,NA,"DELW_DEBB80001585119"
"2131","80001585119","Templiner See bei Potsdam",NA,"2783","2023","Zustandsklasse","Zustands-/Potentialklasse","PHYLIB 5.3","Makrophyten",NA,"365183","5802604","5",NA,NA,"DELW_DEBB80001585119"
"2132","80001585119","Templiner See bei Potsdam",NA,"80001585119_HM","2020","MST N Monate",NA,"PhytoSee 7.1 (2020)","Phytoplankton",NA,"362862,484252","5801820,18745","6",NA,NA,"DELW_DEBB80001585119"
"2133","80001585119","Templiner See bei Potsdam",NA,"80001585119_HM","2017","MST Crypto_Cyan_S_Bew","Bewertung Crypto_Cyan für Messstelle und Jahr","PhytoSee 7.0 (15.12.2017)","Phytoplankton",NA,"362862,484252","5801820,18745","0,2753",NA,NA,"DELW_DEBB80001585119"
"2134","80001585119","Templiner See bei Potsdam",NA,"S_0303","1994","Sichttiefe_Jahesmittel","Sichttiefe_Jahesmittel in m","nicht bekannt","Chemie (See und FG)",NA,NA,NA,"1,08",NA,NA,"DELW_DEBB80001585119"
"2135","80001585119","Templiner See bei Potsdam",NA,"2781","2023","Zustandsklasse","Zustands-/Potentialklasse","PHYLIB 5.3","Makrophyten",NA,"362774","5802625","5",NA,NA,"DELW_DEBB80001585119"
"2136","80001585119","Templiner See bei Potsdam",NA,"2783","2014","Diatomeentyp","Diatomeentyp des Wasserköpers verwendet in der Bewertung der Messstelle (siehe Tabelle WAGUET_OWNER_SCHLUESSEL_WERT_TEXT)","PHYLIB 5.3","Diatomeen",NA,"365183","5802604","DS 12",NA,NA,"DELW_DEBB80001585119"
"2137","80001585119","Templiner See bei Potsdam",NA,"2781","2023","Makrophytentyp","Makrophytentyp des Wasserköpers verwendet in der Bewertung der Messstelle (siehe Tabelle WAGUET_OWNER_SCHLUESSEL_WERT_TEXT)","PHYLIB 5.3","Makrophyten",NA,"362774","5802625","TKp - 12",NA,NA,"DELW_DEBB80001585119"
"2138","80001585119","Templiner See bei Potsdam",NA,"2786","2014","WRRL-Fließgewässertyp","WRRL-Fließgewässertyp und -Seetyp verwendet in der Bewertung der Messstelle (siehe Tabelle WAGUET_OWNER_SCHLUESSEL_WERT_TEXT)","PHYLIB 5.3","Diatomeen",NA,"366360","5804440","12",NA,NA,"DELW_DEBB80001585119"
"2139","80001585119","Templiner See bei Potsdam",NA,"2783","2017","MIB","Makrophytenindex Brandenburg","nicht bekannt","Makrophyten",NA,"365183","5802604","2,79",NA,NA,"DELW_DEBB80001585119"
"2140","80001585119","Templiner See bei Potsdam",NA,"2782","2017","I_Arten","Artindex, Teilindex des MIB","MIB 2004","Makrophyten",NA,"363992","5802773","0-2,74",NA,NA,"DELW_DEBB80001585119"
"2141","80001585119","Templiner See bei Potsdam",NA,"2785","2023","Teilbewertung Makrophyten","Bewertung der Messstelle (1 bis 5 möglich), bei leeren Feld ist das Ergebnis ungesichert","PHYLIB 5.3","Makrophyten",NA,"365810","5803844","4",NA,NA,"DELW_DEBB80001585119"
"2142","80001585119","Templiner See bei Potsdam",NA,"80001585119_HM","2023","TP_Frühjahr",NA,"LAWA-TI Gewässerbewertung stehender Gewässer","Chemie (See und FG)",NA,"362862,484252","5801820,18745","67",NA,NA,"DELW_DEBB80001585119"
"2143","80001585119","Templiner See bei Potsdam",NA,"80001585119_HM","2014","Chl_Saison",NA,"LAWA-TI Gewässerbewertung stehender Gewässer","Chemie (See und FG)",NA,"362862,484252","5801820,18745","14,8",NA,NA,"DELW_DEBB80001585119"
"2144","80001585119","Templiner See bei Potsdam",NA,"80001585119_HM","2017","Sichttiefe_Saison_Anzahl",NA,"LAWA-TI Gewässerbewertung stehender Gewässer","Chemie (See und FG)",NA,"362862,484252","5801820,18745","7",NA,NA,"DELW_DEBB80001585119"
"2145","80001585119","Templiner See bei Potsdam",NA,"80001585119_HM","2023","MST Typ_Nr","PP-Subtyp der bewerteten MST im Jahr der Untersuchung","PhytoSee Online 8.0.3 (09.04.2024)","Phytoplankton",NA,"362862,484252","5801820,18745","PP 12",NA,NA,"DELW_DEBB80001585119"
"2146","80001585119","Templiner See bei Potsdam",NA,"80001585119_HM","2014","MST Algenklassen_Metrik","Bewertung anhand des Mittelwertergebnisses aller Einzel-Klassenmetriks je Seentyp unter der Regel: Wenn Bewertungswert <0,5 dann gleich Wert 0,5 oder wenn Bewertungswert >5,5 dann gleich Wert 5,5","PhytoSee 7.0 (15.12.2017)","Phytoplankton",NA,"362862,484252","5801820,18745","1,28",NA,NA,"DELW_DEBB80001585119"
"2147","80001585119","Templiner See bei Potsdam",NA,"2781","2017","I_UMG","Index aus der unteren Makrophytengrenze, Teilindex des MIB","MIB 2004","Makrophyten",NA,"362774","5802625","0-2,14",NA,NA,"DELW_DEBB80001585119"
"2148","80001585119","Templiner See bei Potsdam",NA,"2783","2023","Vegetationsgrenze","Vegetationsgrenze","PHYLIB 5.3","Makrophyten",NA,"365183","5802604","1,3",NA,NA,"DELW_DEBB80001585119"
"2149","80001585119","Templiner See bei Potsdam",NA,"80001585119_HM","2017","MST N_Indikatortaxa","mittlere Anzahl nutzbarer Indikatortaxa","PhytoSee 7.0 (15.12.2017)","Phytoplankton",NA,"362862,484252","5801820,18745","7,83",NA,NA,"DELW_DEBB80001585119"
"2150","80001585119","Templiner See bei Potsdam",NA,"2783","2017","I_UMG","Index aus der unteren Makrophytengrenze, Teilindex des MIB","MIB 2004","Makrophyten",NA,"365183","5802604","0-1,55",NA,NA,"DELW_DEBB80001585119"
"2151","80001585119","Templiner See bei Potsdam",NA,"2782","2023","Zustandsklasse","Zustands-/Potentialklasse","PHYLIB 5.3","Makrophyten",NA,"363992","5802773","5",NA,NA,"DELW_DEBB80001585119"
"2152","80001585119","Templiner See bei Potsdam",NA,"2787","2023","Makrophytenverödung","Makrophytenverödung","PHYLIB 5.3","Makrophyten",NA,"365747","5804984","false",NA,NA,"DELW_DEBB80001585119"
"2153","80001585119","Templiner See bei Potsdam",NA,"2781","2023","RAQ gesichert","RAQ gesichert","PHYLIB 5.3","Makrophyten",NA,"362774","5802625","0",NA,NA,"DELW_DEBB80001585119"
"2154","80001585119","Templiner See bei Potsdam",NA,"80001585119_HM","2020","MST PTSI_Bew","PTSI-Bewertung für Messstelle und Jahr","PhytoSee 7.1 (2020)","Phytoplankton",NA,"362862,484252","5801820,18745","2,86",NA,NA,"DELW_DEBB80001585119"
"2155","80001585119","Templiner See bei Potsdam",NA,"2781","2014","aerophileArten%","See; Fließgew, sauerstoffliebende Arten in Prozent nach Schaumburg","PHYLIB 5.3","Diatomeen",NA,"362774","5802625","0",NA,NA,"DELW_DEBB80001585119"
"2156","80001585119","Templiner See bei Potsdam",NA,"2783","2014","aerophileArten%","See; Fließgew, sauerstoffliebende Arten in Prozent nach Schaumburg","PHYLIB 5.3","Diatomeen",NA,"365183","5802604","0",NA,NA,"DELW_DEBB80001585119"
"2157","80001585119","Templiner See bei Potsdam",NA,"2787","2017","I_UMG","Index aus der unteren Makrophytengrenze, Teilindex des MIB","MIB 2004","Makrophyten",NA,"365747","5804984","0-2",NA,NA,"DELW_DEBB80001585119"
"2158","80001585119","Templiner See bei Potsdam",NA,"2783","2023","RAQ gesichert","RAQ gesichert","PHYLIB 5.3","Makrophyten",NA,"365183","5802604","0",NA,NA,"DELW_DEBB80001585119"
"2159","80001585119","Templiner See bei Potsdam",NA,"2784","2014","Makrophytentyp","Makrophytentyp des Wasserköpers verwendet in der Bewertung der Messstelle (siehe Tabelle WAGUET_OWNER_SCHLUESSEL_WERT_TEXT)","PHYLIB 5.3","Diatomeen",NA,"365190","5803780","TKp - 12",NA,NA,"DELW_DEBB80001585119"
"2160","80001585119","Templiner See bei Potsdam",NA,"80001585119euphot","2006","Bewertung Phytoplankton","Bi Phytoplankton ( nach neuer (2009) See-Typzuweisung und Phytosee 4) und Phytofliess","nicht bekannt","Phytoplankton",NA,"362924","5801844","3",NA,NA,"DELW_DEBB80001585119"
"2161","80001585119","Templiner See bei Potsdam",NA,"2784","2014","M_RAQ","See; Modul Referenzartenquotien","PHYLIB 5.3","Diatomeen",NA,"365190","5803780","0-,5",NA,NA,"DELW_DEBB80001585119"
"2162","80001585119","Templiner See bei Potsdam",NA,"2788","2014","aerophileArten%","See; Fließgew, sauerstoffliebende Arten in Prozent nach Schaumburg","PHYLIB 5.3","Diatomeen",NA,"367324","5806098","0",NA,NA,"DELW_DEBB80001585119"
"2163","80001585119","Templiner See bei Potsdam",NA,"80001585119_HM","2023","MST N Monate",NA,"PhytoSee Online 8.0.3 (09.04.2024)","Phytoplankton",NA,"362862,484252","5801820,18745","6",NA,NA,"DELW_DEBB80001585119"
"2164","80001585119","Templiner See bei Potsdam",NA,"2786","2009","Teilbewertung Diatomeen, vorläufig/FGW - Ergebnis ohne Salzbelastung & See - vorläufige Bewertung","See, FGW; Bewertung der Messstelle (1 bis 5 möglich), bei Wert='999' ist das Ergebnis ungesichert; Seen - TI-Anteil, RAQ-Arten und TI-Anzahl wird berücksichtigt","PHYLIB 4.1","Diatomeen",NA,"366360","5804440","3",NA,NA,"DELW_DEBB80001585119"
"2165","80001585119","Templiner See bei Potsdam",NA,"2784","2023","M-sicher","M-sicher","PHYLIB 5.3","Makrophyten",NA,"365190","5803780","true",NA,NA,"DELW_DEBB80001585119"
"2166","80001585119","Templiner See bei Potsdam",NA,"2781","2009","Teilbewertung Diatomeen/Zustands-/Potentialklasse FGW und Seen","FGW, See; Bewertung der Messstelle (1 bis 5 möglich), bei Wert='999' ist das Ergebnis ungesichert; (bei FGW-Halobienindex und Versauerung wird berücksichtigt)","PHYLIB 4.1","Diatomeen",NA,"362774","5802625","3",NA,NA,"DELW_DEBB80001585119"
"2167","80001585119","Templiner See bei Potsdam",NA,"2782","2014","aerophileArten%","See; Fließgew, sauerstoffliebende Arten in Prozent nach Schaumburg","PHYLIB 5.3","Diatomeen",NA,"363992","5802773","0",NA,NA,"DELW_DEBB80001585119"
"2168","80001585119","Templiner See bei Potsdam",NA,"80001585119_HM","2023","MST Gesamtbewertung verbal stufig","PSI verbal  für Messstelle und Jahr","PhytoSee Online 8.0.3 (09.04.2024)","Phytoplankton",NA,"362862,484252","5801820,18745","sehr gut",NA,NA,"DELW_DEBB80001585119"
"2169","80001585119","Templiner See bei Potsdam",NA,"80001585119_HM","2020","MST Diff PTSI-RefTrophie","Differenz zwischen PTSI und Referenztrophiefür Messstelle und Jahr","PhytoSee 7.1 (2020)","Phytoplankton",NA,"362862,484252","5801820,18745","1,18",NA,NA,"DELW_DEBB80001585119"
"2170","80001585119","Templiner See bei Potsdam",NA,"2787","2017","MIB","Makrophytenindex Brandenburg","MIB 2004","Makrophyten",NA,"365747","5804984","3,17",NA,NA,"DELW_DEBB80001585119"
"2171","80001585119","Templiner See bei Potsdam",NA,"2782","2023","M-sicher","M-sicher","PHYLIB 5.3","Makrophyten",NA,"363992","5802773","true",NA,NA,"DELW_DEBB80001585119"
"2172","80001585119","Templiner See bei Potsdam",NA,"2788","2023","Gesamthäufigkeit (prozent) D","Gesamthäufigkeit [%] D","PHYLIB 5.3","Makrophyten",NA,"367324","5806098","0",NA,NA,"DELW_DEBB80001585119"
"2173","80001585119","Templiner See bei Potsdam",NA,"80001585119_HM","2020","MST Algenklassen_Metrik","Bewertung anhand des Mittelwertergebnisses aller Einzel-Klassenmetriks je Seentyp unter der Regel: Wenn Bewertungswert <0,5 dann gleich Wert 0,5 oder wenn Bewertungswert >5,5 dann gleich Wert 5,5","PhytoSee 7.1 (2020)","Phytoplankton",NA,"362862,484252","5801820,18745","2,07",NA,NA,"DELW_DEBB80001585119"
"2174","80001585119","Templiner See bei Potsdam",NA,"2788","2023","Diatomeentyp","Diatomeentyp des Wasserköpers verwendet in der Bewertung der Messstelle (siehe Tabelle WAGUET_OWNER_SCHLUESSEL_WERT_TEXT)","PHYLIB 5.3","Makrophyten",NA,"367324","5806098","DS 12",NA,NA,"DELW_DEBB80001585119"
"2175","80001585119","Templiner See bei Potsdam",NA,"80001585119_HM","2020","MST Beprobung konform?","Beprobung methodenkonform oder nicht? für Messstelle und Jahr","PhytoSee 7.1 (2020)","Phytoplankton",NA,"362862,484252","5801820,18745","incl. Märzprobe",NA,NA,"DELW_DEBB80001585119"
"2176","80001585119","Templiner See bei Potsdam",NA,"2782","2009","Teilbewertung Diatomeen, vorläufig/FGW - Ergebnis ohne Salzbelastung & See - vorläufige Bewertung","See, FGW; Bewertung der Messstelle (1 bis 5 möglich), bei Wert='999' ist das Ergebnis ungesichert; Seen - TI-Anteil, RAQ-Arten und TI-Anzahl wird berücksichtigt","PHYLIB 4.1","Diatomeen",NA,"363992","5802773","3",NA,NA,"DELW_DEBB80001585119"
"2177","80001585119","Templiner See bei Potsdam",NA,"2781","2009","Teilbewertung Diatomeen, vorläufig/FGW - Ergebnis ohne Salzbelastung & See - vorläufige Bewertung","See, FGW; Bewertung der Messstelle (1 bis 5 möglich), bei Wert='999' ist das Ergebnis ungesichert; Seen - TI-Anteil, RAQ-Arten und TI-Anzahl wird berücksichtigt","PHYLIB 4.1","Diatomeen",NA,"362774","5802625","3",NA,NA,"DELW_DEBB80001585119"
"2178","80001585119","Templiner See bei Potsdam",NA,"2785","2023","Makrophytentyp","Makrophytentyp des Wasserköpers verwendet in der Bewertung der Messstelle (siehe Tabelle WAGUET_OWNER_SCHLUESSEL_WERT_TEXT)","PHYLIB 5.3","Makrophyten",NA,"365810","5803844","TKp - 12",NA,NA,"DELW_DEBB80001585119"
"2179","80001585119","Templiner See bei Potsdam",NA,"80001585119_HM","2020","MST IST_PTSI_WERT","Phytoplankton-Taxa-Seen-Index Ist-Wert im Jahresmittel für die Messstelle","PhytoSee 7.1 (2020)","Phytoplankton",NA,"362862,484252","5801820,18745","3,68",NA,NA,"DELW_DEBB80001585119"
"2180","80001585119","Templiner See bei Potsdam",NA,"S_0303","2004","Sichttiefe_Jahesmittel","Sichttiefe_Jahesmittel in m","nicht bekannt","Chemie (See und FG)",NA,NA,NA,"0,86",NA,NA,"DELW_DEBB80001585119"
"2181","80001585119","Templiner See bei Potsdam",NA,"S_0303","1999","Sichttiefe_Jahesmittel","Sichttiefe_Jahesmittel in m","nicht bekannt","Chemie (See und FG)",NA,NA,NA,"0,8737",NA,NA,"DELW_DEBB80001585119"
"2182","80001585119","Templiner See bei Potsdam",NA,"80001585119euphot","2009","Bewertung Phytoplankton","Bi Phytoplankton ( nach neuer (2009) See-Typzuweisung und Phytosee 4) und Phytofliess","nicht bekannt","Phytoplankton",NA,"362924","5801844","4",NA,NA,"DELW_DEBB80001585119"
"2183","80001585119","Templiner See bei Potsdam",NA,"2788","2017","I_Arten","Artindex, Teilindex des MIB","MIB 2004","Makrophyten",NA,"367324","5806098","0-1,86",NA,NA,"DELW_DEBB80001585119"
"2184","80001585119","Templiner See bei Potsdam",NA,"80001585119_HM","2017","MST PTSI H/G","H/G PTSI vom Typ","PhytoSee 7.0 (15.12.2017)","Phytoplankton",NA,"362862,484252","5801820,18745","3",NA,NA,"DELW_DEBB80001585119"
"2185","80001585119","Templiner See bei Potsdam",NA,"2786","2017","MIB","Makrophytenindex Brandenburg","nicht bekannt","Makrophyten",NA,"366360","5804440","3,21",NA,NA,"DELW_DEBB80001585119"
"2186","80001585119","Templiner See bei Potsdam",NA,"80001585119_HM","2023","Chl_Saison_Anzahl",NA,"LAWA-TI Gewässerbewertung stehender Gewässer","Chemie (See und FG)",NA,"362862,484252","5801820,18745","10",NA,NA,"DELW_DEBB80001585119"
"2187","80001585119","Templiner See bei Potsdam",NA,"2783","2023","Bewertung (dezimal)","Bewertung (dezimal)","PHYLIB 5.3","Makrophyten",NA,"365183","5802604","5,49",NA,NA,"DELW_DEBB80001585119"
"2188","80001585119","Templiner See bei Potsdam",NA,"2786","2023","Zustandsklasse","Zustands-/Potentialklasse","PHYLIB 5.3","Makrophyten",NA,"366360","5804440","4",NA,NA,"DELW_DEBB80001585119"
"2189","80001585119","Templiner See bei Potsdam",NA,"2786","2017","MIB","Makrophytenindex Brandenburg","MIB 2004","Makrophyten",NA,"366360","5804440","3,21",NA,NA,"DELW_DEBB80001585119"
"2190","80001585119","Templiner See bei Potsdam",NA,"2781","2017","MIB","Makrophytenindex Brandenburg","nicht bekannt","Makrophyten",NA,"362774","5802625","3,31",NA,NA,"DELW_DEBB80001585119"
"2191","80001585119","Templiner See bei Potsdam",NA,"2785","2023","Vegetationsgrenze plausibel","Vegetationsgrenze plausibel","PHYLIB 5.3","Makrophyten",NA,"365810","5803844","true",NA,NA,"DELW_DEBB80001585119"
"2192","80001585119","Templiner See bei Potsdam",NA,"2784","2023","Bew. Makrophyten (dezimal)","Bew. Makrophyten (dezimal)","PHYLIB 5.3","Makrophyten",NA,"365190","5803780","4,51",NA,NA,"DELW_DEBB80001585119"
"2193","80001585119","Templiner See bei Potsdam",NA,"2784","2014","Teilbewertung Diatomeen/Zustands-/Potentialklasse FGW und Seen","FGW, See; Bewertung der Messstelle (1 bis 5 möglich), bei Wert='999' ist das Ergebnis ungesichert; (bei FGW-Halobienindex und Versauerung wird berücksichtigt)","PHYLIB 5.3","Diatomeen",NA,"365190","5803780","3",NA,NA,"DELW_DEBB80001585119"
"2194","80001585119","Templiner See bei Potsdam",NA,"80001585119_HM","2009","Chl_Saison_Anzahl",NA,"LAWA-TI Gewässerbewertung stehender Gewässer","Chemie (See und FG)",NA,"362862,484252","5801820,18745","10",NA,NA,"DELW_DEBB80001585119"
"2195","80001585119","Templiner See bei Potsdam",NA,"2782","2023","Bew. Makrophyten (dezimal)","Bew. Makrophyten (dezimal)","PHYLIB 5.3","Makrophyten",NA,"363992","5802773","5,49",NA,NA,"DELW_DEBB80001585119"
"2196","80001585119","Templiner See bei Potsdam",NA,"2787","2014","Diatomeentyp","Diatomeentyp des Wasserköpers verwendet in der Bewertung der Messstelle (siehe Tabelle WAGUET_OWNER_SCHLUESSEL_WERT_TEXT)","PHYLIB 5.3","Diatomeen",NA,"365747","5804984","DS 12",NA,NA,"DELW_DEBB80001585119"
"2197","80001585119","Templiner See bei Potsdam",NA,"2781","2014","vorlaeufigeBewertung","See; Fließgew; vorläufige Bewertung der Messstelle, (FGW - Halobienindex und Versauerung wird nicht berücksichtigt; Seen - TI-Anteil, RAQ-Arten und TI-Anzahl wird nicht berücksichtigt)","PHYLIB 5.3","Diatomeen",NA,"362774","5802625","3",NA,NA,"DELW_DEBB80001585119"
"2198","80001585119","Templiner See bei Potsdam",NA,"2783","2023","Vegetationsgrenze plausibel","Vegetationsgrenze plausibel","PHYLIB 5.3","Makrophyten",NA,"365183","5802604","true",NA,NA,"DELW_DEBB80001585119"
"2199","80001585119","Templiner See bei Potsdam",NA,"80001585119_HM","2023","MST Chla µg/l",NA,"PhytoSee Online 8.0.3 (09.04.2024)","Phytoplankton",NA,"362862,484252","5801820,18745","11,67",NA,NA,"DELW_DEBB80001585119"
"2200","80001585119","Templiner See bei Potsdam",NA,"2787","2023","WRRL-Fließgewässertyp","WRRL-Fließgewässertyp und -Seetyp verwendet in der Bewertung der Messstelle (siehe Tabelle WAGUET_OWNER_SCHLUESSEL_WERT_TEXT)","PHYLIB 5.3","Makrophyten",NA,"365747","5804984","12",NA,NA,"DELW_DEBB80001585119"
"2201","80001585119","Templiner See bei Potsdam",NA,"2783","2014","M_RAQ","See; Modul Referenzartenquotien","PHYLIB 5.3","Diatomeen",NA,"365183","5802604","0-,17",NA,NA,"DELW_DEBB80001585119"
"2202","80001585119","Templiner See bei Potsdam",NA,"2784","2017","MIB","Makrophytenindex Brandenburg","MIB 2004","Makrophyten",NA,"365190","5803780","2,75",NA,NA,"DELW_DEBB80001585119"
"2203","80001585119","Templiner See bei Potsdam",NA,"80001585119_HM","2017","Chl_Saison",NA,"LAWA-TI Gewässerbewertung stehender Gewässer","Chemie (See und FG)",NA,"362862,484252","5801820,18745","13,68",NA,NA,"DELW_DEBB80001585119"
"2204","80001585119","Templiner See bei Potsdam",NA,"80001585119_HM","2020","MST MinvonMonat",NA,"PhytoSee 7.1 (2020)","Phytoplankton",NA,"362862,484252","5801820,18745","3",NA,NA,"DELW_DEBB80001585119"
"2205","80001585119","Templiner See bei Potsdam",NA,"80001585119_HM","2017","MST Beprobung konform?","Beprobung methodenkonform oder nicht? für Messstelle und Jahr","PhytoSee 7.0 (15.12.2017)","Phytoplankton",NA,"362862,484252","5801820,18745","incl. Novemberprobe",NA,NA,"DELW_DEBB80001585119"
"2206","80001585119","Templiner See bei Potsdam",NA,"2784","2014","Teilbewertung Diatomeen, vorläufig/FGW - Ergebnis ohne Salzbelastung & See - vorläufige Bewertung","See, FGW; Bewertung der Messstelle (1 bis 5 möglich), bei Wert='999' ist das Ergebnis ungesichert; Seen - TI-Anteil, RAQ-Arten und TI-Anzahl wird berücksichtigt","PHYLIB 5.3","Diatomeen",NA,"365190","5803780","3",NA,NA,"DELW_DEBB80001585119"
"2207","80001585119","Templiner See bei Potsdam",NA,"80001585119_HM","2006","TP_Frühjahr_Anzahl",NA,"LAWA-TI Gewässerbewertung stehender Gewässer","Chemie (See und FG)",NA,"362862,484252","5801820,18745","5",NA,NA,"DELW_DEBB80001585119"
"2208","80001585119","Templiner See bei Potsdam",NA,"2781","2023","Vegetationsgrenze plausibel","Vegetationsgrenze plausibel","PHYLIB 5.3","Makrophyten",NA,"362774","5802625","true",NA,NA,"DELW_DEBB80001585119"
"2209","80001585119","Templiner See bei Potsdam",NA,"80001585119_HM","2020","MST Gesamtbewertung verbal stufig","PSI verbal  für Messstelle und Jahr","PhytoSee 7.1 (2020)","Phytoplankton",NA,"362862,484252","5801820,18745","gut",NA,NA,"DELW_DEBB80001585119"
"2210","80001585119","Templiner See bei Potsdam",NA,"2785","2014","vorlaeufigeBewertung","See; Fließgew; vorläufige Bewertung der Messstelle, (FGW - Halobienindex und Versauerung wird nicht berücksichtigt; Seen - TI-Anteil, RAQ-Arten und TI-Anzahl wird nicht berücksichtigt)","PHYLIB 5.3","Diatomeen",NA,"365810","5803844","999",NA,NA,"DELW_DEBB80001585119"
"2211","80001585119","Templiner See bei Potsdam",NA,"2787","2014","vorlaeufigeBewertung","See; Fließgew; vorläufige Bewertung der Messstelle, (FGW - Halobienindex und Versauerung wird nicht berücksichtigt; Seen - TI-Anteil, RAQ-Arten und TI-Anzahl wird nicht berücksichtigt)","PHYLIB 5.3","Diatomeen",NA,"365747","5804984","4",NA,NA,"DELW_DEBB80001585119"
"2212","80001585119","Templiner See bei Potsdam",NA,"2785","2023","Bewertung (dezimal)","Bewertung (dezimal)","PHYLIB 5.3","Makrophyten",NA,"365810","5803844","3,91",NA,NA,"DELW_DEBB80001585119"
"2213","80001585119","Templiner See bei Potsdam",NA,"2785","2023","Gesamthäufigkeit (prozent) D","Gesamthäufigkeit [%] D","PHYLIB 5.3","Makrophyten",NA,"365810","5803844","0",NA,NA,"DELW_DEBB80001585119"
"2214","80001585119","Templiner See bei Potsdam",NA,"80001585119_HM","2014","MST Gesamtbewertung verbal stufig","PSI verbal  für Messstelle und Jahr","PhytoSee 7.0 (15.12.2017)","Phytoplankton",NA,"362862,484252","5801820,18745","gut",NA,NA,"DELW_DEBB80001585119"
"2215","80001585119","Templiner See bei Potsdam",NA,"2783","2014","TIL_Nord","See; berechneter Trophie-Index Nord","PHYLIB 5.3","Diatomeen",NA,"365183","5802604","3,23",NA,NA,"DELW_DEBB80001585119"
"2216","80001585119","Templiner See bei Potsdam",NA,"80001585119_HM","2006","TP_MW","Mittelwert TP in mg/l (Messergb.)","LAWA-TI Gewässerbewertung stehender Gewässer","Chemie (See und FG)",NA,"362862,484252","5801820,18745","217,58",NA,NA,"DELW_DEBB80001585119"
"2217","80001585119","Templiner See bei Potsdam",NA,"2787","2023","M-sicher","M-sicher","PHYLIB 5.3","Makrophyten",NA,"365747","5804984","true",NA,NA,"DELW_DEBB80001585119"
"2218","80001585119","Templiner See bei Potsdam",NA,"80001585119_HM","2023","Chl_Saison",NA,"LAWA-TI Gewässerbewertung stehender Gewässer","Chemie (See und FG)",NA,"362862,484252","5801820,18745","11,67",NA,NA,"DELW_DEBB80001585119"
"2219","80001585119","Templiner See bei Potsdam",NA,"80001585119_HM","2014","Chl_Saison_Anzahl",NA,"LAWA-TI Gewässerbewertung stehender Gewässer","Chemie (See und FG)",NA,"362862,484252","5801820,18745","10",NA,NA,"DELW_DEBB80001585119"
"2220","80001585119","Templiner See bei Potsdam",NA,"2785","2014","Teilbewertung Diatomeen, vorläufig/FGW - Ergebnis ohne Salzbelastung & See - vorläufige Bewertung","See, FGW; Bewertung der Messstelle (1 bis 5 möglich), bei Wert='999' ist das Ergebnis ungesichert; Seen - TI-Anteil, RAQ-Arten und TI-Anzahl wird berücksichtigt","PHYLIB 5.3","Diatomeen",NA,"365810","5803844","999",NA,NA,"DELW_DEBB80001585119"
"2221","80001585119","Templiner See bei Potsdam",NA,"2784","2023","Makrophytentyp","Makrophytentyp des Wasserköpers verwendet in der Bewertung der Messstelle (siehe Tabelle WAGUET_OWNER_SCHLUESSEL_WERT_TEXT)","PHYLIB 5.3","Makrophyten",NA,"365190","5803780","TKp - 12",NA,NA,"DELW_DEBB80001585119"
"2222","80001585119","Templiner See bei Potsdam",NA,"2787","2014","WRRL-Fließgewässertyp","WRRL-Fließgewässertyp und -Seetyp verwendet in der Bewertung der Messstelle (siehe Tabelle WAGUET_OWNER_SCHLUESSEL_WERT_TEXT)","PHYLIB 5.3","Diatomeen",NA,"365747","5804984","12",NA,NA,"DELW_DEBB80001585119"
"2223","80001585119","Templiner See bei Potsdam",NA,"80001585119_HM","2014","TP_Saison",NA,"LAWA-TI Gewässerbewertung stehender Gewässer","Chemie (See und FG)",NA,"362862,484252","5801820,18745","134,5",NA,NA,"DELW_DEBB80001585119"
"2224","80001585119","Templiner See bei Potsdam",NA,"80001585119_HM","2020","MST Gesamtbiovolumen in mm3/l","Gesamtbiovolumen Saison (mm3/l) im Mittel Mittel März - November","PhytoSee 7.1 (2020)","Phytoplankton",NA,"362862,484252","5801820,18745","3,68",NA,NA,"DELW_DEBB80001585119"
"2225","80001585119","Templiner See bei Potsdam",NA,"2783","2014","Teilbewertung Diatomeen, vorläufig/FGW - Ergebnis ohne Salzbelastung & See - vorläufige Bewertung","See, FGW; Bewertung der Messstelle (1 bis 5 möglich), bei Wert='999' ist das Ergebnis ungesichert; Seen - TI-Anteil, RAQ-Arten und TI-Anzahl wird berücksichtigt","PHYLIB 5.3","Diatomeen",NA,"365183","5802604","2",NA,NA,"DELW_DEBB80001585119"
"2226","80001585119","Templiner See bei Potsdam",NA,"2787","2014","TIL_Nord","See; berechneter Trophie-Index Nord","PHYLIB 5.3","Diatomeen",NA,"365747","5804984","3,81",NA,NA,"DELW_DEBB80001585119"
"2227","80001585119","Templiner See bei Potsdam",NA,"2781","2017","MIB","Makrophytenindex Brandenburg","MIB 2004","Makrophyten",NA,"362774","5802625","3,31",NA,NA,"DELW_DEBB80001585119"
"2228","80001585119","Templiner See bei Potsdam",NA,"80001585119_HM","2017","TI_akt","LAWA-Trophieindex","LAWA-TI Gewässerbewertung stehender Gewässer","Chemie (See und FG)",NA,"362862,484252","5801820,18745","3,18",NA,NA,"DELW_DEBB80001585119"
"2229","80001585119","Templiner See bei Potsdam",NA,"80001585119_HM","2017","MST Gesamtbewertung verbal stufig","PSI verbal  für Messstelle und Jahr","PhytoSee 7.0 (15.12.2017)","Phytoplankton",NA,"362862,484252","5801820,18745","gut",NA,NA,"DELW_DEBB80001585119"
"2230","80001585119","Templiner See bei Potsdam",NA,"2784","2014","TIL_Nord","See; berechneter Trophie-Index Nord","PHYLIB 5.3","Diatomeen",NA,"365190","5803780","3,33",NA,NA,"DELW_DEBB80001585119"
"2231","80001585119","Templiner See bei Potsdam",NA,"2783","2017","MIB","Makrophytenindex Brandenburg","MIB 2004","Makrophyten",NA,"365183","5802604","2,79",NA,NA,"DELW_DEBB80001585119"
"2232","80001585119","Templiner See bei Potsdam",NA,"80001585119_HM","2017","Chl_Saison_Anzahl",NA,"LAWA-TI Gewässerbewertung stehender Gewässer","Chemie (See und FG)",NA,"362862,484252","5801820,18745","10",NA,NA,"DELW_DEBB80001585119"
"2233","80001585119","Templiner See bei Potsdam",NA,"80001585119_HM","2023","MST Biomasse_Metrik","Metrik Biomasse  für Messstelle und Jahr","PhytoSee Online 8.0.3 (09.04.2024)","Phytoplankton",NA,"362862,484252","5801820,18745","0,7795",NA,NA,"DELW_DEBB80001585119"
"2234","80001585119","Templiner See bei Potsdam",NA,"2782","2023","Teilbewertung Makrophyten","Bewertung der Messstelle (1 bis 5 möglich), bei leeren Feld ist das Ergebnis ungesichert","PHYLIB 5.3","Makrophyten",NA,"363992","5802773","5",NA,NA,"DELW_DEBB80001585119"
"2235","80001585119","Templiner See bei Potsdam",NA,"2785","2017","I_Arten","Artindex, Teilindex des MIB","MIB 2004","Makrophyten",NA,"365810","5803844","0-2,77",NA,NA,"DELW_DEBB80001585119"
"2236","80001585119","Templiner See bei Potsdam",NA,"80001585119_HM","2023","Sichttiefe_Saison_Anzahl",NA,"LAWA-TI Gewässerbewertung stehender Gewässer","Chemie (See und FG)",NA,"362862,484252","5801820,18745","7",NA,NA,"DELW_DEBB80001585119"
"2237","80001585119","Templiner See bei Potsdam",NA,"2786","2023","M-sicher","M-sicher","PHYLIB 5.3","Makrophyten",NA,"366360","5804440","true",NA,NA,"DELW_DEBB80001585119"
"2238","80001585119","Templiner See bei Potsdam",NA,"80001585119_HM","2006","Bewertung Phytoplankton","Bi Phytoplankton ( nach neuer (2009) See-Typzuweisung und Phytosee 4) und Phytofliess","PhytoSee 5.0 (2013)","Phytoplankton",NA,"362862,484252","5801820,18745","3",NA,NA,"DELW_DEBB80001585119"
"2239","80001585119","Templiner See bei Potsdam",NA,"S_0303","1996","Chl_MW","Jahresmittelwert Chl-a in µg/l","nicht bekannt","Chemie (See und FG)",NA,NA,NA,"60,03",NA,NA,"DELW_DEBB80001585119"
"2240","80001585119","Templiner See bei Potsdam",NA,"2781","2023","Vegetationsgrenze","Vegetationsgrenze","PHYLIB 5.3","Makrophyten",NA,"362774","5802625","2,2",NA,NA,"DELW_DEBB80001585119"
"2241","80001585119","Templiner See bei Potsdam",NA,"80001585119_HM","2023","MST Gewässerart",NA,"PhytoSee Online 8.0.3 (09.04.2024)","Phytoplankton",NA,"362862,484252","5801820,18745","See",NA,NA,"DELW_DEBB80001585119"
"2242","80001585119","Templiner See bei Potsdam",NA,"80001585119_HM","2014","MST Bac_Crypto_S_Bew","Bewertung Bac_Crypto für Messstelle und Jahr","PhytoSee 7.0 (15.12.2017)","Phytoplankton",NA,"362862,484252","5801820,18745","2,61",NA,NA,"DELW_DEBB80001585119"
"2243","80001585119","Templiner See bei Potsdam",NA,"S_0303","1999","Chl_MW","Jahresmittelwert Chl-a in µg/l","nicht bekannt","Chemie (See und FG)",NA,NA,NA,"63,2",NA,NA,"DELW_DEBB80001585119"
"2244","80001585119","Templiner See bei Potsdam",NA,"80001585119_HM","2006","TNb_Sommer","Stickstoffkonz. im Sommer","LAWA-TI Gewässerbewertung stehender Gewässer","Chemie (See und FG)",NA,"362862,484252","5801820,18745","3",NA,NA,"DELW_DEBB80001585119"
"2245","80001585119","Templiner See bei Potsdam",NA,"80001585119_HM","2023","TP_Frühjahr_Anzahl",NA,"LAWA-TI Gewässerbewertung stehender Gewässer","Chemie (See und FG)",NA,"362862,484252","5801820,18745","5",NA,NA,"DELW_DEBB80001585119"
"2246","80001585119","Templiner See bei Potsdam",NA,"2787","2023","Vegetationsgrenze","Vegetationsgrenze","PHYLIB 5.3","Makrophyten",NA,"365747","5804984","2,3",NA,NA,"DELW_DEBB80001585119"
"2247","80001585119","Templiner See bei Potsdam",NA,"80001585119_HM","2020","MST N_Indikatortaxa","mittlere Anzahl nutzbarer Indikatortaxa","PhytoSee 7.1 (2020)","Phytoplankton",NA,"362862,484252","5801820,18745","10",NA,NA,"DELW_DEBB80001585119"
"2248","80001585119","Templiner See bei Potsdam",NA,"2786","2014","Teilbewertung Diatomeen, vorläufig/FGW - Ergebnis ohne Salzbelastung & See - vorläufige Bewertung","See, FGW; Bewertung der Messstelle (1 bis 5 möglich), bei Wert='999' ist das Ergebnis ungesichert; Seen - TI-Anteil, RAQ-Arten und TI-Anzahl wird berücksichtigt","PHYLIB 5.3","Diatomeen",NA,"366360","5804440","2",NA,NA,"DELW_DEBB80001585119"
"2249","80001585119","Templiner See bei Potsdam",NA,"2782","2009","Teilbewertung Diatomeen/Zustands-/Potentialklasse FGW und Seen","FGW, See; Bewertung der Messstelle (1 bis 5 möglich), bei Wert='999' ist das Ergebnis ungesichert; (bei FGW-Halobienindex und Versauerung wird berücksichtigt)","PHYLIB 4.1","Diatomeen",NA,"363992","5802773","3",NA,NA,"DELW_DEBB80001585119"
"2250","80001585119","Templiner See bei Potsdam",NA,"2787","2023","Bew. Makrophyten (dezimal)","Bew. Makrophyten (dezimal)","PHYLIB 5.3","Makrophyten",NA,"365747","5804984","4,13",NA,NA,"DELW_DEBB80001585119"
"2251","80001585119","Templiner See bei Potsdam",NA,"2787","2014","Teilbewertung Diatomeen, vorläufig/FGW - Ergebnis ohne Salzbelastung & See - vorläufige Bewertung","See, FGW; Bewertung der Messstelle (1 bis 5 möglich), bei Wert='999' ist das Ergebnis ungesichert; Seen - TI-Anteil, RAQ-Arten und TI-Anzahl wird berücksichtigt","PHYLIB 5.3","Diatomeen",NA,"365747","5804984","4",NA,NA,"DELW_DEBB80001585119"
"2252","80001585119","Templiner See bei Potsdam",NA,"2788","2017","MIB","Makrophytenindex Brandenburg","nicht bekannt","Makrophyten",NA,"367324","5806098","3,1",NA,NA,"DELW_DEBB80001585119"
"2253","80001585119","Templiner See bei Potsdam",NA,"80001585119_HM","2017","TP_Frühjahr_Anzahl",NA,"LAWA-TI Gewässerbewertung stehender Gewässer","Chemie (See und FG)",NA,"362862,484252","5801820,18745","5",NA,NA,"DELW_DEBB80001585119"
"2254","80001585119","Templiner See bei Potsdam",NA,"2784","2023","RAQ gesichert","RAQ gesichert","PHYLIB 5.3","Makrophyten",NA,"365190","5803780","0",NA,NA,"DELW_DEBB80001585119"
"2255","80001585119","Templiner See bei Potsdam",NA,"80001585119_HM","2017","MST Chloro-Bewertung","Bewertung Chloro für Messstelle und Jahr","PhytoSee 7.0 (15.12.2017)","Phytoplankton",NA,"362862,484252","5801820,18745","2,88",NA,NA,"DELW_DEBB80001585119"
"2256","80001585119","Templiner See bei Potsdam",NA,"80001585119_HM","2017","MST TypPTSI_Ref","PTSI-Referenz für den Typ","PhytoSee 7.0 (15.12.2017)","Phytoplankton",NA,"362862,484252","5801820,18745","2,5",NA,NA,"DELW_DEBB80001585119"
"2257","80001585119","Templiner See bei Potsdam",NA,"S_0303","1997","Sichttiefe_Jahesmittel","Sichttiefe_Jahesmittel in m","nicht bekannt","Chemie (See und FG)",NA,NA,NA,"0,9733",NA,NA,"DELW_DEBB80001585119"
"2258","80001585119","Templiner See bei Potsdam",NA,"80001585119_HM","2009","Sichttiefe_Saison_Anzahl",NA,"LAWA-TI Gewässerbewertung stehender Gewässer","Chemie (See und FG)",NA,"362862,484252","5801820,18745","7",NA,NA,"DELW_DEBB80001585119"
"2259","80001585119","Templiner See bei Potsdam",NA,"80001585119_HM","2023","MST MinvonMonat",NA,"PhytoSee Online 8.0.3 (09.04.2024)","Phytoplankton",NA,"362862,484252","5801820,18745","3",NA,NA,"DELW_DEBB80001585119"
"2260","80001585119","Templiner See bei Potsdam",NA,"80001585119_HM","2009","Chl_Saison",NA,"LAWA-TI Gewässerbewertung stehender Gewässer","Chemie (See und FG)",NA,"362862,484252","5801820,18745","65,36",NA,NA,"DELW_DEBB80001585119"
"2261","80001585119","Templiner See bei Potsdam",NA,"S_0303","1995","Chl_MW","Jahresmittelwert Chl-a in µg/l","nicht bekannt","Chemie (See und FG)",NA,NA,NA,"62,5",NA,NA,"DELW_DEBB80001585119"
"2262","80001585119","Templiner See bei Potsdam",NA,"80001585119_HM","2014","MST Typ_Nr","PP-Subtyp der bewerteten MST im Jahr der Untersuchung","PhytoSee 7.0 (15.12.2017)","Phytoplankton",NA,"362862,484252","5801820,18745","PP 12",NA,NA,"DELW_DEBB80001585119"
"2263","80001585119","Templiner See bei Potsdam",NA,"80001585119_HM","2006","TP_Saison",NA,"LAWA-TI Gewässerbewertung stehender Gewässer","Chemie (See und FG)",NA,"362862,484252","5801820,18745","189,17",NA,NA,"DELW_DEBB80001585119"
"2264","80001585119","Templiner See bei Potsdam",NA,"80001585119_HM","2017","TP_Frühjahr",NA,"LAWA-TI Gewässerbewertung stehender Gewässer","Chemie (See und FG)",NA,"362862,484252","5801820,18745","104",NA,NA,"DELW_DEBB80001585119"
"2265","80001585119","Templiner See bei Potsdam",NA,"80001585119_HM","2020","ST_Saison",NA,"LAWA-TI Gewässerbewertung stehender Gewässer","Chemie (See und FG)",NA,"362862,484252","5801820,18745","1,9",NA,NA,"DELW_DEBB80001585119"
"2266","80001585119","Templiner See bei Potsdam",NA,"80001585119_HM","2020","TI_akt","LAWA-Trophieindex","LAWA-TI Gewässerbewertung stehender Gewässer","Chemie (See und FG)",NA,"362862,484252","5801820,18745","3,38",NA,NA,"DELW_DEBB80001585119"
"2267","80001585119","Templiner See bei Potsdam",NA,"80001585119_HM","2020","TP_Frühjahr",NA,"LAWA-TI Gewässerbewertung stehender Gewässer","Chemie (See und FG)",NA,"362862,484252","5801820,18745","116",NA,NA,"DELW_DEBB80001585119"
"2268","80001585119","Templiner See bei Potsdam",NA,"S_0303","2001","Chl_MW","Jahresmittelwert Chl-a in µg/l","nicht bekannt","Chemie (See und FG)",NA,NA,NA,"67,88",NA,NA,"DELW_DEBB80001585119"
"2269","80001585119","Templiner See bei Potsdam",NA,"80001585119_HM","2014","MST IST_PTSI_WERT","Phytoplankton-Taxa-Seen-Index Ist-Wert im Jahresmittel für die Messstelle","PhytoSee 7.0 (15.12.2017)","Phytoplankton",NA,"362862,484252","5801820,18745","3,6",NA,NA,"DELW_DEBB80001585119"
"2270","80001585119","Templiner See bei Potsdam",NA,"2787","2014","aerophileArten%","See; Fließgew, sauerstoffliebende Arten in Prozent nach Schaumburg","PHYLIB 5.3","Diatomeen",NA,"365747","5804984","0",NA,NA,"DELW_DEBB80001585119"
"2271","80001585119","Templiner See bei Potsdam",NA,"2788","2023","Makrophytenverödung","Makrophytenverödung","PHYLIB 5.3","Makrophyten",NA,"367324","5806098","false",NA,NA,"DELW_DEBB80001585119"
"2272","80001585119","Templiner See bei Potsdam",NA,"80001585119_HM","2014","MST N_Indikatortaxa","mittlere Anzahl nutzbarer Indikatortaxa","PhytoSee 7.0 (15.12.2017)","Phytoplankton",NA,"362862,484252","5801820,18745","4,83",NA,NA,"DELW_DEBB80001585119"
"2273","80001585119","Templiner See bei Potsdam",NA,"80001585119_HM","2020","Chl_Saison",NA,"LAWA-TI Gewässerbewertung stehender Gewässer","Chemie (See und FG)",NA,"362862,484252","5801820,18745","19,38",NA,NA,"DELW_DEBB80001585119"
"2274","80001585119","Templiner See bei Potsdam",NA,"80001585119_HM","2017","ST_Saison",NA,"LAWA-TI Gewässerbewertung stehender Gewässer","Chemie (See und FG)",NA,"362862,484252","5801820,18745","2,31",NA,NA,"DELW_DEBB80001585119"
"2275","80001585119","Templiner See bei Potsdam",NA,"80001585119_HM","2014","TP_Frühjahr_Anzahl",NA,"LAWA-TI Gewässerbewertung stehender Gewässer","Chemie (See und FG)",NA,"362862,484252","5801820,18745","5",NA,NA,"DELW_DEBB80001585119"
"2276","80001585119","Templiner See bei Potsdam",NA,"S_0303","2006","Chl_MW","Jahresmittelwert Chl-a in µg/l","nicht bekannt","Chemie (See und FG)",NA,NA,NA,"67,65",NA,NA,"DELW_DEBB80001585119"
"2277","80001585119","Templiner See bei Potsdam",NA,"80001585119_HM","2023","MST PSI Phyto-See-Index","PSI als Zahl für Messstelle und Jahr","PhytoSee Online 8.0.3 (09.04.2024)","Phytoplankton",NA,"362862,484252","5801820,18745","1,36",NA,NA,"DELW_DEBB80001585119"
"2278","80001585119","Templiner See bei Potsdam",NA,"80001585119_HM","2023","MST Bac_Crypto_S_Bew","Bewertung Bac_Crypto für Messstelle und Jahr","PhytoSee Online 8.0.3 (09.04.2024)","Phytoplankton",NA,"362862,484252","5801820,18745","0,9172",NA,NA,"DELW_DEBB80001585119"
"2279","80001585119","Templiner See bei Potsdam",NA,"80001585119_HM","2009","TP_Saison",NA,"LAWA-TI Gewässerbewertung stehender Gewässer","Chemie (See und FG)",NA,"362862,484252","5801820,18745","200,67",NA,NA,"DELW_DEBB80001585119"
"2280","80001585119","Templiner See bei Potsdam",NA,"80001585119_HM","2014","TP_MW","Mittelwert TP in mg/l (Messergb.)","LAWA-TI Gewässerbewertung stehender Gewässer","Chemie (See und FG)",NA,"362862,484252","5801820,18745","110,25",NA,NA,"DELW_DEBB80001585119"
"2281","80001585119","Templiner See bei Potsdam",NA,"2782","2023","Makrophytenverödung","Makrophytenverödung","PHYLIB 5.3","Makrophyten",NA,"363992","5802773","false",NA,NA,"DELW_DEBB80001585119"
"2282","80001585119","Templiner See bei Potsdam",NA,"80001585119_HM","2020","MST Chloro-Bewertung","Bewertung Chloro für Messstelle und Jahr","PhytoSee 7.1 (2020)","Phytoplankton",NA,"362862,484252","5801820,18745","3,59",NA,NA,"DELW_DEBB80001585119"
"2283","80001585119","Templiner See bei Potsdam",NA,"S_0303","2001","Sichttiefe_Jahesmittel","Sichttiefe_Jahesmittel in m","nicht bekannt","Chemie (See und FG)",NA,NA,NA,"0,8471",NA,NA,"DELW_DEBB80001585119"
"2284","80001585119","Templiner See bei Potsdam",NA,"2782","2014","Teilbewertung Diatomeen, vorläufig/FGW - Ergebnis ohne Salzbelastung & See - vorläufige Bewertung","See, FGW; Bewertung der Messstelle (1 bis 5 möglich), bei Wert='999' ist das Ergebnis ungesichert; Seen - TI-Anteil, RAQ-Arten und TI-Anzahl wird berücksichtigt","PHYLIB 5.3","Diatomeen",NA,"363992","5802773","2",NA,NA,"DELW_DEBB80001585119"
"2285","80001585119","Templiner See bei Potsdam",NA,"2784","2014","aerophileArten%","See; Fließgew, sauerstoffliebende Arten in Prozent nach Schaumburg","PHYLIB 5.3","Diatomeen",NA,"365190","5803780","0",NA,NA,"DELW_DEBB80001585119"
"2286","80001585119","Templiner See bei Potsdam",NA,"2784","2014","vorlaeufigeBewertung","See; Fließgew; vorläufige Bewertung der Messstelle, (FGW - Halobienindex und Versauerung wird nicht berücksichtigt; Seen - TI-Anteil, RAQ-Arten und TI-Anzahl wird nicht berücksichtigt)","PHYLIB 5.3","Diatomeen",NA,"365190","5803780","3",NA,NA,"DELW_DEBB80001585119"
"2287","80001585119","Templiner See bei Potsdam",NA,"80001585119_HM","2009","TP_Frühjahr_Anzahl",NA,"LAWA-TI Gewässerbewertung stehender Gewässer","Chemie (See und FG)",NA,"362862,484252","5801820,18745","5",NA,NA,"DELW_DEBB80001585119"
"2288","80001585119","Templiner See bei Potsdam",NA,"2782","2023","RAQ gesichert","RAQ gesichert","PHYLIB 5.3","Makrophyten",NA,"363992","5802773","0",NA,NA,"DELW_DEBB80001585119"
"2289","80001585119","Templiner See bei Potsdam",NA,"80001585119_HM","2014","MST Biomasse_Metrik","Metrik Biomasse  für Messstelle und Jahr","PhytoSee 7.0 (15.12.2017)","Phytoplankton",NA,"362862,484252","5801820,18745","1,12",NA,NA,"DELW_DEBB80001585119"
"2290","80001585119","Templiner See bei Potsdam",NA,"80001585119_HM","2020","MST TypPTSI_Ref","PTSI-Referenz für den Typ","PhytoSee 7.1 (2020)","Phytoplankton",NA,"362862,484252","5801820,18745","2,5",NA,NA,"DELW_DEBB80001585119"
"2291","80001585119","Templiner See bei Potsdam",NA,"2784","2023","Diatomeentyp","Diatomeentyp des Wasserköpers verwendet in der Bewertung der Messstelle (siehe Tabelle WAGUET_OWNER_SCHLUESSEL_WERT_TEXT)","PHYLIB 5.3","Makrophyten",NA,"365190","5803780","DS 12",NA,NA,"DELW_DEBB80001585119"
"2292","80001585119","Templiner See bei Potsdam",NA,"2782","2017","I_UMG","Index aus der unteren Makrophytengrenze, Teilindex des MIB","MIB 2004","Makrophyten",NA,"363992","5802773","0-1,5",NA,NA,"DELW_DEBB80001585119"
"2293","80001585119","Templiner See bei Potsdam",NA,"2788","2014","Diatomeentyp","Diatomeentyp des Wasserköpers verwendet in der Bewertung der Messstelle (siehe Tabelle WAGUET_OWNER_SCHLUESSEL_WERT_TEXT)","PHYLIB 5.3","Diatomeen",NA,"367324","5806098","DS 12",NA,NA,"DELW_DEBB80001585119"
"2294","80001585119","Templiner See bei Potsdam",NA,"2788","2014","M_RAQ","See; Modul Referenzartenquotien","PHYLIB 5.3","Diatomeen",NA,"367324","5806098","0-,81",NA,NA,"DELW_DEBB80001585119"
"2295","80001585119","Templiner See bei Potsdam",NA,"S_0303","1997","Chl_MW","Jahresmittelwert Chl-a in µg/l","nicht bekannt","Chemie (See und FG)",NA,NA,NA,"82,87",NA,NA,"DELW_DEBB80001585119"
"2296","80001585119","Templiner See bei Potsdam",NA,"80001585119_HM","2020","MST Typ_Nr","PP-Subtyp der bewerteten MST im Jahr der Untersuchung","PhytoSee 7.1 (2020)","Phytoplankton",NA,"362862,484252","5801820,18745","PP 12",NA,NA,"DELW_DEBB80001585119"
"2297","80001585119","Templiner See bei Potsdam",NA,"80001585119_HM","2017","MST IST_PTSI_WERT","Phytoplankton-Taxa-Seen-Index Ist-Wert im Jahresmittel für die Messstelle","PhytoSee 7.0 (15.12.2017)","Phytoplankton",NA,"362862,484252","5801820,18745","3,95",NA,NA,"DELW_DEBB80001585119"
"2298","80001585119","Templiner See bei Potsdam",NA,"2785","2023","RAQ gesichert","RAQ gesichert","PHYLIB 5.3","Makrophyten",NA,"365810","5803844","0",NA,NA,"DELW_DEBB80001585119"
"2299","80001585119","Templiner See bei Potsdam",NA,"80001585119_HM","2023","MST G_Algenklasse",NA,"PhytoSee Online 8.0.3 (09.04.2024)","Phytoplankton",NA,"362862,484252","5801820,18745","3",NA,NA,"DELW_DEBB80001585119"
"2300","80001585119","Templiner See bei Potsdam",NA,"80001585119_HM","2017","MST Algenklassen_Metrik","Bewertung anhand des Mittelwertergebnisses aller Einzel-Klassenmetriks je Seentyp unter der Regel: Wenn Bewertungswert <0,5 dann gleich Wert 0,5 oder wenn Bewertungswert >5,5 dann gleich Wert 5,5","PhytoSee 7.0 (15.12.2017)","Phytoplankton",NA,"362862,484252","5801820,18745","1,89",NA,NA,"DELW_DEBB80001585119"
"2301","80001585119","Templiner See bei Potsdam",NA,"2782","2014","Teilbewertung Diatomeen/Zustands-/Potentialklasse FGW und Seen","FGW, See; Bewertung der Messstelle (1 bis 5 möglich), bei Wert='999' ist das Ergebnis ungesichert; (bei FGW-Halobienindex und Versauerung wird berücksichtigt)","PHYLIB 5.3","Diatomeen",NA,"363992","5802773","2",NA,NA,"DELW_DEBB80001585119"
"2302","80001585119","Templiner See bei Potsdam",NA,"80001585119_HM","2023","MST Gesamtbiovolumen in mm3/l","Gesamtbiovolumen Saison (mm3/l) im Mittel Mittel März - November","PhytoSee Online 8.0.3 (09.04.2024)","Phytoplankton",NA,"362862,484252","5801820,18745","2,02",NA,NA,"DELW_DEBB80001585119"
"2303","80001585119","Templiner See bei Potsdam",NA,"80001585119_HM","2023","MST PTSI H/G","H/G PTSI vom Typ","PhytoSee Online 8.0.3 (09.04.2024)","Phytoplankton",NA,"362862,484252","5801820,18745","3",NA,NA,"DELW_DEBB80001585119"
"2304","80001585119","Templiner See bei Potsdam",NA,"80001585119_HM","2009","TNb_Sommer","Stickstoffkonz. im Sommer","LAWA-TI Gewässerbewertung stehender Gewässer","Chemie (See und FG)",NA,"362862,484252","5801820,18745","2,83",NA,NA,"DELW_DEBB80001585119"
"2305","80001585119","Templiner See bei Potsdam",NA,"S_0303","1996","Sichttiefe_Jahesmittel","Sichttiefe_Jahesmittel in m","nicht bekannt","Chemie (See und FG)",NA,NA,NA,"1,21",NA,NA,"DELW_DEBB80001585119"
"2306","80001585119","Templiner See bei Potsdam",NA,"2788","2023","Makrophytentyp","Makrophytentyp des Wasserköpers verwendet in der Bewertung der Messstelle (siehe Tabelle WAGUET_OWNER_SCHLUESSEL_WERT_TEXT)","PHYLIB 5.3","Makrophyten",NA,"367324","5806098","TKp - 12",NA,NA,"DELW_DEBB80001585119"
"2307","80001585119","Templiner See bei Potsdam",NA,"80001585119_HM","2014","Sichttiefe_Saison_Anzahl",NA,"LAWA-TI Gewässerbewertung stehender Gewässer","Chemie (See und FG)",NA,"362862,484252","5801820,18745","7",NA,NA,"DELW_DEBB80001585119"
"2308","80001585119","Templiner See bei Potsdam",NA,"80001585119_HM","2006","TI_akt","LAWA-Trophieindex","LAWA-TI Gewässerbewertung stehender Gewässer","Chemie (See und FG)",NA,"362862,484252","5801820,18745","4,27",NA,NA,"DELW_DEBB80001585119"
"2309","80001585119","Templiner See bei Potsdam",NA,"80001585119_HM","2014","MST Chloro-Bewertung","Bewertung Chloro für Messstelle und Jahr","PhytoSee 7.0 (15.12.2017)","Phytoplankton",NA,"362862,484252","5801820,18745","0,6502",NA,NA,"DELW_DEBB80001585119"
"2310","80001585119","Templiner See bei Potsdam",NA,"2783","2009","Teilbewertung Diatomeen, vorläufig/FGW - Ergebnis ohne Salzbelastung & See - vorläufige Bewertung","See, FGW; Bewertung der Messstelle (1 bis 5 möglich), bei Wert='999' ist das Ergebnis ungesichert; Seen - TI-Anteil, RAQ-Arten und TI-Anzahl wird berücksichtigt","PHYLIB 4.1","Diatomeen",NA,"365183","5802604","3",NA,NA,"DELW_DEBB80001585119"
"2311","80001585119","Templiner See bei Potsdam",NA,"2782","2023","Makrophytentyp","Makrophytentyp des Wasserköpers verwendet in der Bewertung der Messstelle (siehe Tabelle WAGUET_OWNER_SCHLUESSEL_WERT_TEXT)","PHYLIB 5.3","Makrophyten",NA,"363992","5802773","TKp - 12",NA,NA,"DELW_DEBB80001585119"
"2312","80001585119","Templiner See bei Potsdam",NA,"80001585119_HM","2009","ST_Saison",NA,"LAWA-TI Gewässerbewertung stehender Gewässer","Chemie (See und FG)",NA,"362862,484252","5801820,18745","1,03",NA,NA,"DELW_DEBB80001585119"
"2313","80001585119","Templiner See bei Potsdam",NA,"80001585119_HM","2023","MST TypPTSI_Ref","PTSI-Referenz für den Typ","PhytoSee Online 8.0.3 (09.04.2024)","Phytoplankton",NA,"362862,484252","5801820,18745","2,5",NA,NA,"DELW_DEBB80001585119"
"2314","80001585119","Templiner See bei Potsdam",NA,"2788","2023","Teilbewertung Makrophyten","Bewertung der Messstelle (1 bis 5 möglich), bei leeren Feld ist das Ergebnis ungesichert","PHYLIB 5.3","Makrophyten",NA,"367324","5806098","4",NA,NA,"DELW_DEBB80001585119"
"2315","80001585119","Templiner See bei Potsdam",NA,"80001585119_HM","2020","Chl_Saison_Anzahl",NA,"LAWA-TI Gewässerbewertung stehender Gewässer","Chemie (See und FG)",NA,"362862,484252","5801820,18745","10",NA,NA,"DELW_DEBB80001585119"
"2316","80001585119","Templiner See bei Potsdam",NA,"2786","2014","Teilbewertung Diatomeen/Zustands-/Potentialklasse FGW und Seen","FGW, See; Bewertung der Messstelle (1 bis 5 möglich), bei Wert='999' ist das Ergebnis ungesichert; (bei FGW-Halobienindex und Versauerung wird berücksichtigt)","PHYLIB 5.3","Diatomeen",NA,"366360","5804440","2",NA,NA,"DELW_DEBB80001585119"
"2317","80001585119","Templiner See bei Potsdam",NA,"2782","2014","M_RAQ","See; Modul Referenzartenquotien","PHYLIB 5.3","Diatomeen",NA,"363992","5802773","0-,38",NA,NA,"DELW_DEBB80001585119"
"2318","80001585119","Templiner See bei Potsdam",NA,"2787","2023","Gesamthäufigkeit (prozent) D","Gesamthäufigkeit [%] D","PHYLIB 5.3","Makrophyten",NA,"365747","5804984","0",NA,NA,"DELW_DEBB80001585119"
"2319","80001585119","Templiner See bei Potsdam",NA,"80001585119_HM","2014","TP_Frühjahr",NA,"LAWA-TI Gewässerbewertung stehender Gewässer","Chemie (See und FG)",NA,"362862,484252","5801820,18745","86",NA,NA,"DELW_DEBB80001585119"
"2320","80001585119","Templiner See bei Potsdam",NA,"2784","2023","Vegetationsgrenze plausibel","Vegetationsgrenze plausibel","PHYLIB 5.3","Makrophyten",NA,"365190","5803780","true",NA,NA,"DELW_DEBB80001585119"
"2321","80001585119","Templiner See bei Potsdam",NA,"80001585119_HM","2020","MST G_Algenklasse",NA,"PhytoSee 7.1 (2020)","Phytoplankton",NA,"362862,484252","5801820,18745","3",NA,NA,"DELW_DEBB80001585119"
"2322","80001585119","Templiner See bei Potsdam",NA,"2788","2014","vorlaeufigeBewertung","See; Fließgew; vorläufige Bewertung der Messstelle, (FGW - Halobienindex und Versauerung wird nicht berücksichtigt; Seen - TI-Anteil, RAQ-Arten und TI-Anzahl wird nicht berücksichtigt)","PHYLIB 5.3","Diatomeen",NA,"367324","5806098","4",NA,NA,"DELW_DEBB80001585119"
"2323","80001585119","Templiner See bei Potsdam",NA,"80001585119_HM","2023","TI_akt","LAWA-Trophieindex","LAWA-TI Gewässerbewertung stehender Gewässer","Chemie (See und FG)",NA,"362862,484252","5801820,18745","3,17",NA,NA,"DELW_DEBB80001585119"
"2324","80001585119","Templiner See bei Potsdam",NA,"2782","2023","Vegetationsgrenze plausibel","Vegetationsgrenze plausibel","PHYLIB 5.3","Makrophyten",NA,"363992","5802773","true",NA,NA,"DELW_DEBB80001585119"
"2325","80001585119","Templiner See bei Potsdam",NA,"80001585119_HM","2023","MST N_Tage",NA,"PhytoSee Online 8.0.3 (09.04.2024)","Phytoplankton",NA,"362862,484252","5801820,18745","6",NA,NA,"DELW_DEBB80001585119"
"2326","80001585119","Templiner See bei Potsdam",NA,"80001585119_HM","2020","MST Schichtungsverhalten",NA,"PhytoSee 7.1 (2020)","Phytoplankton",NA,"362862,484252","5801820,18745","ungeschichtet",NA,NA,"DELW_DEBB80001585119"
"2327","80001585119","Templiner See bei Potsdam",NA,"2781","2023","WRRL-Fließgewässertyp","WRRL-Fließgewässertyp und -Seetyp verwendet in der Bewertung der Messstelle (siehe Tabelle WAGUET_OWNER_SCHLUESSEL_WERT_TEXT)","PHYLIB 5.3","Makrophyten",NA,"362774","5802625","12",NA,NA,"DELW_DEBB80001585119"
"2328","80001585119","Templiner See bei Potsdam",NA,"2781","2023","M-sicher","M-sicher","PHYLIB 5.3","Makrophyten",NA,"362774","5802625","true",NA,NA,"DELW_DEBB80001585119"
"2329","80001585119","Templiner See bei Potsdam",NA,"2787","2023","RAQ gesichert","RAQ gesichert","PHYLIB 5.3","Makrophyten",NA,"365747","5804984","0",NA,NA,"DELW_DEBB80001585119"
"2330","80001585119","Templiner See bei Potsdam",NA,"80001585119_HM","2020","MST G_PTSI",NA,"PhytoSee 7.1 (2020)","Phytoplankton",NA,"362862,484252","5801820,18745","2",NA,NA,"DELW_DEBB80001585119"
"2331","80001585119","Templiner See bei Potsdam",NA,"2787","2014","Teilbewertung Diatomeen/Zustands-/Potentialklasse FGW und Seen","FGW, See; Bewertung der Messstelle (1 bis 5 möglich), bei Wert='999' ist das Ergebnis ungesichert; (bei FGW-Halobienindex und Versauerung wird berücksichtigt)","PHYLIB 5.3","Diatomeen",NA,"365747","5804984","4",NA,NA,"DELW_DEBB80001585119"
"2332","80001585119","Templiner See bei Potsdam",NA,"2785","2023","M-sicher","M-sicher","PHYLIB 5.3","Makrophyten",NA,"365810","5803844","true",NA,NA,"DELW_DEBB80001585119"
"2333","80001585119","Templiner See bei Potsdam",NA,"2782","2023","Gesamthäufigkeit (prozent) D","Gesamthäufigkeit [%] D","PHYLIB 5.3","Makrophyten",NA,"363992","5802773","0",NA,NA,"DELW_DEBB80001585119"
"2334","80001585119","Templiner See bei Potsdam",NA,"80001585119_HM","2023","MST MaxvonMonat",NA,"PhytoSee Online 8.0.3 (09.04.2024)","Phytoplankton",NA,"362862,484252","5801820,18745","10",NA,NA,"DELW_DEBB80001585119"
"2335","80001585119","Templiner See bei Potsdam",NA,"2788","2014","Teilbewertung Diatomeen, vorläufig/FGW - Ergebnis ohne Salzbelastung & See - vorläufige Bewertung","See, FGW; Bewertung der Messstelle (1 bis 5 möglich), bei Wert='999' ist das Ergebnis ungesichert; Seen - TI-Anteil, RAQ-Arten und TI-Anzahl wird berücksichtigt","PHYLIB 5.3","Diatomeen",NA,"367324","5806098","4",NA,NA,"DELW_DEBB80001585119"
"2336","80001585119","Templiner See bei Potsdam",NA,"2787","2014","M_RAQ","See; Modul Referenzartenquotien","PHYLIB 5.3","Diatomeen",NA,"365747","5804984","0-,7",NA,NA,"DELW_DEBB80001585119"
"2337","80001585119","Templiner See bei Potsdam",NA,"2782","2014","M_TILNord / Trophieindex (umger.)","See; Modul Trophie-Index (Wert zwischen 0 und 1)","PHYLIB 5.3","Diatomeen",NA,"363992","5802773","0,816",NA,NA,"DELW_DEBB80001585119"
"2338","80001585119","Templiner See bei Potsdam",NA,"2781","2017","I_Arten","Artindex, Teilindex des MIB","MIB 2004","Makrophyten",NA,"362774","5802625","0-,97",NA,NA,"DELW_DEBB80001585119"
"2339","80001585119","Templiner See bei Potsdam",NA,"80001585119_HM","2009","TP_MW","Mittelwert TP in mg/l (Messergb.)","LAWA-TI Gewässerbewertung stehender Gewässer","Chemie (See und FG)",NA,"362862,484252","5801820,18745","185,33",NA,NA,"DELW_DEBB80001585119"
"2340","80001585119","Templiner See bei Potsdam",NA,"2785","2023","Vegetationsgrenze","Vegetationsgrenze","PHYLIB 5.3","Makrophyten",NA,"365810","5803844","2,1",NA,NA,"DELW_DEBB80001585119"
"2341","80001585119","Templiner See bei Potsdam",NA,"2788","2023","M-sicher","M-sicher","PHYLIB 5.3","Makrophyten",NA,"367324","5806098","false",NA,NA,"DELW_DEBB80001585119"
"2342","80001585119","Templiner See bei Potsdam",NA,"2788","2023","Bew. Makrophyten (dezimal)","Bew. Makrophyten (dezimal)","PHYLIB 5.3","Makrophyten",NA,"367324","5806098","3,83",NA,NA,"DELW_DEBB80001585119"
"2343","80001585119","Templiner See bei Potsdam",NA,"80001585119_HM","2023","MST PTSI_Bew","PTSI-Bewertung für Messstelle und Jahr","PhytoSee Online 8.0.3 (09.04.2024)","Phytoplankton",NA,"362862,484252","5801820,18745","2,38",NA,NA,"DELW_DEBB80001585119"
"2344","80001585119","Templiner See bei Potsdam",NA,"2787","2023","Teilbewertung Makrophyten","Bewertung der Messstelle (1 bis 5 möglich), bei leeren Feld ist das Ergebnis ungesichert","PHYLIB 5.3","Makrophyten",NA,"365747","5804984","4",NA,NA,"DELW_DEBB80001585119"
"2345","80001585119","Templiner See bei Potsdam",NA,"2787","2017","MIB","Makrophytenindex Brandenburg","nicht bekannt","Makrophyten",NA,"365747","5804984","3,17",NA,NA,"DELW_DEBB80001585119"
"2346","80001585119","Templiner See bei Potsdam",NA,"80001585119_HM","2023","TP_Saison",NA,"LAWA-TI Gewässerbewertung stehender Gewässer","Chemie (See und FG)",NA,"362862,484252","5801820,18745","204,5",NA,NA,"DELW_DEBB80001585119"
"2347","80001585119","Templiner See bei Potsdam",NA,"S_0303","1995","Sichttiefe_Jahesmittel","Sichttiefe_Jahesmittel in m","nicht bekannt","Chemie (See und FG)",NA,NA,NA,"1,08",NA,NA,"DELW_DEBB80001585119"
"2348","80001585119","Templiner See bei Potsdam",NA,"2784","2014","M_TILNord / Trophieindex (umger.)","See; Modul Trophie-Index (Wert zwischen 0 und 1)","PHYLIB 5.3","Diatomeen",NA,"365190","5803780","0,664",NA,NA,"DELW_DEBB80001585119"
"2349","80001585119","Templiner See bei Potsdam",NA,"80001585119_HM","2014","MST PSI Phyto-See-Index","PSI als Zahl für Messstelle und Jahr","PhytoSee 7.0 (15.12.2017)","Phytoplankton",NA,"362862,484252","5801820,18745","1,52",NA,NA,"DELW_DEBB80001585119"
"2350","80001585119","Templiner See bei Potsdam",NA,"2787","2023","Diatomeentyp","Diatomeentyp des Wasserköpers verwendet in der Bewertung der Messstelle (siehe Tabelle WAGUET_OWNER_SCHLUESSEL_WERT_TEXT)","PHYLIB 5.3","Makrophyten",NA,"365747","5804984","DS 12",NA,NA,"DELW_DEBB80001585119"
"2351","80001585119","Templiner See bei Potsdam",NA,"2783","2023","M-sicher","M-sicher","PHYLIB 5.3","Makrophyten",NA,"365183","5802604","true",NA,NA,"DELW_DEBB80001585119"
"2352","80001585119","Templiner See bei Potsdam",NA,"2782","2014","WRRL-Fließgewässertyp","WRRL-Fließgewässertyp und -Seetyp verwendet in der Bewertung der Messstelle (siehe Tabelle WAGUET_OWNER_SCHLUESSEL_WERT_TEXT)","PHYLIB 5.3","Diatomeen",NA,"363992","5802773","12",NA,NA,"DELW_DEBB80001585119"
"2353","80001585119","Templiner See bei Potsdam",NA,"2784","2023","Vegetationsgrenze","Vegetationsgrenze","PHYLIB 5.3","Makrophyten",NA,"365190","5803780","2,3",NA,NA,"DELW_DEBB80001585119"
"2354","80001585119","Templiner See bei Potsdam",NA,"80001585119_HM","2023","MST Maximum Chla µg/l",NA,"PhytoSee Online 8.0.3 (09.04.2024)","Phytoplankton",NA,"362862,484252","5801820,18745","26",NA,NA,"DELW_DEBB80001585119"
"2355","80001585119","Templiner See bei Potsdam",NA,"80001585119_HM","2014","MST Diff PTSI-RefTrophie","Differenz zwischen PTSI und Referenztrophiefür Messstelle und Jahr","PhytoSee 7.0 (15.12.2017)","Phytoplankton",NA,"362862,484252","5801820,18745","1,1",NA,NA,"DELW_DEBB80001585119"
"2356","80001585119","Templiner See bei Potsdam",NA,"2786","2023","Teilbewertung Makrophyten","Bewertung der Messstelle (1 bis 5 möglich), bei leeren Feld ist das Ergebnis ungesichert","PHYLIB 5.3","Makrophyten",NA,"366360","5804440","4",NA,NA,"DELW_DEBB80001585119"
"2357","80001585119","Templiner See bei Potsdam",NA,"80001585119_HM","2020","MST Chla µg/l",NA,"PhytoSee 7.1 (2020)","Phytoplankton",NA,"362862,484252","5801820,18745","19,38",NA,NA,"DELW_DEBB80001585119"
"2358","80001585119","Templiner See bei Potsdam",NA,"80001585119_HM","2017","MST Typ_Nr","PP-Subtyp der bewerteten MST im Jahr der Untersuchung","PhytoSee 7.0 (15.12.2017)","Phytoplankton",NA,"362862,484252","5801820,18745","PP 12",NA,NA,"DELW_DEBB80001585119"
"2359","80001585119","Templiner See bei Potsdam",NA,"2782","2023","WRRL-Fließgewässertyp","WRRL-Fließgewässertyp und -Seetyp verwendet in der Bewertung der Messstelle (siehe Tabelle WAGUET_OWNER_SCHLUESSEL_WERT_TEXT)","PHYLIB 5.3","Makrophyten",NA,"363992","5802773","12",NA,NA,"DELW_DEBB80001585119"
"2360","80001585119","Templiner See bei Potsdam",NA,"2787","2017","I_Arten","Artindex, Teilindex des MIB","MIB 2004","Makrophyten",NA,"365747","5804984","0-1,77",NA,NA,"DELW_DEBB80001585119"
"2361","80001585119","Templiner See bei Potsdam",NA,"2782","2023","Bewertung (dezimal)","Bewertung (dezimal)","PHYLIB 5.3","Makrophyten",NA,"363992","5802773","5,49",NA,NA,"DELW_DEBB80001585119"
"2362","80001585119","Templiner See bei Potsdam",NA,"80001585119_HM","2014","MST Beprobung konform?","Beprobung methodenkonform oder nicht? für Messstelle und Jahr","PhytoSee 7.0 (15.12.2017)","Phytoplankton",NA,"362862,484252","5801820,18745","ok",NA,NA,"DELW_DEBB80001585119"
"2363","80001585119","Templiner See bei Potsdam",NA,"2781","2023","Gesamthäufigkeit (prozent) D","Gesamthäufigkeit [%] D","PHYLIB 5.3","Makrophyten",NA,"362774","5802625","0",NA,NA,"DELW_DEBB80001585119"
"2364","80001585119","Templiner See bei Potsdam",NA,"2784","2014","Diatomeentyp","Diatomeentyp des Wasserköpers verwendet in der Bewertung der Messstelle (siehe Tabelle WAGUET_OWNER_SCHLUESSEL_WERT_TEXT)","PHYLIB 5.3","Diatomeen",NA,"365190","5803780","DS 12",NA,NA,"DELW_DEBB80001585119"
"2365","80001585119","Templiner See bei Potsdam",NA,"80001585119_HM","2006","ST_Saison",NA,"LAWA-TI Gewässerbewertung stehender Gewässer","Chemie (See und FG)",NA,"362862,484252","5801820,18745","0,7333",NA,NA,"DELW_DEBB80001585119"
"2366","80001585119","Templiner See bei Potsdam",NA,"2781","2023","Teilbewertung Makrophyten","Bewertung der Messstelle (1 bis 5 möglich), bei leeren Feld ist das Ergebnis ungesichert","PHYLIB 5.3","Makrophyten",NA,"362774","5802625","5",NA,NA,"DELW_DEBB80001585119"
"2367","80001585119","Templiner See bei Potsdam",NA,"2781","2014","M_RAQ","See; Modul Referenzartenquotien","PHYLIB 5.3","Diatomeen",NA,"362774","5802625","0-,86",NA,NA,"DELW_DEBB80001585119"
"2368","80001585119","Templiner See bei Potsdam",NA,"80001585119_HM","2006","Sichttiefe_Saison_Anzahl",NA,"LAWA-TI Gewässerbewertung stehender Gewässer","Chemie (See und FG)",NA,"362862,484252","5801820,18745","7",NA,NA,"DELW_DEBB80001585119"
"2369","80001585119","Templiner See bei Potsdam",NA,"2788","2023","Vegetationsgrenze plausibel","Vegetationsgrenze plausibel","PHYLIB 5.3","Makrophyten",NA,"367324","5806098","true",NA,NA,"DELW_DEBB80001585119"
"2370","80001585119","Templiner See bei Potsdam",NA,"2784","2023","Teilbewertung Makrophyten","Bewertung der Messstelle (1 bis 5 möglich), bei leeren Feld ist das Ergebnis ungesichert","PHYLIB 5.3","Makrophyten",NA,"365190","5803780","5",NA,NA,"DELW_DEBB80001585119"
"2371","80001585119","Templiner See bei Potsdam",NA,"2783","2023","Diatomeentyp","Diatomeentyp des Wasserköpers verwendet in der Bewertung der Messstelle (siehe Tabelle WAGUET_OWNER_SCHLUESSEL_WERT_TEXT)","PHYLIB 5.3","Makrophyten",NA,"365183","5802604","DS 12",NA,NA,"DELW_DEBB80001585119"
"2372","80001585119","Templiner See bei Potsdam",NA,"2786","2023","WRRL-Fließgewässertyp","WRRL-Fließgewässertyp und -Seetyp verwendet in der Bewertung der Messstelle (siehe Tabelle WAGUET_OWNER_SCHLUESSEL_WERT_TEXT)","PHYLIB 5.3","Makrophyten",NA,"366360","5804440","12",NA,NA,"DELW_DEBB80001585119"
"2373","80001585119","Templiner See bei Potsdam",NA,"2782","2014","TIL_Nord","See; berechneter Trophie-Index Nord","PHYLIB 5.3","Diatomeen",NA,"363992","5802773","2",NA,NA,"DELW_DEBB80001585119"
"2374","80001585119","Templiner See bei Potsdam",NA,"80001585119_HM","2006","Chl_Saison",NA,"LAWA-TI Gewässerbewertung stehender Gewässer","Chemie (See und FG)",NA,"362862,484252","5801820,18745","67,65",NA,NA,"DELW_DEBB80001585119"
"2375","80001585119","Templiner See bei Potsdam",NA,"80001585119_HM","2020","MST Version-Programm",NA,"PhytoSee 7.1 (2020)","Phytoplankton",NA,"362862,484252","5801820,18745","PhytoSee 7.1 (08.06.2020)",NA,NA,"DELW_DEBB80001585119"
"2376","80001585119","Templiner See bei Potsdam",NA,"2784","2009","Teilbewertung Diatomeen, vorläufig/FGW - Ergebnis ohne Salzbelastung & See - vorläufige Bewertung","See, FGW; Bewertung der Messstelle (1 bis 5 möglich), bei Wert='999' ist das Ergebnis ungesichert; Seen - TI-Anteil, RAQ-Arten und TI-Anzahl wird berücksichtigt","PHYLIB 4.1","Diatomeen",NA,"365190","5803780","3",NA,NA,"DELW_DEBB80001585119"
"2377","80001585119","Templiner See bei Potsdam",NA,"2788","2017","I_UMG","Index aus der unteren Makrophytengrenze, Teilindex des MIB","MIB 2004","Makrophyten",NA,"367324","5806098","0-2,14",NA,NA,"DELW_DEBB80001585119"
"2378","80001585119","Templiner See bei Potsdam",NA,"S_0303","1993","Chl_MW","Jahresmittelwert Chl-a in µg/l","nicht bekannt","Chemie (See und FG)",NA,NA,NA,"120,06",NA,NA,"DELW_DEBB80001585119"
"2379","80001585119","Templiner See bei Potsdam",NA,"S_0303","2000","Chl_MW","Jahresmittelwert Chl-a in µg/l","nicht bekannt","Chemie (See und FG)",NA,NA,NA,"79,53",NA,NA,"DELW_DEBB80001585119"
"2380","80001585119","Templiner See bei Potsdam",NA,"2781","2023","Bew. Makrophyten (dezimal)","Bew. Makrophyten (dezimal)","PHYLIB 5.3","Makrophyten",NA,"362774","5802625","5,49",NA,NA,"DELW_DEBB80001585119"
"2381","80001585119","Templiner See bei Potsdam",NA,"80001585119_HM","2023","MST G_PTSI",NA,"PhytoSee Online 8.0.3 (09.04.2024)","Phytoplankton",NA,"362862,484252","5801820,18745","2",NA,NA,"DELW_DEBB80001585119"
"2382","80001585119","Templiner See bei Potsdam",NA,"80001585119_HM","2023","MST Diff PTSI-RefTrophie","Differenz zwischen PTSI und Referenztrophiefür Messstelle und Jahr","PhytoSee Online 8.0.3 (09.04.2024)","Phytoplankton",NA,"362862,484252","5801820,18745","0,9421",NA,NA,"DELW_DEBB80001585119"
"2383","80001585119","Templiner See bei Potsdam",NA,"2781","2014","Teilbewertung Diatomeen, vorläufig/FGW - Ergebnis ohne Salzbelastung & See - vorläufige Bewertung","See, FGW; Bewertung der Messstelle (1 bis 5 möglich), bei Wert='999' ist das Ergebnis ungesichert; Seen - TI-Anteil, RAQ-Arten und TI-Anzahl wird berücksichtigt","PHYLIB 5.3","Diatomeen",NA,"362774","5802625","3",NA,NA,"DELW_DEBB80001585119"
"2384","80001585119","Templiner See bei Potsdam",NA,"2786","2023","Diatomeentyp","Diatomeentyp des Wasserköpers verwendet in der Bewertung der Messstelle (siehe Tabelle WAGUET_OWNER_SCHLUESSEL_WERT_TEXT)","PHYLIB 5.3","Makrophyten",NA,"366360","5804440","DS 12",NA,NA,"DELW_DEBB80001585119"
"2385","80001585119","Templiner See bei Potsdam",NA,"2788","2014","TIL_Nord","See; berechneter Trophie-Index Nord","PHYLIB 5.3","Diatomeen",NA,"367324","5806098","4,01",NA,NA,"DELW_DEBB80001585119"
"2386","80001585119","Templiner See bei Potsdam",NA,"S_0303","2004","Chl_MW","Jahresmittelwert Chl-a in µg/l","nicht bekannt","Chemie (See und FG)",NA,NA,NA,"128,15",NA,NA,"DELW_DEBB80001585119"
"2387","80001585119","Templiner See bei Potsdam",NA,"2781","2023","Diatomeentyp","Diatomeentyp des Wasserköpers verwendet in der Bewertung der Messstelle (siehe Tabelle WAGUET_OWNER_SCHLUESSEL_WERT_TEXT)","PHYLIB 5.3","Makrophyten",NA,"362774","5802625","DS 12",NA,NA,"DELW_DEBB80001585119"
"2388","80001585119","Templiner See bei Potsdam",NA,"80001585119_HM","2017","TP_Saison",NA,"LAWA-TI Gewässerbewertung stehender Gewässer","Chemie (See und FG)",NA,"362862,484252","5801820,18745","182,83",NA,NA,"DELW_DEBB80001585119"
"2389","80001585119","Templiner See bei Potsdam",NA,"80001585119_HM","2009","TP_Frühjahr",NA,"LAWA-TI Gewässerbewertung stehender Gewässer","Chemie (See und FG)",NA,"362862,484252","5801820,18745","170",NA,NA,"DELW_DEBB80001585119"
"2390","80001585119","Templiner See bei Potsdam",NA,"2785","2014","WRRL-Fließgewässertyp","WRRL-Fließgewässertyp und -Seetyp verwendet in der Bewertung der Messstelle (siehe Tabelle WAGUET_OWNER_SCHLUESSEL_WERT_TEXT)","PHYLIB 5.3","Diatomeen",NA,"365810","5803844","12",NA,NA,"DELW_DEBB80001585119"
"2391","80001585119","Templiner See bei Potsdam",NA,"2788","2017","MIB","Makrophytenindex Brandenburg","MIB 2004","Makrophyten",NA,"367324","5806098","3,1",NA,NA,"DELW_DEBB80001585119"
"2392","80001585119","Templiner See bei Potsdam",NA,"80001585119_HM","2023","MST Chloro-Bewertung","Bewertung Chloro für Messstelle und Jahr","PhytoSee Online 8.0.3 (09.04.2024)","Phytoplankton",NA,"362862,484252","5801820,18745","3,04",NA,NA,"DELW_DEBB80001585119"
"2393","80001585119","Templiner See bei Potsdam",NA,"S_0303","2006","Sichttiefe_Jahesmittel","Sichttiefe_Jahesmittel in m","nicht bekannt","Chemie (See und FG)",NA,NA,NA,"0,7333",NA,NA,"DELW_DEBB80001585119"
"2394","80001585119","Templiner See bei Potsdam",NA,"2783","2023","Teilbewertung Makrophyten","Bewertung der Messstelle (1 bis 5 möglich), bei leeren Feld ist das Ergebnis ungesichert","PHYLIB 5.3","Makrophyten",NA,"365183","5802604","5",NA,NA,"DELW_DEBB80001585119"
"2395","80001585119","Templiner See bei Potsdam",NA,"2788","2014","M_TILNord / Trophieindex (umger.)","See; Modul Trophie-Index (Wert zwischen 0 und 1)","PHYLIB 5.3","Diatomeen",NA,"367324","5806098","0,394",NA,NA,"DELW_DEBB80001585119"
"2396","80001585119","Templiner See bei Potsdam",NA,"2788","2014","Makrophytentyp","Makrophytentyp des Wasserköpers verwendet in der Bewertung der Messstelle (siehe Tabelle WAGUET_OWNER_SCHLUESSEL_WERT_TEXT)","PHYLIB 5.3","Diatomeen",NA,"367324","5806098","TKp - 12",NA,NA,"DELW_DEBB80001585119"
"2397","80001585119","Templiner See bei Potsdam",NA,"2786","2014","aerophileArten%","See; Fließgew, sauerstoffliebende Arten in Prozent nach Schaumburg","PHYLIB 5.3","Diatomeen",NA,"366360","5804440","0",NA,NA,"DELW_DEBB80001585119"
"2398","80001585119","Templiner See bei Potsdam",NA,"2783","2023","Gesamthäufigkeit (prozent) D","Gesamthäufigkeit [%] D","PHYLIB 5.3","Makrophyten",NA,"365183","5802604","0",NA,NA,"DELW_DEBB80001585119"
"2399","80001585119","Templiner See bei Potsdam",NA,"2786","2023","Bew. Makrophyten (dezimal)","Bew. Makrophyten (dezimal)","PHYLIB 5.3","Makrophyten",NA,"366360","5804440","4,19",NA,NA,"DELW_DEBB80001585119"
"2400","80001585119","Templiner See bei Potsdam",NA,"80001585119_HM","2014","TNb_Sommer","Stickstoffkonz. im Sommer","LAWA-TI Gewässerbewertung stehender Gewässer","Chemie (See und FG)",NA,"362862,484252","5801820,18745","2,67",NA,NA,"DELW_DEBB80001585119"
"2401","80001585119","Templiner See bei Potsdam",NA,"2785","2017","MIB","Makrophytenindex Brandenburg","nicht bekannt","Makrophyten",NA,"365810","5803844","2,98",NA,NA,"DELW_DEBB80001585119"
"2402","80001585119","Templiner See bei Potsdam",NA,"80001585119_HM","2014","MST PTSI H/G","H/G PTSI vom Typ","PhytoSee 7.0 (15.12.2017)","Phytoplankton",NA,"362862,484252","5801820,18745","3",NA,NA,"DELW_DEBB80001585119"
"2403","80001585119","Templiner See bei Potsdam",NA,"S_0303","1994","Chl_MW","Jahresmittelwert Chl-a in µg/l","nicht bekannt","Chemie (See und FG)",NA,NA,NA,"45,8",NA,NA,"DELW_DEBB80001585119"
"2404","80001585119","Templiner See bei Potsdam",NA,"80001585119_HM","2023","MST Beprobung konform?","Beprobung methodenkonform oder nicht? für Messstelle und Jahr","PhytoSee Online 8.0.3 (09.04.2024)","Phytoplankton",NA,"362862,484252","5801820,18745","Phyto-Beprobung ok,incl. Märzprobe",NA,NA,"DELW_DEBB80001585119"
"2405","80001585119","Templiner See bei Potsdam",NA,"2787","2009","Teilbewertung Diatomeen, vorläufig/FGW - Ergebnis ohne Salzbelastung & See - vorläufige Bewertung","See, FGW; Bewertung der Messstelle (1 bis 5 möglich), bei Wert='999' ist das Ergebnis ungesichert; Seen - TI-Anteil, RAQ-Arten und TI-Anzahl wird berücksichtigt","PHYLIB 4.1","Diatomeen",NA,"365747","5804984","3",NA,NA,"DELW_DEBB80001585119"
"2406","80001585119","Templiner See bei Potsdam",NA,"80001585119_HM","2020","Bewertung Phytoplankton","Bi Phytoplankton ( nach neuer (2009) See-Typzuweisung und Phytosee 4) und Phytofliess","PhytoSee 7.1 (2020)","Phytoplankton",NA,"362862,484252","5801820,18745","2",NA,NA,"DELW_DEBB80001585119"
"2407","80001585119","Templiner See bei Potsdam",NA,"2784","2023","Makrophytenverödung","Makrophytenverödung","PHYLIB 5.3","Makrophyten",NA,"365190","5803780","false",NA,NA,"DELW_DEBB80001585119"
"2408","80001585119","Templiner See bei Potsdam",NA,"2785","2023","Bew. Makrophyten (dezimal)","Bew. Makrophyten (dezimal)","PHYLIB 5.3","Makrophyten",NA,"365810","5803844","3,91",NA,NA,"DELW_DEBB80001585119"
"2409","80001585119","Templiner See bei Potsdam",NA,"80001585119_HM","2020","MST PSI Phyto-See-Index","PSI als Zahl für Messstelle und Jahr","PhytoSee 7.1 (2020)","Phytoplankton",NA,"362862,484252","5801820,18745","2,04",NA,NA,"DELW_DEBB80001585119"
"2410","80001585119","Templiner See bei Potsdam",NA,"80001585119_HM","2017","MST PTSI_Bew","PTSI-Bewertung für Messstelle und Jahr","PhytoSee 7.0 (15.12.2017)","Phytoplankton",NA,"362862,484252","5801820,18745","3,4",NA,NA,"DELW_DEBB80001585119"
"2411","80001585119","Templiner See bei Potsdam",NA,"80001585119_HM","2014","Bewertung Phytoplankton","Bi Phytoplankton ( nach neuer (2009) See-Typzuweisung und Phytosee 4) und Phytofliess","PhytoSee 7.0 (15.12.2017)","Phytoplankton",NA,"362862,484252","5801820,18745","2",NA,NA,"DELW_DEBB80001585119"
"2412","80001585119","Templiner See bei Potsdam",NA,"2783","2014","M_TILNord / Trophieindex (umger.)","See; Modul Trophie-Index (Wert zwischen 0 und 1)","PHYLIB 5.3","Diatomeen",NA,"365183","5802604","0,702",NA,NA,"DELW_DEBB80001585119"
"2413","80001585119","Templiner See bei Potsdam",NA,"S_0303","1998","Chl_MW","Jahresmittelwert Chl-a in µg/l","nicht bekannt","Chemie (See und FG)",NA,NA,NA,"53,33",NA,NA,"DELW_DEBB80001585119"
"2414","80001585119","Templiner See bei Potsdam",NA,"2785","2023","Zustandsklasse","Zustands-/Potentialklasse","PHYLIB 5.3","Makrophyten",NA,"365810","5803844","4",NA,NA,"DELW_DEBB80001585119"
"2415","80001585119","Templiner See bei Potsdam",NA,"2784","2023","Zustandsklasse","Zustands-/Potentialklasse","PHYLIB 5.3","Makrophyten",NA,"365190","5803780","5",NA,NA,"DELW_DEBB80001585119"
"2416","80001585119","Templiner See bei Potsdam",NA,"80001585119_HM","2020","MST N_Tage",NA,"PhytoSee 7.1 (2020)","Phytoplankton",NA,"362862,484252","5801820,18745","6",NA,NA,"DELW_DEBB80001585119"
"2417","80001585119","Templiner See bei Potsdam",NA,"80001585119_HM","2023","MST IST_PTSI_WERT","Phytoplankton-Taxa-Seen-Index Ist-Wert im Jahresmittel für die Messstelle","PhytoSee Online 8.0.3 (09.04.2024)","Phytoplankton",NA,"362862,484252","5801820,18745","3,44",NA,NA,"DELW_DEBB80001585119"
"2418","80001585119","Templiner See bei Potsdam",NA,"80001585119_HM","2020","MST Bac_Crypto_S_Bew","Bewertung Bac_Crypto für Messstelle und Jahr","PhytoSee 7.1 (2020)","Phytoplankton",NA,"362862,484252","5801820,18745","2,04",NA,NA,"DELW_DEBB80001585119"
"2419","80001585119","Templiner See bei Potsdam",NA,"80001585119_HM","2020","MST Crypto_Cyan_S_Bew","Bewertung Crypto_Cyan für Messstelle und Jahr","PhytoSee 7.1 (2020)","Phytoplankton",NA,"362862,484252","5801820,18745","0,5845",NA,NA,"DELW_DEBB80001585119"
"2420","80001585119","Templiner See bei Potsdam",NA,"2781","2014","Diatomeentyp","Diatomeentyp des Wasserköpers verwendet in der Bewertung der Messstelle (siehe Tabelle WAGUET_OWNER_SCHLUESSEL_WERT_TEXT)","PHYLIB 5.3","Diatomeen",NA,"362774","5802625","DS 12",NA,NA,"DELW_DEBB80001585119"
"2421","80001585119","Templiner See bei Potsdam",NA,"80001585119_HM","2020","MST Maximum Chla µg/l",NA,"PhytoSee 7.1 (2020)","Phytoplankton",NA,"362862,484252","5801820,18745","46,6",NA,NA,"DELW_DEBB80001585119"
"2422","80001585119","Templiner See bei Potsdam",NA,"80001585119_HM","2023","MST Algenklassen_Metrik","Bewertung anhand des Mittelwertergebnisses aller Einzel-Klassenmetriks je Seentyp unter der Regel: Wenn Bewertungswert <0,5 dann gleich Wert 0,5 oder wenn Bewertungswert >5,5 dann gleich Wert 5,5","PhytoSee Online 8.0.3 (09.04.2024)","Phytoplankton",NA,"362862,484252","5801820,18745","1,45",NA,NA,"DELW_DEBB80001585119"
"2423","80001585119","Templiner See bei Potsdam",NA,"2785","2023","Diatomeentyp","Diatomeentyp des Wasserköpers verwendet in der Bewertung der Messstelle (siehe Tabelle WAGUET_OWNER_SCHLUESSEL_WERT_TEXT)","PHYLIB 5.3","Makrophyten",NA,"365810","5803844","DS 12",NA,NA,"DELW_DEBB80001585119"
"2424","80001585119","Templiner See bei Potsdam",NA,"2788","2014","WRRL-Fließgewässertyp","WRRL-Fließgewässertyp und -Seetyp verwendet in der Bewertung der Messstelle (siehe Tabelle WAGUET_OWNER_SCHLUESSEL_WERT_TEXT)","PHYLIB 5.3","Diatomeen",NA,"367324","5806098","12",NA,NA,"DELW_DEBB80001585119"
"2425","80001585119","Templiner See bei Potsdam",NA,"80001585119_HM","2014","ST_Saison",NA,"LAWA-TI Gewässerbewertung stehender Gewässer","Chemie (See und FG)",NA,"362862,484252","5801820,18745","1,77",NA,NA,"DELW_DEBB80001585119"
"2426","80001585119","Templiner See bei Potsdam",NA,"80001585119_HM","2006","Chl_Saison_Anzahl",NA,"LAWA-TI Gewässerbewertung stehender Gewässer","Chemie (See und FG)",NA,"362862,484252","5801820,18745","10",NA,NA,"DELW_DEBB80001585119"
"2427","80001585119","Templiner See bei Potsdam",NA,"2786","2014","Diatomeentyp","Diatomeentyp des Wasserköpers verwendet in der Bewertung der Messstelle (siehe Tabelle WAGUET_OWNER_SCHLUESSEL_WERT_TEXT)","PHYLIB 5.3","Diatomeen",NA,"366360","5804440","DS 12",NA,NA,"DELW_DEBB80001585119"
"2428","80001585119","Templiner See bei Potsdam",NA,"2782","2017","MIB","Makrophytenindex Brandenburg","nicht bekannt","Makrophyten",NA,"363992","5802773","3,12",NA,NA,"DELW_DEBB80001585119"
"2429","80001585119","Templiner See bei Potsdam",NA,"2782","2023","Vegetationsgrenze","Vegetationsgrenze","PHYLIB 5.3","Makrophyten",NA,"363992","5802773","1,2",NA,NA,"DELW_DEBB80001585119"
"2430","80001585119","Templiner See bei Potsdam",NA,"80001585119_HM","2020","MST G_Biomasse",NA,"PhytoSee 7.1 (2020)","Phytoplankton",NA,"362862,484252","5801820,18745","4",NA,NA,"DELW_DEBB80001585119"
"2431","80001585119","Templiner See bei Potsdam",NA,"80001585119_HM","2023","MST N_Indikatortaxa","mittlere Anzahl nutzbarer Indikatortaxa","PhytoSee Online 8.0.3 (09.04.2024)","Phytoplankton",NA,"362862,484252","5801820,18745","9",NA,NA,"DELW_DEBB80001585119"
"2432","80001585119","Templiner See bei Potsdam",NA,"80001585119_HM","2023","MST Crypto_Cyan_S_Bew","Bewertung Crypto_Cyan für Messstelle und Jahr","PhytoSee Online 8.0.3 (09.04.2024)","Phytoplankton",NA,"362862,484252","5801820,18745","0,4062",NA,NA,"DELW_DEBB80001585119"
"2433","80001585119","Templiner See bei Potsdam",NA,"2788","2014","Teilbewertung Diatomeen/Zustands-/Potentialklasse FGW und Seen","FGW, See; Bewertung der Messstelle (1 bis 5 möglich), bei Wert='999' ist das Ergebnis ungesichert; (bei FGW-Halobienindex und Versauerung wird berücksichtigt)","PHYLIB 5.3","Diatomeen",NA,"367324","5806098","4",NA,NA,"DELW_DEBB80001585119"
"2434","80001585119","Templiner See bei Potsdam",NA,"80001585119_HM","2009","Bewertung Phytoplankton","Bi Phytoplankton ( nach neuer (2009) See-Typzuweisung und Phytosee 4) und Phytofliess","PhytoSee 5.0 (2013)","Phytoplankton",NA,"362862,484252","5801820,18745","3",NA,NA,"DELW_DEBB80001585119"
"2435","80001585119","Templiner See bei Potsdam",NA,"2784","2023","Bewertung (dezimal)","Bewertung (dezimal)","PHYLIB 5.3","Makrophyten",NA,"365190","5803780","4,51",NA,NA,"DELW_DEBB80001585119"
"2436","80001585119","Templiner See bei Potsdam",NA,"2786","2023","Makrophytenverödung","Makrophytenverödung","PHYLIB 5.3","Makrophyten",NA,"366360","5804440","false",NA,NA,"DELW_DEBB80001585119"
"2437","80001585119","Templiner See bei Potsdam",NA,"80001585119_HM","2014","PhytoSee MST Expert_MST-PSI","Expertenurteil für Messstelle und Jahr","PhytoSee 7.0 (15.12.2017)","Phytoplankton",NA,"362862,484252","5801820,18745","PSI MST gültig",NA,NA,"DELW_DEBB80001585119"
"2438","80001585119","Templiner See bei Potsdam",NA,"2787","2023","Makrophytentyp","Makrophytentyp des Wasserköpers verwendet in der Bewertung der Messstelle (siehe Tabelle WAGUET_OWNER_SCHLUESSEL_WERT_TEXT)","PHYLIB 5.3","Makrophyten",NA,"365747","5804984","TKp - 12",NA,NA,"DELW_DEBB80001585119"
"2439","80001585119","Templiner See bei Potsdam",NA,"2784","2023","WRRL-Fließgewässertyp","WRRL-Fließgewässertyp und -Seetyp verwendet in der Bewertung der Messstelle (siehe Tabelle WAGUET_OWNER_SCHLUESSEL_WERT_TEXT)","PHYLIB 5.3","Makrophyten",NA,"365190","5803780","12",NA,NA,"DELW_DEBB80001585119"
"2440","80001585119","Templiner See bei Potsdam",NA,"2787","2009","Teilbewertung Diatomeen/Zustands-/Potentialklasse FGW und Seen","FGW, See; Bewertung der Messstelle (1 bis 5 möglich), bei Wert='999' ist das Ergebnis ungesichert; (bei FGW-Halobienindex und Versauerung wird berücksichtigt)","PHYLIB 4.1","Diatomeen",NA,"365747","5804984","3",NA,NA,"DELW_DEBB80001585119"
"2441","80001585119","Templiner See bei Potsdam",NA,"2783","2023","Makrophytenverödung","Makrophytenverödung","PHYLIB 5.3","Makrophyten",NA,"365183","5802604","false",NA,NA,"DELW_DEBB80001585119"
"2442","80001585119","Templiner See bei Potsdam",NA,"80001585119_HM","2017","MST Biomasse_Metrik","Metrik Biomasse  für Messstelle und Jahr","PhytoSee 7.0 (15.12.2017)","Phytoplankton",NA,"362862,484252","5801820,18745","1,47",NA,NA,"DELW_DEBB80001585119"
"2443","80001585119","Templiner See bei Potsdam",NA,"80001585119_HM","2014","MST PTSI_Bew","PTSI-Bewertung für Messstelle und Jahr","PhytoSee 7.0 (15.12.2017)","Phytoplankton",NA,"362862,484252","5801820,18745","2,7",NA,NA,"DELW_DEBB80001585119"
"2444","80001585119","Templiner See bei Potsdam",NA,"80001585119_HM","2020","MST PTSI H/G","H/G PTSI vom Typ","PhytoSee 7.1 (2020)","Phytoplankton",NA,"362862,484252","5801820,18745","3",NA,NA,"DELW_DEBB80001585119"
"2445","80001585119","Templiner See bei Potsdam",NA,"2785","2014","Diatomeentyp","Diatomeentyp des Wasserköpers verwendet in der Bewertung der Messstelle (siehe Tabelle WAGUET_OWNER_SCHLUESSEL_WERT_TEXT)","PHYLIB 5.3","Diatomeen",NA,"365810","5803844","DS 12",NA,NA,"DELW_DEBB80001585119"
"2446","80001585119","Templiner See bei Potsdam",NA,"2788","2023","Vegetationsgrenze","Vegetationsgrenze","PHYLIB 5.3","Makrophyten",NA,"367324","5806098","2,1",NA,NA,"DELW_DEBB80001585119"
"2447","80001585119","Templiner See bei Potsdam",NA,"2786","2023","Bewertung (dezimal)","Bewertung (dezimal)","PHYLIB 5.3","Makrophyten",NA,"366360","5804440","4,19",NA,NA,"DELW_DEBB80001585119"
"2448","80001585119","Templiner See bei Potsdam",NA,"2783","2014","Makrophytentyp","Makrophytentyp des Wasserköpers verwendet in der Bewertung der Messstelle (siehe Tabelle WAGUET_OWNER_SCHLUESSEL_WERT_TEXT)","PHYLIB 5.3","Diatomeen",NA,"365183","5802604","TKp - 12",NA,NA,"DELW_DEBB80001585119"
"2449","80001585119","Templiner See bei Potsdam",NA,"2781","2014","Teilbewertung Diatomeen/Zustands-/Potentialklasse FGW und Seen","FGW, See; Bewertung der Messstelle (1 bis 5 möglich), bei Wert='999' ist das Ergebnis ungesichert; (bei FGW-Halobienindex und Versauerung wird berücksichtigt)","PHYLIB 5.3","Diatomeen",NA,"362774","5802625","3",NA,NA,"DELW_DEBB80001585119"
"2450","80001585119","Templiner See bei Potsdam",NA,"2786","2014","TIL_Nord","See; berechneter Trophie-Index Nord","PHYLIB 5.3","Diatomeen",NA,"366360","5804440","3,01",NA,NA,"DELW_DEBB80001585119"
"2451","80001585119","Templiner See bei Potsdam",NA,"80001585119_HM","2020","TP_Saison",NA,"LAWA-TI Gewässerbewertung stehender Gewässer","Chemie (See und FG)",NA,"362862,484252","5801820,18745","183",NA,NA,"DELW_DEBB80001585119"
"2452","80001585119","Templiner See bei Potsdam",NA,"2784","2023","Gesamthäufigkeit (prozent) D","Gesamthäufigkeit [%] D","PHYLIB 5.3","Makrophyten",NA,"365190","5803780","0",NA,NA,"DELW_DEBB80001585119"
"2453","80001585119","Templiner See bei Potsdam",NA,"2788","2023","RAQ gesichert","RAQ gesichert","PHYLIB 5.3","Makrophyten",NA,"367324","5806098","0",NA,NA,"DELW_DEBB80001585119"
"2454","80001585119","Templiner See bei Potsdam",NA,"80001585119_HM","2020","MST Biomasse_Metrik","Metrik Biomasse  für Messstelle und Jahr","PhytoSee 7.1 (2020)","Phytoplankton",NA,"362862,484252","5801820,18745","1,6",NA,NA,"DELW_DEBB80001585119"
"2455","80001585119","Templiner See bei Potsdam",NA,"80001585119_HM","2017","MST Diff PTSI-RefTrophie","Differenz zwischen PTSI und Referenztrophiefür Messstelle und Jahr","PhytoSee 7.0 (15.12.2017)","Phytoplankton",NA,"362862,484252","5801820,18745","1,45",NA,NA,"DELW_DEBB80001585119"
"2456","80001585119","Templiner See bei Potsdam",NA,"2783","2023","Makrophytentyp","Makrophytentyp des Wasserköpers verwendet in der Bewertung der Messstelle (siehe Tabelle WAGUET_OWNER_SCHLUESSEL_WERT_TEXT)","PHYLIB 5.3","Makrophyten",NA,"365183","5802604","TKp - 12",NA,NA,"DELW_DEBB80001585119"
"2457","80001585119","Templiner See bei Potsdam",NA,"2786","2023","Makrophytentyp","Makrophytentyp des Wasserköpers verwendet in der Bewertung der Messstelle (siehe Tabelle WAGUET_OWNER_SCHLUESSEL_WERT_TEXT)","PHYLIB 5.3","Makrophyten",NA,"366360","5804440","TKp - 12",NA,NA,"DELW_DEBB80001585119"
"2458","80001585119","Templiner See bei Potsdam",NA,"2783","2014","Teilbewertung Diatomeen/Zustands-/Potentialklasse FGW und Seen","FGW, See; Bewertung der Messstelle (1 bis 5 möglich), bei Wert='999' ist das Ergebnis ungesichert; (bei FGW-Halobienindex und Versauerung wird berücksichtigt)","PHYLIB 5.3","Diatomeen",NA,"365183","5802604","2",NA,NA,"DELW_DEBB80001585119"
"2459","80001585119","Templiner See bei Potsdam",NA,"80001585119_HM","2023","Bewertung Phytoplankton","Bi Phytoplankton ( nach neuer (2009) See-Typzuweisung und Phytosee 4) und Phytofliess","PhytoSee Online 8.0.3 (09.04.2024)","Phytoplankton",NA,"362862,484252","5801820,18745","1",NA,NA,"DELW_DEBB80001585119"
"2460","80001585119","Templiner See bei Potsdam",NA,"2786","2023","Vegetationsgrenze plausibel","Vegetationsgrenze plausibel","PHYLIB 5.3","Makrophyten",NA,"366360","5804440","true",NA,NA,"DELW_DEBB80001585119"
"2461","80001585119","Templiner See bei Potsdam",NA,"2783","2023","Bew. Makrophyten (dezimal)","Bew. Makrophyten (dezimal)","PHYLIB 5.3","Makrophyten",NA,"365183","5802604","5,49",NA,NA,"DELW_DEBB80001585119"
"2462","80001585119","Templiner See bei Potsdam",NA,"2785","2014","M_RAQ","See; Modul Referenzartenquotien","PHYLIB 5.3","Diatomeen",NA,"365810","5803844","999",NA,NA,"DELW_DEBB80001585119"
"2463","80001585119","Templiner See bei Potsdam",NA,"80001585119_HM","2020","MST MaxvonMonat",NA,"PhytoSee 7.1 (2020)","Phytoplankton",NA,"362862,484252","5801820,18745","10",NA,NA,"DELW_DEBB80001585119"
"2464","80001585119","Templiner See bei Potsdam",NA,"2781","2023","Makrophytenverödung","Makrophytenverödung","PHYLIB 5.3","Makrophyten",NA,"362774","5802625","false",NA,NA,"DELW_DEBB80001585119"
"2465","80001585119","Templiner See bei Potsdam",NA,"2781","2014","Makrophytentyp","Makrophytentyp des Wasserköpers verwendet in der Bewertung der Messstelle (siehe Tabelle WAGUET_OWNER_SCHLUESSEL_WERT_TEXT)","PHYLIB 5.3","Diatomeen",NA,"362774","5802625","TKp - 12",NA,NA,"DELW_DEBB80001585119"
"2466","80001585119","Templiner See bei Potsdam",NA,"2784","2017","MIB","Makrophytenindex Brandenburg","nicht bekannt","Makrophyten",NA,"365190","5803780","2,75",NA,NA,"DELW_DEBB80001585119"
"2467","80001585119","Templiner See bei Potsdam",NA,"2787","2023","Zustandsklasse","Zustands-/Potentialklasse","PHYLIB 5.3","Makrophyten",NA,"365747","5804984","4",NA,NA,"DELW_DEBB80001585119"
"2468","80001585119","Templiner See bei Potsdam",NA,"80001585119_HM","2020","MST Gewässerart",NA,"PhytoSee 7.1 (2020)","Phytoplankton",NA,"362862,484252","5801820,18745","See",NA,NA,"DELW_DEBB80001585119"
"2469","80001585119","Templiner See bei Potsdam",NA,"80001585119_HM","1998","Bewertung Phytoplankton","Bi Phytoplankton ( nach neuer (2009) See-Typzuweisung und Phytosee 4) und Phytofliess","PhytoSee 5.0 (2013)","Phytoplankton",NA,"362862,484252","5801820,18745","4",NA,NA,"DELW_DEBB80001585119"
"2470","80001585119","Templiner See bei Potsdam",NA,"80001585119_HM","2006","TP_Frühjahr",NA,"LAWA-TI Gewässerbewertung stehender Gewässer","Chemie (See und FG)",NA,"362862,484252","5801820,18745","246",NA,NA,"DELW_DEBB80001585119"
"2471","80001585119","Templiner See bei Potsdam",NA,"80001585119_HM","2017","MST PSI Phyto-See-Index","PSI als Zahl für Messstelle und Jahr","PhytoSee 7.0 (15.12.2017)","Phytoplankton",NA,"362862,484252","5801820,18745","2,04",NA,NA,"DELW_DEBB80001585119"
"2472","80001585119","Templiner See bei Potsdam",NA,"80001585119_HM","2017","PhytoSee MST Expert_MST-PSI","Expertenurteil für Messstelle und Jahr","PhytoSee 7.0 (15.12.2017)","Phytoplankton",NA,"362862,484252","5801820,18745","PSI MST gültig",NA,NA,"DELW_DEBB80001585119"
"2473","80001585119","Templiner See bei Potsdam",NA,"S_0303","2002","Sichttiefe_Jahesmittel","Sichttiefe_Jahesmittel in m","nicht bekannt","Chemie (See und FG)",NA,NA,NA,"0,76",NA,NA,"DELW_DEBB80001585119"
"2474","80001585119","Templiner See bei Potsdam",NA,"2783","2014","vorlaeufigeBewertung","See; Fließgew; vorläufige Bewertung der Messstelle, (FGW - Halobienindex und Versauerung wird nicht berücksichtigt; Seen - TI-Anteil, RAQ-Arten und TI-Anzahl wird nicht berücksichtigt)","PHYLIB 5.3","Diatomeen",NA,"365183","5802604","2",NA,NA,"DELW_DEBB80001585119"
"2475","80001585119","Templiner See bei Potsdam",NA,"2781","2023","Bewertung (dezimal)","Bewertung (dezimal)","PHYLIB 5.3","Makrophyten",NA,"362774","5802625","5,49",NA,NA,"DELW_DEBB80001585119"
"2476","80001585119","Templiner See bei Potsdam",NA,"2782","2023","Diatomeentyp","Diatomeentyp des Wasserköpers verwendet in der Bewertung der Messstelle (siehe Tabelle WAGUET_OWNER_SCHLUESSEL_WERT_TEXT)","PHYLIB 5.3","Makrophyten",NA,"363992","5802773","DS 12",NA,NA,"DELW_DEBB80001585119"
"2477","80001585119","Templiner See bei Potsdam",NA,"2783","2009","Teilbewertung Diatomeen/Zustands-/Potentialklasse FGW und Seen","FGW, See; Bewertung der Messstelle (1 bis 5 möglich), bei Wert='999' ist das Ergebnis ungesichert; (bei FGW-Halobienindex und Versauerung wird berücksichtigt)","PHYLIB 4.1","Diatomeen",NA,"365183","5802604","3",NA,NA,"DELW_DEBB80001585119"
"2478","80001585119","Templiner See bei Potsdam",NA,"2787","2014","M_TILNord / Trophieindex (umger.)","See; Modul Trophie-Index (Wert zwischen 0 und 1)","PHYLIB 5.3","Diatomeen",NA,"365747","5804984","0,474",NA,NA,"DELW_DEBB80001585119"
"2479","80001585119","Templiner See bei Potsdam",NA,"2784","2009","Teilbewertung Diatomeen/Zustands-/Potentialklasse FGW und Seen","FGW, See; Bewertung der Messstelle (1 bis 5 möglich), bei Wert='999' ist das Ergebnis ungesichert; (bei FGW-Halobienindex und Versauerung wird berücksichtigt)","PHYLIB 4.1","Diatomeen",NA,"365190","5803780","3",NA,NA,"DELW_DEBB80001585119"
"2480","80001585119","Templiner See bei Potsdam",NA,"2781","2014","WRRL-Fließgewässertyp","WRRL-Fließgewässertyp und -Seetyp verwendet in der Bewertung der Messstelle (siehe Tabelle WAGUET_OWNER_SCHLUESSEL_WERT_TEXT)","PHYLIB 5.3","Diatomeen",NA,"362774","5802625","12",NA,NA,"DELW_DEBB80001585119"
"2481","80001585119","Templiner See bei Potsdam",NA,"2786","2009","Teilbewertung Diatomeen/Zustands-/Potentialklasse FGW und Seen","FGW, See; Bewertung der Messstelle (1 bis 5 möglich), bei Wert='999' ist das Ergebnis ungesichert; (bei FGW-Halobienindex und Versauerung wird berücksichtigt)","PHYLIB 4.1","Diatomeen",NA,"366360","5804440","3",NA,NA,"DELW_DEBB80001585119"
"2482","80001585119","Templiner See bei Potsdam",NA,"80001585119_HM","2023","ST_Saison",NA,"LAWA-TI Gewässerbewertung stehender Gewässer","Chemie (See und FG)",NA,"362862,484252","5801820,18745","1,7",NA,NA,"DELW_DEBB80001585119"
"2483","80001585119","Templiner See bei Potsdam",NA,"80001585119_HM","2017","MST Gesamtbiovolumen in mm3/l","Gesamtbiovolumen Saison (mm3/l) im Mittel Mittel März - November","PhytoSee 7.0 (15.12.2017)","Phytoplankton","mm3/l","362862,484252","5801820,18745","3,44",NA,NA,"DELW_DEBB80001585119"
"2484","80001585119","Templiner See bei Potsdam",NA,"S_0303","1993","Sichttiefe_Jahesmittel","Sichttiefe_Jahesmittel in m","nicht bekannt","Chemie (See und FG)",NA,NA,NA,"0,8",NA,NA,"DELW_DEBB80001585119"
"2485","80001585119","Templiner See bei Potsdam",NA,"2786","2014","Makrophytentyp","Makrophytentyp des Wasserköpers verwendet in der Bewertung der Messstelle (siehe Tabelle WAGUET_OWNER_SCHLUESSEL_WERT_TEXT)","PHYLIB 5.3","Diatomeen",NA,"366360","5804440","TKp - 12",NA,NA,"DELW_DEBB80001585119"
"2486","80001585119","Templiner See bei Potsdam",NA,"2786","2017","I_Arten","Artindex, Teilindex des MIB","MIB 2004","Makrophyten",NA,"366360","5804440","0-1,96",NA,NA,"DELW_DEBB80001585119"
"2487","80001585119","Templiner See bei Potsdam",NA,"2785","2023","Makrophytenverödung","Makrophytenverödung","PHYLIB 5.3","Makrophyten",NA,"365810","5803844","false",NA,NA,"DELW_DEBB80001585119"
"2488","80001585119","Templiner See bei Potsdam",NA,"2783","2023","WRRL-Fließgewässertyp","WRRL-Fließgewässertyp und -Seetyp verwendet in der Bewertung der Messstelle (siehe Tabelle WAGUET_OWNER_SCHLUESSEL_WERT_TEXT)","PHYLIB 5.3","Makrophyten",NA,"365183","5802604","12",NA,NA,"DELW_DEBB80001585119"
"2489","80001585119","Templiner See bei Potsdam",NA,"2784","2014","WRRL-Fließgewässertyp","WRRL-Fließgewässertyp und -Seetyp verwendet in der Bewertung der Messstelle (siehe Tabelle WAGUET_OWNER_SCHLUESSEL_WERT_TEXT)","PHYLIB 5.3","Diatomeen",NA,"365190","5803780","12",NA,NA,"DELW_DEBB80001585119"
"2490","80001585119","Templiner See bei Potsdam",NA,"2785","2017","MIB","Makrophytenindex Brandenburg","MIB 2004","Makrophyten",NA,"365810","5803844","2,98",NA,NA,"DELW_DEBB80001585119"
"2491","80001585119","Templiner See bei Potsdam",NA,"S_0303","2002","Chl_MW","Jahresmittelwert Chl-a in µg/l","nicht bekannt","Chemie (See und FG)",NA,NA,NA,"60,85",NA,NA,"DELW_DEBB80001585119"
"2492","80001585119","Templiner See bei Potsdam",NA,"2782","2014","Diatomeentyp","Diatomeentyp des Wasserköpers verwendet in der Bewertung der Messstelle (siehe Tabelle WAGUET_OWNER_SCHLUESSEL_WERT_TEXT)","PHYLIB 5.3","Diatomeen",NA,"363992","5802773","DS 12",NA,NA,"DELW_DEBB80001585119"
"2493","80001585119","Templiner See bei Potsdam",NA,"2785","2014","M_TILNord / Trophieindex (umger.)","See; Modul Trophie-Index (Wert zwischen 0 und 1)","PHYLIB 5.3","Diatomeen",NA,"365810","5803844","999",NA,NA,"DELW_DEBB80001585119"
"2494","80001585119","Templiner See bei Potsdam",NA,"2782","2014","vorlaeufigeBewertung","See; Fließgew; vorläufige Bewertung der Messstelle, (FGW - Halobienindex und Versauerung wird nicht berücksichtigt; Seen - TI-Anteil, RAQ-Arten und TI-Anzahl wird nicht berücksichtigt)","PHYLIB 5.3","Diatomeen",NA,"363992","5802773","2",NA,NA,"DELW_DEBB80001585119"
"2495","80001585119","Templiner See bei Potsdam",NA,"2786","2017","I_UMG","Index aus der unteren Makrophytengrenze, Teilindex des MIB","MIB 2004","Makrophyten",NA,"366360","5804440","0-1,75",NA,NA,"DELW_DEBB80001585119"
"2496","80001585119","Templiner See bei Potsdam",NA,"80001585119_HM","2020","TP_Frühjahr_Anzahl",NA,"LAWA-TI Gewässerbewertung stehender Gewässer","Chemie (See und FG)",NA,"362862,484252","5801820,18745","5",NA,NA,"DELW_DEBB80001585119"
"2497","80001585119","Templiner See bei Potsdam",NA,"80001585119_HM","2009","TI_akt","LAWA-Trophieindex","LAWA-TI Gewässerbewertung stehender Gewässer","Chemie (See und FG)",NA,"362862,484252","5801820,18745","4,09",NA,NA,"DELW_DEBB80001585119"
"2498","80001585119","Templiner See bei Potsdam",NA,"S_0303","1992","Chl_MW","Jahresmittelwert Chl-a in µg/l","nicht bekannt","Chemie (See und FG)",NA,NA,NA,"119",NA,NA,"DELW_DEBB80001585119"
"2499","80001585119","Templiner See bei Potsdam",NA,"2783","2017","I_Arten","Artindex, Teilindex des MIB","MIB 2004","Makrophyten",NA,"365183","5802604","0-4,04",NA,NA,"DELW_DEBB80001585119"
"2500","80001585119","Templiner See bei Potsdam",NA,"2784","2017","I_UMG","Index aus der unteren Makrophytengrenze, Teilindex des MIB","MIB 2004","Makrophyten",NA,"365190","5803780","0-2,64",NA,NA,"DELW_DEBB80001585119"
"2501","80001585119","Templiner See bei Potsdam",NA,"2783","2014","WRRL-Fließgewässertyp","WRRL-Fließgewässertyp und -Seetyp verwendet in der Bewertung der Messstelle (siehe Tabelle WAGUET_OWNER_SCHLUESSEL_WERT_TEXT)","PHYLIB 5.3","Diatomeen",NA,"365183","5802604","12",NA,NA,"DELW_DEBB80001585119"
"2502","80001585119","Templiner See bei Potsdam",NA,"2786","2023","Vegetationsgrenze","Vegetationsgrenze","PHYLIB 5.3","Makrophyten",NA,"366360","5804440","1,9",NA,NA,"DELW_DEBB80001585119"
"2503","80001585119","Templiner See bei Potsdam",NA,"2785","2009","Teilbewertung Diatomeen/Zustands-/Potentialklasse FGW und Seen","FGW, See; Bewertung der Messstelle (1 bis 5 möglich), bei Wert='999' ist das Ergebnis ungesichert; (bei FGW-Halobienindex und Versauerung wird berücksichtigt)","PHYLIB 4.1","Diatomeen",NA,"365810","5803844","4",NA,NA,"DELW_DEBB80001585119"
"2504","80001585119","Templiner See bei Potsdam",NA,"2786","2014","M_RAQ","See; Modul Referenzartenquotien","PHYLIB 5.3","Diatomeen",NA,"366360","5804440","0-,33",NA,NA,"DELW_DEBB80001585119"
"2505","80001585139","Schwielowsee",NA,"1075","2023","WRRL-Fließgewässertyp","WRRL-Fließgewässertyp und -Seetyp verwendet in der Bewertung der Messstelle (siehe Tabelle WAGUET_OWNER_SCHLUESSEL_WERT_TEXT)","PHYLIB 5.3","Makrophyten",NA,"359583","5799683","12",NA,NA,"DELW_DEBB80001585139"
"2506","80001585139","Schwielowsee",NA,"1077","2009","Teilbewertung Diatomeen/Zustands-/Potentialklasse FGW und Seen","FGW, See; Bewertung der Messstelle (1 bis 5 möglich), bei Wert='999' ist das Ergebnis ungesichert; (bei FGW-Halobienindex und Versauerung wird berücksichtigt)","PHYLIB 4.1","Diatomeen",NA,"361975","5802314","3",NA,NA,"DELW_DEBB80001585139"
"2507","80001585139","Schwielowsee",NA,"80001585139_HM","2020","MST Bac_Crypto_S_Bew","Bewertung Bac_Crypto für Messstelle und Jahr","PhytoSee 7.1 (2020)","Phytoplankton",NA,"362026","5801686","0,8699",NA,NA,"DELW_DEBB80001585139"
"2508","80001585139","Schwielowsee",NA,"1076","2014","M_RAQ","See; Modul Referenzartenquotien","PHYLIB 5.3","Diatomeen",NA,"359325","5798048","0-,6",NA,NA,"DELW_DEBB80001585139"
"2509","80001585139","Schwielowsee",NA,"80001585139_HM","2017","TP_Frühjahr",NA,"LAWA-TI Gewässerbewertung stehender Gewässer","Chemie (See und FG)",NA,"362026","5801686","111",NA,NA,"DELW_DEBB80001585139"
"2510","80001585139","Schwielowsee",NA,"80001585139_HM","2006","Chl_Saison_Anzahl",NA,"LAWA-TI Gewässerbewertung stehender Gewässer","Chemie (See und FG)",NA,"362026","5801686","10",NA,NA,"DELW_DEBB80001585139"
"2511","80001585139","Schwielowsee",NA,"80001585139_HM","2023","Chl_Saison_Anzahl",NA,"LAWA-TI Gewässerbewertung stehender Gewässer","Chemie (See und FG)",NA,"362026","5801686","10",NA,NA,"DELW_DEBB80001585139"
"2512","80001585139","Schwielowsee",NA,"80001585139_HM","2023","MST PTSI_Bew","PTSI-Bewertung für Messstelle und Jahr","PhytoSee Online 8.0.3 (09.04.2024)","Phytoplankton",NA,"362026","5801686","3,18",NA,NA,"DELW_DEBB80001585139"
"2513","80001585139","Schwielowsee",NA,"1071","2009","MIB","Makrophytenindex Brandenburg","MIB 2004","Makrophyten",NA,"360916","5802164","3,25",NA,NA,"DELW_DEBB80001585139"
"2514","80001585139","Schwielowsee",NA,"1072","2017","MIB","Makrophytenindex Brandenburg","MIB 2004","Makrophyten",NA,"360177","5801067","3,76",NA,NA,"DELW_DEBB80001585139"
"2515","80001585139","Schwielowsee",NA,"1071","2009","I_UMG","Index aus der unteren Makrophytengrenze, Teilindex des MIB","MIB 2004","Makrophyten",NA,"360916","5802164","0-1,6",NA,NA,"DELW_DEBB80001585139"
"2516","80001585139","Schwielowsee",NA,"80001585139_HM","2014","TI_akt","LAWA-Trophieindex","LAWA-TI Gewässerbewertung stehender Gewässer","Chemie (See und FG)",NA,"362026","5801686","3,06",NA,NA,"DELW_DEBB80001585139"
"2517","80001585139","Schwielowsee",NA,"1072","2014","WRRL-Fließgewässertyp","WRRL-Fließgewässertyp und -Seetyp verwendet in der Bewertung der Messstelle (siehe Tabelle WAGUET_OWNER_SCHLUESSEL_WERT_TEXT)","PHYLIB 5.3","Diatomeen",NA,"360177","5801067","12",NA,NA,"DELW_DEBB80001585139"
"2518","80001585139","Schwielowsee",NA,"1074","2009","I_Arten","Artindex, Teilindex des MIB","MIB 2004","Makrophyten",NA,"361177","5799534","0-4,64",NA,NA,"DELW_DEBB80001585139"
"2519","80001585139","Schwielowsee",NA,"80001585139_HM","2014","Chl_Saison_Anzahl",NA,"LAWA-TI Gewässerbewertung stehender Gewässer","Chemie (See und FG)",NA,"362026","5801686","10",NA,NA,"DELW_DEBB80001585139"
"2520","80001585139","Schwielowsee",NA,"1073","2009","I_Arten","Artindex, Teilindex des MIB","MIB 2004","Makrophyten",NA,"362038","5801038","0-4,64",NA,NA,"DELW_DEBB80001585139"
"2521","80001585139","Schwielowsee",NA,"80001585139_HM","2023","MST Biomasse_Metrik","Metrik Biomasse  für Messstelle und Jahr","PhytoSee Online 8.0.3 (09.04.2024)","Phytoplankton",NA,"362026","5801686","1,52",NA,NA,"DELW_DEBB80001585139"
"2522","80001585139","Schwielowsee",NA,"1073","2023","WRRL-Fließgewässertyp","WRRL-Fließgewässertyp und -Seetyp verwendet in der Bewertung der Messstelle (siehe Tabelle WAGUET_OWNER_SCHLUESSEL_WERT_TEXT)","PHYLIB 5.3","Makrophyten",NA,"362038","5801038","12",NA,NA,"DELW_DEBB80001585139"
"2523","80001585139","Schwielowsee",NA,"1075","2014","vorlaeufigeBewertung","See; Fließgew; vorläufige Bewertung der Messstelle, (FGW - Halobienindex und Versauerung wird nicht berücksichtigt; Seen - TI-Anteil, RAQ-Arten und TI-Anzahl wird nicht berücksichtigt)","PHYLIB 5.3","Diatomeen",NA,"359583","5799683","3",NA,NA,"DELW_DEBB80001585139"
"2524","80001585139","Schwielowsee",NA,"1072","2023","Teilbewertung Makrophyten","Bewertung der Messstelle (1 bis 5 möglich), bei leeren Feld ist das Ergebnis ungesichert","PHYLIB 5.3","Makrophyten",NA,"360177","5801067","5",NA,NA,"DELW_DEBB80001585139"
"2525","80001585139","Schwielowsee",NA,"80001585139_HM","2017","TI_akt","LAWA-Trophieindex","LAWA-TI Gewässerbewertung stehender Gewässer","Chemie (See und FG)",NA,"362026","5801686","2,88",NA,NA,"DELW_DEBB80001585139"
"2526","80001585139","Schwielowsee",NA,"1075","2023","Vegetationsgrenze","Vegetationsgrenze","PHYLIB 5.3","Makrophyten",NA,"359583","5799683","1,6",NA,NA,"DELW_DEBB80001585139"
"2527","80001585139","Schwielowsee",NA,"1073","2014","Teilbewertung Diatomeen/Zustands-/Potentialklasse FGW und Seen","FGW, See; Bewertung der Messstelle (1 bis 5 möglich), bei Wert='999' ist das Ergebnis ungesichert; (bei FGW-Halobienindex und Versauerung wird berücksichtigt)","PHYLIB 5.3","Diatomeen",NA,"362038","5801038","3",NA,NA,"DELW_DEBB80001585139"
"2528","80001585139","Schwielowsee",NA,"1075","2014","TIL_Nord","See; berechneter Trophie-Index Nord","PHYLIB 5.3","Diatomeen",NA,"359583","5799683","3,67",NA,NA,"DELW_DEBB80001585139"
"2529","80001585139","Schwielowsee",NA,"1076","2014","TIL_Nord","See; berechneter Trophie-Index Nord","PHYLIB 5.3","Diatomeen",NA,"359325","5798048","3,37",NA,NA,"DELW_DEBB80001585139"
"2530","80001585139","Schwielowsee",NA,"1073","2009","MIB","Makrophytenindex Brandenburg","MIB 2004","Makrophyten",NA,"362038","5801038","3,16",NA,NA,"DELW_DEBB80001585139"
"2531","80001585139","Schwielowsee",NA,"80001585139_HM","2014","TP_Saison",NA,"LAWA-TI Gewässerbewertung stehender Gewässer","Chemie (See und FG)",NA,"362026","5801686","121,33",NA,NA,"DELW_DEBB80001585139"
"2532","80001585139","Schwielowsee",NA,"1073","2023","Zustandsklasse","Zustands-/Potentialklasse","PHYLIB 5.3","Makrophyten",NA,"362038","5801038","5",NA,NA,"DELW_DEBB80001585139"
"2533","80001585139","Schwielowsee",NA,"80001585139_HM","2006","TNb_Sommer","Stickstoffkonz. im Sommer","LAWA-TI Gewässerbewertung stehender Gewässer","Chemie (See und FG)",NA,"362026","5801686","1,83",NA,NA,"DELW_DEBB80001585139"
"2534","80001585139","Schwielowsee",NA,"1076","2014","Makrophytentyp","Makrophytentyp des Wasserköpers verwendet in der Bewertung der Messstelle (siehe Tabelle WAGUET_OWNER_SCHLUESSEL_WERT_TEXT)","PHYLIB 5.3","Diatomeen",NA,"359325","5798048","TKp - 12",NA,NA,"DELW_DEBB80001585139"
"2535","80001585139","Schwielowsee",NA,"80001585139_HM","2020","Chl_Saison_Anzahl",NA,"LAWA-TI Gewässerbewertung stehender Gewässer","Chemie (See und FG)",NA,"362026","5801686","10",NA,NA,"DELW_DEBB80001585139"
"2536","80001585139","Schwielowsee",NA,"1074","2023","RAQ gesichert","RAQ gesichert","PHYLIB 5.3","Makrophyten",NA,"361177","5799534","0",NA,NA,"DELW_DEBB80001585139"
"2537","80001585139","Schwielowsee",NA,"1073","2009","Teilbewertung Makrophyten","Bewertung der Messstelle (1 bis 5 möglich), bei leeren Feld ist das Ergebnis ungesichert","MIB 2004","Makrophyten",NA,"362038","5801038","1",NA,NA,"DELW_DEBB80001585139"
"2538","80001585139","Schwielowsee",NA,"80001585139_HM","2014","PhytoSee MST Expert_MST-PSI","Expertenurteil für Messstelle und Jahr","PhytoSee 7.0 (15.12.2017)","Phytoplankton",NA,"362026","5801686","PSI MST gültig",NA,NA,"DELW_DEBB80001585139"
"2539","80001585139","Schwielowsee",NA,"1071","2014","aerophileArten%","See; Fließgew, sauerstoffliebende Arten in Prozent nach Schaumburg","PHYLIB 5.3","Diatomeen",NA,"360916","5802164","0",NA,NA,"DELW_DEBB80001585139"
"2540","80001585139","Schwielowsee",NA,"1072","2023","Bewertung (dezimal)","Bewertung (dezimal)","PHYLIB 5.3","Makrophyten",NA,"360177","5801067","5,49",NA,NA,"DELW_DEBB80001585139"
"2541","80001585139","Schwielowsee",NA,"1072","2023","Makrophytenverödung","Makrophytenverödung","PHYLIB 5.3","Makrophyten",NA,"360177","5801067","false",NA,NA,"DELW_DEBB80001585139"
"2542","80001585139","Schwielowsee",NA,"1071","2023","WRRL-Fließgewässertyp","WRRL-Fließgewässertyp und -Seetyp verwendet in der Bewertung der Messstelle (siehe Tabelle WAGUET_OWNER_SCHLUESSEL_WERT_TEXT)","PHYLIB 5.3","Makrophyten",NA,"360916","5802164","12",NA,NA,"DELW_DEBB80001585139"
"2543","80001585139","Schwielowsee",NA,"1077","2023","Vegetationsgrenze plausibel","Vegetationsgrenze plausibel","PHYLIB 5.3","Makrophyten",NA,"361975","5802314","true",NA,NA,"DELW_DEBB80001585139"
"2544","80001585139","Schwielowsee",NA,"1077","2009","Teilbewertung Makrophyten","Bewertung der Messstelle (1 bis 5 möglich), bei leeren Feld ist das Ergebnis ungesichert","MIB 2004","Makrophyten",NA,"361975","5802314","1",NA,NA,"DELW_DEBB80001585139"
"2545","80001585139","Schwielowsee",NA,"1071","2009","I_Arten","Artindex, Teilindex des MIB","MIB 2004","Makrophyten",NA,"360916","5802164","0-4,64",NA,NA,"DELW_DEBB80001585139"
"2546","80001585139","Schwielowsee",NA,"80001585139_HM","2023","TP_Saison",NA,"LAWA-TI Gewässerbewertung stehender Gewässer","Chemie (See und FG)",NA,"362026","5801686","165,67",NA,NA,"DELW_DEBB80001585139"
"2547","80001585139","Schwielowsee",NA,"80001585139_HM","2014","Chl_Saison",NA,"LAWA-TI Gewässerbewertung stehender Gewässer","Chemie (See und FG)",NA,"362026","5801686","11,68",NA,NA,"DELW_DEBB80001585139"
"2548","80001585139","Schwielowsee",NA,"80001585139_HM","2020","MST Schichtungsverhalten",NA,"PhytoSee 7.1 (2020)","Phytoplankton",NA,"362026","5801686","ungeschichtet",NA,NA,"DELW_DEBB80001585139"
"2549","80001585139","Schwielowsee",NA,"1076","2023","Makrophytentyp","Makrophytentyp des Wasserköpers verwendet in der Bewertung der Messstelle (siehe Tabelle WAGUET_OWNER_SCHLUESSEL_WERT_TEXT)","PHYLIB 5.3","Makrophyten",NA,"359325","5798048","TKp - 12",NA,NA,"DELW_DEBB80001585139"
"2550","80001585139","Schwielowsee",NA,"1077","2023","Vegetationsgrenze","Vegetationsgrenze","PHYLIB 5.3","Makrophyten",NA,"361975","5802314","1,5",NA,NA,"DELW_DEBB80001585139"
"2551","80001585139","Schwielowsee",NA,"80001585139_HM","2017","MST Beprobung konform?","Beprobung methodenkonform oder nicht? für Messstelle und Jahr","PhytoSee 7.0 (15.12.2017)","Phytoplankton",NA,"362026","5801686","incl. Novemberprobe",NA,NA,"DELW_DEBB80001585139"
"2552","80001585139","Schwielowsee",NA,"80001585139_HM","2023","MST Gesamtbiovolumen in mm3/l","Gesamtbiovolumen Saison (mm3/l) im Mittel Mittel März - November","PhytoSee Online 8.0.3 (09.04.2024)","Phytoplankton",NA,"362026","5801686","3,21",NA,NA,"DELW_DEBB80001585139"
"2553","80001585139","Schwielowsee",NA,"5604590","1995","Sichttiefe_Jahesmittel","Sichttiefe_Jahesmittel in m","nicht bekannt","Chemie (See und FG)",NA,NA,NA,"0,75",NA,NA,"DELW_DEBB80001585139"
"2554","80001585139","Schwielowsee",NA,"1071","2009","Teilbewertung Diatomeen, vorläufig/FGW - Ergebnis ohne Salzbelastung & See - vorläufige Bewertung","See, FGW; Bewertung der Messstelle (1 bis 5 möglich), bei Wert='999' ist das Ergebnis ungesichert; Seen - TI-Anteil, RAQ-Arten und TI-Anzahl wird berücksichtigt","PHYLIB 4.1","Diatomeen",NA,"360916","5802164","3",NA,NA,"DELW_DEBB80001585139"
"2555","80001585139","Schwielowsee",NA,"80001585139_HM","2017","Sichttiefe_Saison_Anzahl",NA,"LAWA-TI Gewässerbewertung stehender Gewässer","Chemie (See und FG)",NA,"362026","5801686","6",NA,NA,"DELW_DEBB80001585139"
"2556","80001585139","Schwielowsee",NA,"1073","2017","I_UMG","Index aus der unteren Makrophytengrenze, Teilindex des MIB","MIB 2004","Makrophyten",NA,"362038","5801038","0-2,64",NA,NA,"DELW_DEBB80001585139"
"2557","80001585139","Schwielowsee",NA,"80001585139_HM","2014","MST Bac_Crypto_S_Bew","Bewertung Bac_Crypto für Messstelle und Jahr","PhytoSee 7.0 (15.12.2017)","Phytoplankton",NA,"362026","5801686","1,03",NA,NA,"DELW_DEBB80001585139"
"2558","80001585139","Schwielowsee",NA,"1077","2017","MIB","Makrophytenindex Brandenburg","nicht bekannt","Makrophyten",NA,"361975","5802314","4,09",NA,NA,"DELW_DEBB80001585139"
"2559","80001585139","Schwielowsee",NA,"80001585139_HM","2023","MST Beprobung konform?","Beprobung methodenkonform oder nicht? für Messstelle und Jahr","PhytoSee Online 8.0.3 (09.04.2024)","Phytoplankton",NA,"362026","5801686","Phyto-Beprobung ok,incl. Märzprobe",NA,NA,"DELW_DEBB80001585139"
"2560","80001585139","Schwielowsee",NA,"1072","2009","Teilbewertung Diatomeen, vorläufig/FGW - Ergebnis ohne Salzbelastung & See - vorläufige Bewertung","See, FGW; Bewertung der Messstelle (1 bis 5 möglich), bei Wert='999' ist das Ergebnis ungesichert; Seen - TI-Anteil, RAQ-Arten und TI-Anzahl wird berücksichtigt","PHYLIB 4.1","Diatomeen",NA,"360177","5801067","3",NA,NA,"DELW_DEBB80001585139"
"2561","80001585139","Schwielowsee",NA,"1075","2023","Makrophytentyp","Makrophytentyp des Wasserköpers verwendet in der Bewertung der Messstelle (siehe Tabelle WAGUET_OWNER_SCHLUESSEL_WERT_TEXT)","PHYLIB 5.3","Makrophyten",NA,"359583","5799683","TKp - 12",NA,NA,"DELW_DEBB80001585139"
"2562","80001585139","Schwielowsee",NA,"1076","2023","Teilbewertung Makrophyten","Bewertung der Messstelle (1 bis 5 möglich), bei leeren Feld ist das Ergebnis ungesichert","PHYLIB 5.3","Makrophyten",NA,"359325","5798048","5",NA,NA,"DELW_DEBB80001585139"
"2563","80001585139","Schwielowsee",NA,"1074","2014","vorlaeufigeBewertung","See; Fließgew; vorläufige Bewertung der Messstelle, (FGW - Halobienindex und Versauerung wird nicht berücksichtigt; Seen - TI-Anteil, RAQ-Arten und TI-Anzahl wird nicht berücksichtigt)","PHYLIB 5.3","Diatomeen",NA,"361177","5799534","3",NA,NA,"DELW_DEBB80001585139"
"2564","80001585139","Schwielowsee",NA,"1074","2009","MIB","Makrophytenindex Brandenburg","MIB 2004","Makrophyten",NA,"361177","5799534","3,18",NA,NA,"DELW_DEBB80001585139"
"2565","80001585139","Schwielowsee",NA,"80001585139_HM","2020","TI_akt","LAWA-Trophieindex","LAWA-TI Gewässerbewertung stehender Gewässer","Chemie (See und FG)",NA,"362026","5801686","3,08",NA,NA,"DELW_DEBB80001585139"
"2566","80001585139","Schwielowsee",NA,"80001585139_HM","2023","MST N_Tage",NA,"PhytoSee Online 8.0.3 (09.04.2024)","Phytoplankton",NA,"362026","5801686","6",NA,NA,"DELW_DEBB80001585139"
"2567","80001585139","Schwielowsee",NA,"80001585139_HM","2020","MST Crypto_Cyan_S_Bew","Bewertung Crypto_Cyan für Messstelle und Jahr","PhytoSee 7.1 (2020)","Phytoplankton",NA,"362026","5801686","0,1871",NA,NA,"DELW_DEBB80001585139"
"2568","80001585139","Schwielowsee",NA,"80001585139_HM","2017","MST Crypto_Cyan_S_Bew","Bewertung Crypto_Cyan für Messstelle und Jahr","PhytoSee 7.0 (15.12.2017)","Phytoplankton",NA,"362026","5801686","0-,93",NA,NA,"DELW_DEBB80001585139"
"2569","80001585139","Schwielowsee",NA,"1074","2009","Teilbewertung Makrophyten","Bewertung der Messstelle (1 bis 5 möglich), bei leeren Feld ist das Ergebnis ungesichert","MIB 2004","Makrophyten",NA,"361177","5799534","1",NA,NA,"DELW_DEBB80001585139"
"2570","80001585139","Schwielowsee",NA,"80001585139_HM","2023","MST G_Algenklasse",NA,"PhytoSee Online 8.0.3 (09.04.2024)","Phytoplankton",NA,"362026","5801686","3",NA,NA,"DELW_DEBB80001585139"
"2571","80001585139","Schwielowsee",NA,"80001585139_HM","2014","MST Typ_Nr","PP-Subtyp der bewerteten MST im Jahr der Untersuchung","PhytoSee 7.0 (15.12.2017)","Phytoplankton",NA,"362026","5801686","PP 12",NA,NA,"DELW_DEBB80001585139"
"2572","80001585139","Schwielowsee",NA,"1075","2014","Diatomeentyp","Diatomeentyp des Wasserköpers verwendet in der Bewertung der Messstelle (siehe Tabelle WAGUET_OWNER_SCHLUESSEL_WERT_TEXT)","PHYLIB 5.3","Diatomeen",NA,"359583","5799683","DS 12",NA,NA,"DELW_DEBB80001585139"
"2573","80001585139","Schwielowsee",NA,"1077","2014","TIL_Nord","See; berechneter Trophie-Index Nord","PHYLIB 5.3","Diatomeen",NA,"361975","5802314","3,04",NA,NA,"DELW_DEBB80001585139"
"2574","80001585139","Schwielowsee",NA,"1074","2023","Vegetationsgrenze","Vegetationsgrenze","PHYLIB 5.3","Makrophyten",NA,"361177","5799534","2,6",NA,NA,"DELW_DEBB80001585139"
"2575","80001585139","Schwielowsee",NA,"S_0306","2002","Sichttiefe_Jahesmittel","Sichttiefe_Jahesmittel in m","nicht bekannt","Chemie (See und FG)",NA,NA,NA,"0,9525",NA,NA,"DELW_DEBB80001585139"
"2576","80001585139","Schwielowsee",NA,"1077","2023","Makrophytentyp","Makrophytentyp des Wasserköpers verwendet in der Bewertung der Messstelle (siehe Tabelle WAGUET_OWNER_SCHLUESSEL_WERT_TEXT)","PHYLIB 5.3","Makrophyten",NA,"361975","5802314","TKp - 12",NA,NA,"DELW_DEBB80001585139"
"2577","80001585139","Schwielowsee",NA,"1071","2014","Teilbewertung Diatomeen/Zustands-/Potentialklasse FGW und Seen","FGW, See; Bewertung der Messstelle (1 bis 5 möglich), bei Wert='999' ist das Ergebnis ungesichert; (bei FGW-Halobienindex und Versauerung wird berücksichtigt)","PHYLIB 5.3","Diatomeen",NA,"360916","5802164","3",NA,NA,"DELW_DEBB80001585139"
"2578","80001585139","Schwielowsee",NA,"1072","2017","I_UMG","Index aus der unteren Makrophytengrenze, Teilindex des MIB","MIB 2004","Makrophyten",NA,"360177","5801067","0-1,7",NA,NA,"DELW_DEBB80001585139"
"2579","80001585139","Schwielowsee",NA,"1073","2023","Vegetationsgrenze plausibel","Vegetationsgrenze plausibel","PHYLIB 5.3","Makrophyten",NA,"362038","5801038","true",NA,NA,"DELW_DEBB80001585139"
"2580","80001585139","Schwielowsee",NA,"80001585139_HM","2020","TP_Frühjahr_Anzahl",NA,"LAWA-TI Gewässerbewertung stehender Gewässer","Chemie (See und FG)",NA,"362026","5801686","6",NA,NA,"DELW_DEBB80001585139"
"2581","80001585139","Schwielowsee",NA,"80001585139_HM","2009","TI_akt","LAWA-Trophieindex","LAWA-TI Gewässerbewertung stehender Gewässer","Chemie (See und FG)",NA,"362026","5801686","4",NA,NA,"DELW_DEBB80001585139"
"2582","80001585139","Schwielowsee",NA,"S_0306","2006","Chl_MW","Jahresmittelwert Chl-a in µg/l","nicht bekannt","Chemie (See und FG)",NA,NA,NA,"37,87",NA,NA,"DELW_DEBB80001585139"
"2583","80001585139","Schwielowsee",NA,"S_0306","1993","Sichttiefe_Jahesmittel","Sichttiefe_Jahesmittel in m","nicht bekannt","Chemie (See und FG)",NA,NA,NA,"0,9313",NA,NA,"DELW_DEBB80001585139"
"2584","80001585139","Schwielowsee",NA,"80001585139_HM","2014","Bewertung Phytoplankton","Bi Phytoplankton ( nach neuer (2009) See-Typzuweisung und Phytosee 4) und Phytofliess","PhytoSee 7.0 (15.12.2017)","Phytoplankton",NA,"362026","5801686","1",NA,NA,"DELW_DEBB80001585139"
"2585","80001585139","Schwielowsee",NA,"80001585139_HM","2014","ST_Saison",NA,"LAWA-TI Gewässerbewertung stehender Gewässer","Chemie (See und FG)",NA,"362026","5801686","1,87",NA,NA,"DELW_DEBB80001585139"
"2586","80001585139","Schwielowsee",NA,"1072","2023","Vegetationsgrenze plausibel","Vegetationsgrenze plausibel","PHYLIB 5.3","Makrophyten",NA,"360177","5801067","true",NA,NA,"DELW_DEBB80001585139"
"2587","80001585139","Schwielowsee",NA,"80001585139_HM","2014","MST Biomasse_Metrik","Metrik Biomasse  für Messstelle und Jahr","PhytoSee 7.0 (15.12.2017)","Phytoplankton",NA,"362026","5801686","0,8583",NA,NA,"DELW_DEBB80001585139"
"2588","80001585139","Schwielowsee",NA,"80001585139_HM","2023","MST TypPTSI_Ref","PTSI-Referenz für den Typ","PhytoSee Online 8.0.3 (09.04.2024)","Phytoplankton",NA,"362026","5801686","2,5",NA,NA,"DELW_DEBB80001585139"
"2589","80001585139","Schwielowsee",NA,"1075","2014","Teilbewertung Diatomeen/Zustands-/Potentialklasse FGW und Seen","FGW, See; Bewertung der Messstelle (1 bis 5 möglich), bei Wert='999' ist das Ergebnis ungesichert; (bei FGW-Halobienindex und Versauerung wird berücksichtigt)","PHYLIB 5.3","Diatomeen",NA,"359583","5799683","3",NA,NA,"DELW_DEBB80001585139"
"2590","80001585139","Schwielowsee",NA,"80001585139_HM","2017","Bewertung Phytoplankton","Bi Phytoplankton ( nach neuer (2009) See-Typzuweisung und Phytosee 4) und Phytofliess","PhytoSee 7.0 (15.12.2017)","Phytoplankton",NA,"362026","5801686","1",NA,NA,"DELW_DEBB80001585139"
"2591","80001585139","Schwielowsee",NA,"S_0306","2001","Sichttiefe_Jahesmittel","Sichttiefe_Jahesmittel in m","nicht bekannt","Chemie (See und FG)",NA,NA,NA,"1,04",NA,NA,"DELW_DEBB80001585139"
"2592","80001585139","Schwielowsee",NA,"1077","2014","Teilbewertung Diatomeen, vorläufig/FGW - Ergebnis ohne Salzbelastung & See - vorläufige Bewertung","See, FGW; Bewertung der Messstelle (1 bis 5 möglich), bei Wert='999' ist das Ergebnis ungesichert; Seen - TI-Anteil, RAQ-Arten und TI-Anzahl wird berücksichtigt","PHYLIB 5.3","Diatomeen",NA,"361975","5802314","3",NA,NA,"DELW_DEBB80001585139"
"2593","80001585139","Schwielowsee",NA,"1074","2023","Teilbewertung Makrophyten","Bewertung der Messstelle (1 bis 5 möglich), bei leeren Feld ist das Ergebnis ungesichert","PHYLIB 5.3","Makrophyten",NA,"361177","5799534","5",NA,NA,"DELW_DEBB80001585139"
"2594","80001585139","Schwielowsee",NA,"1071","2023","Vegetationsgrenze plausibel","Vegetationsgrenze plausibel","PHYLIB 5.3","Makrophyten",NA,"360916","5802164","true",NA,NA,"DELW_DEBB80001585139"
"2595","80001585139","Schwielowsee",NA,"80001585139_HM","2020","MST Gesamtbewertung verbal stufig","PSI verbal  für Messstelle und Jahr","PhytoSee 7.1 (2020)","Phytoplankton",NA,"362026","5801686","sehr gut",NA,NA,"DELW_DEBB80001585139"
"2596","80001585139","Schwielowsee",NA,"1074","2014","Teilbewertung Diatomeen, vorläufig/FGW - Ergebnis ohne Salzbelastung & See - vorläufige Bewertung","See, FGW; Bewertung der Messstelle (1 bis 5 möglich), bei Wert='999' ist das Ergebnis ungesichert; Seen - TI-Anteil, RAQ-Arten und TI-Anzahl wird berücksichtigt","PHYLIB 5.3","Diatomeen",NA,"361177","5799534","3",NA,NA,"DELW_DEBB80001585139"
"2597","80001585139","Schwielowsee",NA,"1071","2009","Teilbewertung Makrophyten","Bewertung der Messstelle (1 bis 5 möglich), bei leeren Feld ist das Ergebnis ungesichert","MIB 2004","Makrophyten",NA,"360916","5802164","1",NA,NA,"DELW_DEBB80001585139"
"2598","80001585139","Schwielowsee",NA,"80001585139_HM","2009","ST_Saison",NA,"LAWA-TI Gewässerbewertung stehender Gewässer","Chemie (See und FG)",NA,"362026","5801686","1,08",NA,NA,"DELW_DEBB80001585139"
"2599","80001585139","Schwielowsee",NA,"1073","2023","Bew. Makrophyten (dezimal)","Bew. Makrophyten (dezimal)","PHYLIB 5.3","Makrophyten",NA,"362038","5801038","4,82",NA,NA,"DELW_DEBB80001585139"
"2600","80001585139","Schwielowsee",NA,"1075","2023","RAQ gesichert","RAQ gesichert","PHYLIB 5.3","Makrophyten",NA,"359583","5799683","0",NA,NA,"DELW_DEBB80001585139"
"2601","80001585139","Schwielowsee",NA,"1073","2014","TIL_Nord","See; berechneter Trophie-Index Nord","PHYLIB 5.3","Diatomeen",NA,"362038","5801038","2",NA,NA,"DELW_DEBB80001585139"
"2602","80001585139","Schwielowsee",NA,"80001585139_HM","2020","TP_Saison",NA,"LAWA-TI Gewässerbewertung stehender Gewässer","Chemie (See und FG)",NA,"362026","5801686","165",NA,NA,"DELW_DEBB80001585139"
"2603","80001585139","Schwielowsee",NA,"80001585139_HM","2014","MST Algenklassen_Metrik","Bewertung anhand des Mittelwertergebnisses aller Einzel-Klassenmetriks je Seentyp unter der Regel: Wenn Bewertungswert <0,5 dann gleich Wert 0,5 oder wenn Bewertungswert >5,5 dann gleich Wert 5,5","PhytoSee 7.0 (15.12.2017)","Phytoplankton",NA,"362026","5801686","0,6241",NA,NA,"DELW_DEBB80001585139"
"2604","80001585139","Schwielowsee",NA,"80001585139_HM","2020","MST Typ_Nr","PP-Subtyp der bewerteten MST im Jahr der Untersuchung","PhytoSee 7.1 (2020)","Phytoplankton",NA,"362026","5801686","PP 12",NA,NA,"DELW_DEBB80001585139"
"2605","80001585139","Schwielowsee",NA,"1072","2014","aerophileArten%","See; Fließgew, sauerstoffliebende Arten in Prozent nach Schaumburg","PHYLIB 5.3","Diatomeen",NA,"360177","5801067","0",NA,NA,"DELW_DEBB80001585139"
"2606","80001585139","Schwielowsee",NA,"1076","2017","MIB","Makrophytenindex Brandenburg","nicht bekannt","Makrophyten",NA,"359325","5798048","3,65",NA,NA,"DELW_DEBB80001585139"
"2607","80001585139","Schwielowsee",NA,"80001585139_HM","2023","MST N Monate",NA,"PhytoSee Online 8.0.3 (09.04.2024)","Phytoplankton",NA,"362026","5801686","6",NA,NA,"DELW_DEBB80001585139"
"2608","80001585139","Schwielowsee",NA,"80001585139_HM","2020","MST IST_PTSI_WERT","Phytoplankton-Taxa-Seen-Index Ist-Wert im Jahresmittel für die Messstelle","PhytoSee 7.1 (2020)","Phytoplankton",NA,"362026","5801686","3,84",NA,NA,"DELW_DEBB80001585139"
"2609","80001585139","Schwielowsee",NA,"80001585139_HM","2017","MST PTSI H/G","H/G PTSI vom Typ","PhytoSee 7.0 (15.12.2017)","Phytoplankton",NA,"362026","5801686","3",NA,NA,"DELW_DEBB80001585139"
"2610","80001585139","Schwielowsee",NA,"1076","2023","Diatomeentyp","Diatomeentyp des Wasserköpers verwendet in der Bewertung der Messstelle (siehe Tabelle WAGUET_OWNER_SCHLUESSEL_WERT_TEXT)","PHYLIB 5.3","Makrophyten",NA,"359325","5798048","DS 12",NA,NA,"DELW_DEBB80001585139"
"2611","80001585139","Schwielowsee",NA,"1077","2014","Teilbewertung Diatomeen/Zustands-/Potentialklasse FGW und Seen","FGW, See; Bewertung der Messstelle (1 bis 5 möglich), bei Wert='999' ist das Ergebnis ungesichert; (bei FGW-Halobienindex und Versauerung wird berücksichtigt)","PHYLIB 5.3","Diatomeen",NA,"361975","5802314","3",NA,NA,"DELW_DEBB80001585139"
"2612","80001585139","Schwielowsee",NA,"1074","2014","aerophileArten%","See; Fließgew, sauerstoffliebende Arten in Prozent nach Schaumburg","PHYLIB 5.3","Diatomeen",NA,"361177","5799534","0",NA,NA,"DELW_DEBB80001585139"
"2613","80001585139","Schwielowsee",NA,"80001585139_HM","2014","MST Gesamtbewertung verbal stufig","PSI verbal  für Messstelle und Jahr","PhytoSee 7.0 (15.12.2017)","Phytoplankton",NA,"362026","5801686","sehr gut",NA,NA,"DELW_DEBB80001585139"
"2614","80001585139","Schwielowsee",NA,"80001585139_HM","2014","MST IST_PTSI_WERT","Phytoplankton-Taxa-Seen-Index Ist-Wert im Jahresmittel für die Messstelle","PhytoSee 7.0 (15.12.2017)","Phytoplankton",NA,"362026","5801686","3,56",NA,NA,"DELW_DEBB80001585139"
"2615","80001585139","Schwielowsee",NA,"1074","2023","Bewertung (dezimal)","Bewertung (dezimal)","PHYLIB 5.3","Makrophyten",NA,"361177","5799534","5,44",NA,NA,"DELW_DEBB80001585139"
"2616","80001585139","Schwielowsee",NA,"1072","2023","M-sicher","M-sicher","PHYLIB 5.3","Makrophyten",NA,"360177","5801067","true",NA,NA,"DELW_DEBB80001585139"
"2617","80001585139","Schwielowsee",NA,"1071","2023","RAQ gesichert","RAQ gesichert","PHYLIB 5.3","Makrophyten",NA,"360916","5802164","0",NA,NA,"DELW_DEBB80001585139"
"2618","80001585139","Schwielowsee",NA,"80001585139_HM","2020","MST PTSI_Bew","PTSI-Bewertung für Messstelle und Jahr","PhytoSee 7.1 (2020)","Phytoplankton",NA,"362026","5801686","3,17",NA,NA,"DELW_DEBB80001585139"
"2619","80001585139","Schwielowsee",NA,"1075","2006","Teilbewertung Makrophyten","Bewertung der Messstelle (1 bis 5 möglich), bei leeren Feld ist das Ergebnis ungesichert","MIB 2004","Makrophyten",NA,"359583","5799683","1",NA,NA,"DELW_DEBB80001585139"
"2620","80001585139","Schwielowsee",NA,"80001585139_HM","2020","MST Beprobung konform?","Beprobung methodenkonform oder nicht? für Messstelle und Jahr","PhytoSee 7.1 (2020)","Phytoplankton",NA,"362026","5801686","incl. Märzprobe",NA,NA,"DELW_DEBB80001585139"
"2621","80001585139","Schwielowsee",NA,"80001585139_HM","2017","MST Bac_Crypto_S_Bew","Bewertung Bac_Crypto für Messstelle und Jahr","PhytoSee 7.0 (15.12.2017)","Phytoplankton",NA,"362026","5801686","0-,34",NA,NA,"DELW_DEBB80001585139"
"2622","80001585139","Schwielowsee",NA,"1075","2014","aerophileArten%","See; Fließgew, sauerstoffliebende Arten in Prozent nach Schaumburg","PHYLIB 5.3","Diatomeen",NA,"359583","5799683","0",NA,NA,"DELW_DEBB80001585139"
"2623","80001585139","Schwielowsee",NA,"80001585139_HM","2009","Chl_Saison_Anzahl",NA,"LAWA-TI Gewässerbewertung stehender Gewässer","Chemie (See und FG)",NA,"362026","5801686","10",NA,NA,"DELW_DEBB80001585139"
"2624","80001585139","Schwielowsee",NA,"80001585139_HM","2020","MST Maximum Chla µg/l",NA,"PhytoSee 7.1 (2020)","Phytoplankton",NA,"362026","5801686","23,3",NA,NA,"DELW_DEBB80001585139"
"2625","80001585139","Schwielowsee",NA,"1074","2017","MIB","Makrophytenindex Brandenburg","nicht bekannt","Makrophyten",NA,"361177","5799534","3,4",NA,NA,"DELW_DEBB80001585139"
"2626","80001585139","Schwielowsee",NA,"1077","2009","I_UMG","Index aus der unteren Makrophytengrenze, Teilindex des MIB","MIB 2004","Makrophyten",NA,"361975","5802314","0-1,9",NA,NA,"DELW_DEBB80001585139"
"2627","80001585139","Schwielowsee",NA,"80001585139_HM","2020","Sichttiefe_Saison_Anzahl",NA,"LAWA-TI Gewässerbewertung stehender Gewässer","Chemie (See und FG)",NA,"362026","5801686","6",NA,NA,"DELW_DEBB80001585139"
"2628","80001585139","Schwielowsee",NA,"80001585139_HM","2014","MST TypPTSI_Ref","PTSI-Referenz für den Typ","PhytoSee 7.0 (15.12.2017)","Phytoplankton",NA,"362026","5801686","2,5",NA,NA,"DELW_DEBB80001585139"
"2629","80001585139","Schwielowsee",NA,"80001585139_HM","2023","MST PTSI H/G","H/G PTSI vom Typ","PhytoSee Online 8.0.3 (09.04.2024)","Phytoplankton",NA,"362026","5801686","3",NA,NA,"DELW_DEBB80001585139"
"2630","80001585139","Schwielowsee",NA,"1074","2014","Diatomeentyp","Diatomeentyp des Wasserköpers verwendet in der Bewertung der Messstelle (siehe Tabelle WAGUET_OWNER_SCHLUESSEL_WERT_TEXT)","PHYLIB 5.3","Diatomeen",NA,"361177","5799534","DS 12",NA,NA,"DELW_DEBB80001585139"
"2631","80001585139","Schwielowsee",NA,"1073","2017","MIB","Makrophytenindex Brandenburg","MIB 2004","Makrophyten",NA,"362038","5801038","3,38",NA,NA,"DELW_DEBB80001585139"
"2632","80001585139","Schwielowsee",NA,"80001585139_HM","2020","MST Chla µg/l",NA,"PhytoSee 7.1 (2020)","Phytoplankton",NA,"362026","5801686","9,63",NA,NA,"DELW_DEBB80001585139"
"2633","80001585139","Schwielowsee",NA,"80001585139_HM","2017","PhytoSee MST Expert_MST-PSI","Expertenurteil für Messstelle und Jahr","PhytoSee 7.0 (15.12.2017)","Phytoplankton",NA,"362026","5801686","PSI MST gültig",NA,NA,"DELW_DEBB80001585139"
"2634","80001585139","Schwielowsee",NA,"80001585139_HM","2023","MST G_Biomasse",NA,"PhytoSee Online 8.0.3 (09.04.2024)","Phytoplankton",NA,"362026","5801686","4",NA,NA,"DELW_DEBB80001585139"
"2635","80001585139","Schwielowsee",NA,"1077","2023","Teilbewertung Makrophyten","Bewertung der Messstelle (1 bis 5 möglich), bei leeren Feld ist das Ergebnis ungesichert","PHYLIB 5.3","Makrophyten",NA,"361975","5802314","3",NA,NA,"DELW_DEBB80001585139"
"2636","80001585139","Schwielowsee",NA,"80001585139_HM","2017","Chl_Saison",NA,"LAWA-TI Gewässerbewertung stehender Gewässer","Chemie (See und FG)",NA,"362026","5801686","5,25",NA,NA,"DELW_DEBB80001585139"
"2637","80001585139","Schwielowsee",NA,"80001585139_HM","2006","TP_MW","Mittelwert TP in mg/l (Messergb.)","LAWA-TI Gewässerbewertung stehender Gewässer","Chemie (See und FG)",NA,"362026","5801686","234,17",NA,NA,"DELW_DEBB80001585139"
"2638","80001585139","Schwielowsee",NA,"1071","2023","Bew. Makrophyten (dezimal)","Bew. Makrophyten (dezimal)","PHYLIB 5.3","Makrophyten",NA,"360916","5802164","4,64",NA,NA,"DELW_DEBB80001585139"
"2639","80001585139","Schwielowsee",NA,"80001585139_HM","2020","MST Biomasse_Metrik","Metrik Biomasse  für Messstelle und Jahr","PhytoSee 7.1 (2020)","Phytoplankton",NA,"362026","5801686","0,608",NA,NA,"DELW_DEBB80001585139"
"2640","80001585139","Schwielowsee",NA,"1071","2017","MIB","Makrophytenindex Brandenburg","nicht bekannt","Makrophyten",NA,"360916","5802164","3,55",NA,NA,"DELW_DEBB80001585139"
"2641","80001585139","Schwielowsee",NA,"80001585139_HM","2017","TP_Frühjahr_Anzahl",NA,"LAWA-TI Gewässerbewertung stehender Gewässer","Chemie (See und FG)",NA,"362026","5801686","6",NA,NA,"DELW_DEBB80001585139"
"2642","80001585139","Schwielowsee",NA,"S_0306","1997","Chl_MW","Jahresmittelwert Chl-a in µg/l","nicht bekannt","Chemie (See und FG)",NA,NA,NA,"77,16",NA,NA,"DELW_DEBB80001585139"
"2643","80001585139","Schwielowsee",NA,"1073","2014","Makrophytentyp","Makrophytentyp des Wasserköpers verwendet in der Bewertung der Messstelle (siehe Tabelle WAGUET_OWNER_SCHLUESSEL_WERT_TEXT)","PHYLIB 5.3","Diatomeen",NA,"362038","5801038","TKp - 12",NA,NA,"DELW_DEBB80001585139"
"2644","80001585139","Schwielowsee",NA,"1076","2017","I_UMG","Index aus der unteren Makrophytengrenze, Teilindex des MIB","MIB 2004","Makrophyten",NA,"359325","5798048","0-1,95",NA,NA,"DELW_DEBB80001585139"
"2645","80001585139","Schwielowsee",NA,"80001585139_HM","2017","Chl_Saison_Anzahl",NA,"LAWA-TI Gewässerbewertung stehender Gewässer","Chemie (See und FG)",NA,"362026","5801686","10",NA,NA,"DELW_DEBB80001585139"
"2646","80001585139","Schwielowsee",NA,"1074","2023","Vegetationsgrenze plausibel","Vegetationsgrenze plausibel","PHYLIB 5.3","Makrophyten",NA,"361177","5799534","true",NA,NA,"DELW_DEBB80001585139"
"2647","80001585139","Schwielowsee",NA,"80001585139_HM","2023","MST Version-Programm",NA,"PhytoSee Online 8.0.3 (09.04.2024)","Phytoplankton",NA,"362026","5801686","PhytoSee Online 8.0.3, Stand 02.05.2024",NA,NA,"DELW_DEBB80001585139"
"2648","80001585139","Schwielowsee",NA,"80001585139_HM","2014","MST Beprobung konform?","Beprobung methodenkonform oder nicht? für Messstelle und Jahr","PhytoSee 7.0 (15.12.2017)","Phytoplankton",NA,"362026","5801686","ok",NA,NA,"DELW_DEBB80001585139"
"2649","80001585139","Schwielowsee",NA,"80001585139euphot","2006","Bewertung Phytoplankton","Bi Phytoplankton ( nach neuer (2009) See-Typzuweisung und Phytosee 4) und Phytofliess","nicht bekannt","Phytoplankton",NA,"362026","5801686","3",NA,NA,"DELW_DEBB80001585139"
"2650","80001585139","Schwielowsee",NA,"1075","2014","M_TILNord / Trophieindex (umger.)","See; Modul Trophie-Index (Wert zwischen 0 und 1)","PHYLIB 5.3","Diatomeen",NA,"359583","5799683","0,527",NA,NA,"DELW_DEBB80001585139"
"2651","80001585139","Schwielowsee",NA,"80001585139_HM","2023","MST MaxvonMonat",NA,"PhytoSee Online 8.0.3 (09.04.2024)","Phytoplankton",NA,"362026","5801686","10",NA,NA,"DELW_DEBB80001585139"
"2652","80001585139","Schwielowsee",NA,"80001585139_HM","2020","MST TypPTSI_Ref","PTSI-Referenz für den Typ","PhytoSee 7.1 (2020)","Phytoplankton",NA,"362026","5801686","2,5",NA,NA,"DELW_DEBB80001585139"
"2653","80001585139","Schwielowsee",NA,"1072","2023","RAQ gesichert","RAQ gesichert","PHYLIB 5.3","Makrophyten",NA,"360177","5801067","0",NA,NA,"DELW_DEBB80001585139"
"2654","80001585139","Schwielowsee",NA,"80001585139_HM","2017","MST Gesamtbiovolumen in mm3/l","Gesamtbiovolumen Saison (mm3/l) im Mittel Mittel März - November","PhytoSee 7.0 (15.12.2017)","Phytoplankton","mm3/l","362026","5801686","0,9123",NA,NA,"DELW_DEBB80001585139"
"2655","80001585139","Schwielowsee",NA,"1077","2023","Diatomeentyp","Diatomeentyp des Wasserköpers verwendet in der Bewertung der Messstelle (siehe Tabelle WAGUET_OWNER_SCHLUESSEL_WERT_TEXT)","PHYLIB 5.3","Makrophyten",NA,"361975","5802314","DS 12",NA,NA,"DELW_DEBB80001585139"
"2656","80001585139","Schwielowsee",NA,"1073","2023","Makrophytentyp","Makrophytentyp des Wasserköpers verwendet in der Bewertung der Messstelle (siehe Tabelle WAGUET_OWNER_SCHLUESSEL_WERT_TEXT)","PHYLIB 5.3","Makrophyten",NA,"362038","5801038","TKp - 12",NA,NA,"DELW_DEBB80001585139"
"2657","80001585139","Schwielowsee",NA,"1071","2023","M-sicher","M-sicher","PHYLIB 5.3","Makrophyten",NA,"360916","5802164","true",NA,NA,"DELW_DEBB80001585139"
"2658","80001585139","Schwielowsee",NA,"1077","2023","Makrophytenverödung","Makrophytenverödung","PHYLIB 5.3","Makrophyten",NA,"361975","5802314","false",NA,NA,"DELW_DEBB80001585139"
"2659","80001585139","Schwielowsee",NA,"1077","2014","aerophileArten%","See; Fließgew, sauerstoffliebende Arten in Prozent nach Schaumburg","PHYLIB 5.3","Diatomeen",NA,"361975","5802314","0",NA,NA,"DELW_DEBB80001585139"
"2660","80001585139","Schwielowsee",NA,"1072","2009","Teilbewertung Diatomeen/Zustands-/Potentialklasse FGW und Seen","FGW, See; Bewertung der Messstelle (1 bis 5 möglich), bei Wert='999' ist das Ergebnis ungesichert; (bei FGW-Halobienindex und Versauerung wird berücksichtigt)","PHYLIB 4.1","Diatomeen",NA,"360177","5801067","3",NA,NA,"DELW_DEBB80001585139"
"2661","80001585139","Schwielowsee",NA,"1075","2009","Teilbewertung Diatomeen/Zustands-/Potentialklasse FGW und Seen","FGW, See; Bewertung der Messstelle (1 bis 5 möglich), bei Wert='999' ist das Ergebnis ungesichert; (bei FGW-Halobienindex und Versauerung wird berücksichtigt)","PHYLIB 4.1","Diatomeen",NA,"359583","5799683","2",NA,NA,"DELW_DEBB80001585139"
"2662","80001585139","Schwielowsee",NA,"1071","2014","Teilbewertung Diatomeen, vorläufig/FGW - Ergebnis ohne Salzbelastung & See - vorläufige Bewertung","See, FGW; Bewertung der Messstelle (1 bis 5 möglich), bei Wert='999' ist das Ergebnis ungesichert; Seen - TI-Anteil, RAQ-Arten und TI-Anzahl wird berücksichtigt","PHYLIB 5.3","Diatomeen",NA,"360916","5802164","3",NA,NA,"DELW_DEBB80001585139"
"2663","80001585139","Schwielowsee",NA,"1076","2023","Vegetationsgrenze plausibel","Vegetationsgrenze plausibel","PHYLIB 5.3","Makrophyten",NA,"359325","5798048","true",NA,NA,"DELW_DEBB80001585139"
"2664","80001585139","Schwielowsee",NA,"80001585139_HM","2020","MST Chloro-Bewertung","Bewertung Chloro für Messstelle und Jahr","PhytoSee 7.1 (2020)","Phytoplankton",NA,"362026","5801686","0,2964",NA,NA,"DELW_DEBB80001585139"
"2665","80001585139","Schwielowsee",NA,"1077","2014","M_RAQ","See; Modul Referenzartenquotien","PHYLIB 5.3","Diatomeen",NA,"361975","5802314","0-,38",NA,NA,"DELW_DEBB80001585139"
"2666","80001585139","Schwielowsee",NA,"1075","2014","M_RAQ","See; Modul Referenzartenquotien","PHYLIB 5.3","Diatomeen",NA,"359583","5799683","0-,57",NA,NA,"DELW_DEBB80001585139"
"2667","80001585139","Schwielowsee",NA,"1073","2017","I_Arten","Artindex, Teilindex des MIB","MIB 2004","Makrophyten",NA,"362038","5801038","0-2,67",NA,NA,"DELW_DEBB80001585139"
"2668","80001585139","Schwielowsee",NA,"80001585139_HM","2020","MST PSI Phyto-See-Index","PSI als Zahl für Messstelle und Jahr","PhytoSee 7.1 (2020)","Phytoplankton",NA,"362026","5801686","1,14",NA,NA,"DELW_DEBB80001585139"
"2669","80001585139","Schwielowsee",NA,"1072","2014","M_TILNord / Trophieindex (umger.)","See; Modul Trophie-Index (Wert zwischen 0 und 1)","PHYLIB 5.3","Diatomeen",NA,"360177","5801067","0,872",NA,NA,"DELW_DEBB80001585139"
"2670","80001585139","Schwielowsee",NA,"80001585139_HM","2006","TP_Frühjahr",NA,"LAWA-TI Gewässerbewertung stehender Gewässer","Chemie (See und FG)",NA,"362026","5801686","280",NA,NA,"DELW_DEBB80001585139"
"2671","80001585139","Schwielowsee",NA,"1076","2023","Vegetationsgrenze","Vegetationsgrenze","PHYLIB 5.3","Makrophyten",NA,"359325","5798048","1,6",NA,NA,"DELW_DEBB80001585139"
"2672","80001585139","Schwielowsee",NA,"80001585139_HM","2023","MST Diff PTSI-RefTrophie","Differenz zwischen PTSI und Referenztrophiefür Messstelle und Jahr","PhytoSee Online 8.0.3 (09.04.2024)","Phytoplankton",NA,"362026","5801686","1,34",NA,NA,"DELW_DEBB80001585139"
"2673","80001585139","Schwielowsee",NA,"1073","2006","Teilbewertung Makrophyten","Bewertung der Messstelle (1 bis 5 möglich), bei leeren Feld ist das Ergebnis ungesichert","MIB 2004","Makrophyten",NA,"362038","5801038","1",NA,NA,"DELW_DEBB80001585139"
"2674","80001585139","Schwielowsee",NA,"1074","2014","Teilbewertung Diatomeen/Zustands-/Potentialklasse FGW und Seen","FGW, See; Bewertung der Messstelle (1 bis 5 möglich), bei Wert='999' ist das Ergebnis ungesichert; (bei FGW-Halobienindex und Versauerung wird berücksichtigt)","PHYLIB 5.3","Diatomeen",NA,"361177","5799534","3",NA,NA,"DELW_DEBB80001585139"
"2675","80001585139","Schwielowsee",NA,"1071","2023","Bewertung (dezimal)","Bewertung (dezimal)","PHYLIB 5.3","Makrophyten",NA,"360916","5802164","4,64",NA,NA,"DELW_DEBB80001585139"
"2676","80001585139","Schwielowsee",NA,"S_0306","1994","Sichttiefe_Jahesmittel","Sichttiefe_Jahesmittel in m","nicht bekannt","Chemie (See und FG)",NA,NA,NA,"1,12",NA,NA,"DELW_DEBB80001585139"
"2677","80001585139","Schwielowsee",NA,"S_0306","2003","Chl_MW","Jahresmittelwert Chl-a in µg/l","nicht bekannt","Chemie (See und FG)",NA,NA,NA,"58,42",NA,NA,"DELW_DEBB80001585139"
"2678","80001585139","Schwielowsee",NA,"1075","2023","M-sicher","M-sicher","PHYLIB 5.3","Makrophyten",NA,"359583","5799683","true",NA,NA,"DELW_DEBB80001585139"
"2679","80001585139","Schwielowsee",NA,"80001585139_HM","2009","TP_MW","Mittelwert TP in mg/l (Messergb.)","LAWA-TI Gewässerbewertung stehender Gewässer","Chemie (See und FG)",NA,"362026","5801686","181,17",NA,NA,"DELW_DEBB80001585139"
"2680","80001585139","Schwielowsee",NA,"1071","2023","Vegetationsgrenze","Vegetationsgrenze","PHYLIB 5.3","Makrophyten",NA,"360916","5802164","1,4",NA,NA,"DELW_DEBB80001585139"
"2681","80001585139","Schwielowsee",NA,"1076","2023","RAQ gesichert","RAQ gesichert","PHYLIB 5.3","Makrophyten",NA,"359325","5798048","0",NA,NA,"DELW_DEBB80001585139"
"2682","80001585139","Schwielowsee",NA,"1074","2014","M_RAQ","See; Modul Referenzartenquotien","PHYLIB 5.3","Diatomeen",NA,"361177","5799534","0-,22",NA,NA,"DELW_DEBB80001585139"
"2683","80001585139","Schwielowsee",NA,"80001585139_HM","2023","ST_Saison",NA,"LAWA-TI Gewässerbewertung stehender Gewässer","Chemie (See und FG)",NA,"362026","5801686","1,82",NA,NA,"DELW_DEBB80001585139"
"2684","80001585139","Schwielowsee",NA,"1076","2023","M-sicher","M-sicher","PHYLIB 5.3","Makrophyten",NA,"359325","5798048","true",NA,NA,"DELW_DEBB80001585139"
"2685","80001585139","Schwielowsee",NA,"80001585139_HM","2009","Bewertung Phytoplankton","Bi Phytoplankton ( nach neuer (2009) See-Typzuweisung und Phytosee 4) und Phytofliess","PhytoSee 5.0 (2013)","Phytoplankton",NA,"362026","5801686","3",NA,NA,"DELW_DEBB80001585139"
"2686","80001585139","Schwielowsee",NA,"1072","2014","TIL_Nord","See; berechneter Trophie-Index Nord","PHYLIB 5.3","Diatomeen",NA,"360177","5801067","2",NA,NA,"DELW_DEBB80001585139"
"2687","80001585139","Schwielowsee",NA,"1073","2014","vorlaeufigeBewertung","See; Fließgew; vorläufige Bewertung der Messstelle, (FGW - Halobienindex und Versauerung wird nicht berücksichtigt; Seen - TI-Anteil, RAQ-Arten und TI-Anzahl wird nicht berücksichtigt)","PHYLIB 5.3","Diatomeen",NA,"362038","5801038","3",NA,NA,"DELW_DEBB80001585139"
"2688","80001585139","Schwielowsee",NA,"1073","2006","I_Arten","Artindex, Teilindex des MIB","MIB 2004","Makrophyten",NA,"362038","5801038","0-4,64",NA,NA,"DELW_DEBB80001585139"
"2689","80001585139","Schwielowsee",NA,"80001585139_HM","2023","MST G_PTSI",NA,"PhytoSee Online 8.0.3 (09.04.2024)","Phytoplankton",NA,"362026","5801686","2",NA,NA,"DELW_DEBB80001585139"
"2690","80001585139","Schwielowsee",NA,"1072","2014","vorlaeufigeBewertung","See; Fließgew; vorläufige Bewertung der Messstelle, (FGW - Halobienindex und Versauerung wird nicht berücksichtigt; Seen - TI-Anteil, RAQ-Arten und TI-Anzahl wird nicht berücksichtigt)","PHYLIB 5.3","Diatomeen",NA,"360177","5801067","2",NA,NA,"DELW_DEBB80001585139"
"2691","80001585139","Schwielowsee",NA,"80001585139_HM","2020","TP_Frühjahr",NA,"LAWA-TI Gewässerbewertung stehender Gewässer","Chemie (See und FG)",NA,"362026","5801686","109",NA,NA,"DELW_DEBB80001585139"
"2692","80001585139","Schwielowsee",NA,"1075","2023","Makrophytenverödung","Makrophytenverödung","PHYLIB 5.3","Makrophyten",NA,"359583","5799683","false",NA,NA,"DELW_DEBB80001585139"
"2693","80001585139","Schwielowsee",NA,"80001585139_HM","2006","Chl_Saison",NA,"LAWA-TI Gewässerbewertung stehender Gewässer","Chemie (See und FG)",NA,"362026","5801686","37,87",NA,NA,"DELW_DEBB80001585139"
"2694","80001585139","Schwielowsee",NA,"80001585139_HM","2014","TP_Frühjahr_Anzahl",NA,"LAWA-TI Gewässerbewertung stehender Gewässer","Chemie (See und FG)",NA,"362026","5801686","6",NA,NA,"DELW_DEBB80001585139"
"2695","80001585139","Schwielowsee",NA,"1072","2014","Makrophytentyp","Makrophytentyp des Wasserköpers verwendet in der Bewertung der Messstelle (siehe Tabelle WAGUET_OWNER_SCHLUESSEL_WERT_TEXT)","PHYLIB 5.3","Diatomeen",NA,"360177","5801067","TKp - 12",NA,NA,"DELW_DEBB80001585139"
"2696","80001585139","Schwielowsee",NA,"1076","2023","Zustandsklasse","Zustands-/Potentialklasse","PHYLIB 5.3","Makrophyten",NA,"359325","5798048","5",NA,NA,"DELW_DEBB80001585139"
"2697","80001585139","Schwielowsee",NA,"80001585139_HM","2020","MST Diff PTSI-RefTrophie","Differenz zwischen PTSI und Referenztrophiefür Messstelle und Jahr","PhytoSee 7.1 (2020)","Phytoplankton",NA,"362026","5801686","1,34",NA,NA,"DELW_DEBB80001585139"
"2698","80001585139","Schwielowsee",NA,"1077","2017","I_Arten","Artindex, Teilindex des MIB","MIB 2004","Makrophyten",NA,"361975","5802314","0-2,21",NA,NA,"DELW_DEBB80001585139"
"2699","80001585139","Schwielowsee",NA,"80001585139_HM","2017","ST_Saison",NA,"LAWA-TI Gewässerbewertung stehender Gewässer","Chemie (See und FG)",NA,"362026","5801686","2,58",NA,NA,"DELW_DEBB80001585139"
"2700","80001585139","Schwielowsee",NA,"S_0306","1995","Chl_MW","Jahresmittelwert Chl-a in µg/l","nicht bekannt","Chemie (See und FG)",NA,NA,NA,"71,24",NA,NA,"DELW_DEBB80001585139"
"2701","80001585139","Schwielowsee",NA,"80001585139_HM","2014","MST N_Indikatortaxa","mittlere Anzahl nutzbarer Indikatortaxa","PhytoSee 7.0 (15.12.2017)","Phytoplankton",NA,"362026","5801686","4,5",NA,NA,"DELW_DEBB80001585139"
"2702","80001585139","Schwielowsee",NA,"1074","2023","Diatomeentyp","Diatomeentyp des Wasserköpers verwendet in der Bewertung der Messstelle (siehe Tabelle WAGUET_OWNER_SCHLUESSEL_WERT_TEXT)","PHYLIB 5.3","Makrophyten",NA,"361177","5799534","DS 12",NA,NA,"DELW_DEBB80001585139"
"2703","80001585139","Schwielowsee",NA,"1074","2023","Gesamthäufigkeit (prozent) D","Gesamthäufigkeit [%] D","PHYLIB 5.3","Makrophyten",NA,"361177","5799534","0",NA,NA,"DELW_DEBB80001585139"
"2704","80001585139","Schwielowsee",NA,"80001585139_HM","2017","MST IST_PTSI_WERT","Phytoplankton-Taxa-Seen-Index Ist-Wert im Jahresmittel für die Messstelle","PhytoSee 7.0 (15.12.2017)","Phytoplankton",NA,"362026","5801686","3,42",NA,NA,"DELW_DEBB80001585139"
"2705","80001585139","Schwielowsee",NA,"80001585139_HM","2014","MST Chloro-Bewertung","Bewertung Chloro für Messstelle und Jahr","PhytoSee 7.0 (15.12.2017)","Phytoplankton",NA,"362026","5801686","0-,44",NA,NA,"DELW_DEBB80001585139"
"2706","80001585139","Schwielowsee",NA,"80001585139_HM","2017","MST Diff PTSI-RefTrophie","Differenz zwischen PTSI und Referenztrophiefür Messstelle und Jahr","PhytoSee 7.0 (15.12.2017)","Phytoplankton",NA,"362026","5801686","0,9209",NA,NA,"DELW_DEBB80001585139"
"2707","80001585139","Schwielowsee",NA,"1077","2014","Diatomeentyp","Diatomeentyp des Wasserköpers verwendet in der Bewertung der Messstelle (siehe Tabelle WAGUET_OWNER_SCHLUESSEL_WERT_TEXT)","PHYLIB 5.3","Diatomeen",NA,"361975","5802314","DS 12",NA,NA,"DELW_DEBB80001585139"
"2708","80001585139","Schwielowsee",NA,"1073","2023","M-sicher","M-sicher","PHYLIB 5.3","Makrophyten",NA,"362038","5801038","true",NA,NA,"DELW_DEBB80001585139"
"2709","80001585139","Schwielowsee",NA,"1077","2023","Gesamthäufigkeit (prozent) D","Gesamthäufigkeit [%] D","PHYLIB 5.3","Makrophyten",NA,"361975","5802314","0",NA,NA,"DELW_DEBB80001585139"
"2710","80001585139","Schwielowsee",NA,"1077","2023","Bew. Makrophyten (dezimal)","Bew. Makrophyten (dezimal)","PHYLIB 5.3","Makrophyten",NA,"361975","5802314","3,41",NA,NA,"DELW_DEBB80001585139"
"2711","80001585139","Schwielowsee",NA,"80001585139_HM","2023","MST Chloro-Bewertung","Bewertung Chloro für Messstelle und Jahr","PhytoSee Online 8.0.3 (09.04.2024)","Phytoplankton",NA,"362026","5801686","3,47",NA,NA,"DELW_DEBB80001585139"
"2712","80001585139","Schwielowsee",NA,"1071","2023","Diatomeentyp","Diatomeentyp des Wasserköpers verwendet in der Bewertung der Messstelle (siehe Tabelle WAGUET_OWNER_SCHLUESSEL_WERT_TEXT)","PHYLIB 5.3","Makrophyten",NA,"360916","5802164","DS 12",NA,NA,"DELW_DEBB80001585139"
"2713","80001585139","Schwielowsee",NA,"S_0306","2000","Sichttiefe_Jahesmittel","Sichttiefe_Jahesmittel in m","nicht bekannt","Chemie (See und FG)",NA,NA,NA,"1,02",NA,NA,"DELW_DEBB80001585139"
"2714","80001585139","Schwielowsee",NA,"1071","2017","I_UMG","Index aus der unteren Makrophytengrenze, Teilindex des MIB","MIB 2004","Makrophyten",NA,"360916","5802164","0-2,09",NA,NA,"DELW_DEBB80001585139"
"2715","80001585139","Schwielowsee",NA,"S_0306","1994","Chl_MW","Jahresmittelwert Chl-a in µg/l","nicht bekannt","Chemie (See und FG)",NA,NA,NA,"48,85",NA,NA,"DELW_DEBB80001585139"
"2716","80001585139","Schwielowsee",NA,"80001585139_HM","2006","Sichttiefe_Saison_Anzahl",NA,"LAWA-TI Gewässerbewertung stehender Gewässer","Chemie (See und FG)",NA,"362026","5801686","6",NA,NA,"DELW_DEBB80001585139"
"2717","80001585139","Schwielowsee",NA,"80001585139_HM","2014","TP_MW","Mittelwert TP in mg/l (Messergb.)","LAWA-TI Gewässerbewertung stehender Gewässer","Chemie (See und FG)",NA,"362026","5801686","94,67",NA,NA,"DELW_DEBB80001585139"
"2718","80001585139","Schwielowsee",NA,"1074","2023","M-sicher","M-sicher","PHYLIB 5.3","Makrophyten",NA,"361177","5799534","true",NA,NA,"DELW_DEBB80001585139"
"2719","80001585139","Schwielowsee",NA,"80001585139_HM","2014","MST PSI Phyto-See-Index","PSI als Zahl für Messstelle und Jahr","PhytoSee 7.0 (15.12.2017)","Phytoplankton",NA,"362026","5801686","1,17",NA,NA,"DELW_DEBB80001585139"
"2720","80001585139","Schwielowsee",NA,"1075","2006","I_Arten","Artindex, Teilindex des MIB","MIB 2004","Makrophyten",NA,"359583","5799683","0-4,64",NA,NA,"DELW_DEBB80001585139"
"2721","80001585139","Schwielowsee",NA,"1074","2023","Makrophytenverödung","Makrophytenverödung","PHYLIB 5.3","Makrophyten",NA,"361177","5799534","false",NA,NA,"DELW_DEBB80001585139"
"2722","80001585139","Schwielowsee",NA,"1075","2023","Teilbewertung Makrophyten","Bewertung der Messstelle (1 bis 5 möglich), bei leeren Feld ist das Ergebnis ungesichert","PHYLIB 5.3","Makrophyten",NA,"359583","5799683","5",NA,NA,"DELW_DEBB80001585139"
"2723","80001585139","Schwielowsee",NA,"1074","2017","I_Arten","Artindex, Teilindex des MIB","MIB 2004","Makrophyten",NA,"361177","5799534","0-3,27",NA,NA,"DELW_DEBB80001585139"
"2724","80001585139","Schwielowsee",NA,"1075","2023","Vegetationsgrenze plausibel","Vegetationsgrenze plausibel","PHYLIB 5.3","Makrophyten",NA,"359583","5799683","true",NA,NA,"DELW_DEBB80001585139"
"2725","80001585139","Schwielowsee",NA,"1073","2023","RAQ gesichert","RAQ gesichert","PHYLIB 5.3","Makrophyten",NA,"362038","5801038","0",NA,NA,"DELW_DEBB80001585139"
"2726","80001585139","Schwielowsee",NA,"80001585139_HM","2020","MST Gewässerart",NA,"PhytoSee 7.1 (2020)","Phytoplankton",NA,"362026","5801686","See",NA,NA,"DELW_DEBB80001585139"
"2727","80001585139","Schwielowsee",NA,"80001585139_HM","2014","MST Gesamtbiovolumen in mm3/l","Gesamtbiovolumen Saison (mm3/l) im Mittel Mittel März - November","PhytoSee 7.0 (15.12.2017)","Phytoplankton","mm3/l","362026","5801686","2,11",NA,NA,"DELW_DEBB80001585139"
"2728","80001585139","Schwielowsee",NA,"1072","2023","Makrophytentyp","Makrophytentyp des Wasserköpers verwendet in der Bewertung der Messstelle (siehe Tabelle WAGUET_OWNER_SCHLUESSEL_WERT_TEXT)","PHYLIB 5.3","Makrophyten",NA,"360177","5801067","TKp - 12",NA,NA,"DELW_DEBB80001585139"
"2729","80001585139","Schwielowsee",NA,"1076","2014","WRRL-Fließgewässertyp","WRRL-Fließgewässertyp und -Seetyp verwendet in der Bewertung der Messstelle (siehe Tabelle WAGUET_OWNER_SCHLUESSEL_WERT_TEXT)","PHYLIB 5.3","Diatomeen",NA,"359325","5798048","12",NA,NA,"DELW_DEBB80001585139"
"2730","80001585139","Schwielowsee",NA,"1071","2014","vorlaeufigeBewertung","See; Fließgew; vorläufige Bewertung der Messstelle, (FGW - Halobienindex und Versauerung wird nicht berücksichtigt; Seen - TI-Anteil, RAQ-Arten und TI-Anzahl wird nicht berücksichtigt)","PHYLIB 5.3","Diatomeen",NA,"360916","5802164","3",NA,NA,"DELW_DEBB80001585139"
"2731","80001585139","Schwielowsee",NA,"1074","2009","I_UMG","Index aus der unteren Makrophytengrenze, Teilindex des MIB","MIB 2004","Makrophyten",NA,"361177","5799534","0-1,75",NA,NA,"DELW_DEBB80001585139"
"2732","80001585139","Schwielowsee",NA,"80001585139_HM","2009","Sichttiefe_Saison_Anzahl",NA,"LAWA-TI Gewässerbewertung stehender Gewässer","Chemie (See und FG)",NA,"362026","5801686","6",NA,NA,"DELW_DEBB80001585139"
"2733","80001585139","Schwielowsee",NA,"S_0306","1996","Chl_MW","Jahresmittelwert Chl-a in µg/l","nicht bekannt","Chemie (See und FG)",NA,NA,NA,"51,28",NA,NA,"DELW_DEBB80001585139"
"2734","80001585139","Schwielowsee",NA,"80001585139_HM","2023","MST Gewässerart",NA,"PhytoSee Online 8.0.3 (09.04.2024)","Phytoplankton",NA,"362026","5801686","See",NA,NA,"DELW_DEBB80001585139"
"2735","80001585139","Schwielowsee",NA,"S_0306","1997","Sichttiefe_Jahesmittel","Sichttiefe_Jahesmittel in m","nicht bekannt","Chemie (See und FG)",NA,NA,NA,"1,18",NA,NA,"DELW_DEBB80001585139"
"2736","80001585139","Schwielowsee",NA,"1073","2006","I_UMG","Index aus der unteren Makrophytengrenze, Teilindex des MIB","MIB 2004","Makrophyten",NA,"362038","5801038","0-1,9",NA,NA,"DELW_DEBB80001585139"
"2737","80001585139","Schwielowsee",NA,"80001585139_HM","2009","Chl_Saison",NA,"LAWA-TI Gewässerbewertung stehender Gewässer","Chemie (See und FG)",NA,"362026","5801686","53,36",NA,NA,"DELW_DEBB80001585139"
"2738","80001585139","Schwielowsee",NA,"1073","2023","Vegetationsgrenze","Vegetationsgrenze","PHYLIB 5.3","Makrophyten",NA,"362038","5801038","2,1",NA,NA,"DELW_DEBB80001585139"
"2739","80001585139","Schwielowsee",NA,"1071","2014","Makrophytentyp","Makrophytentyp des Wasserköpers verwendet in der Bewertung der Messstelle (siehe Tabelle WAGUET_OWNER_SCHLUESSEL_WERT_TEXT)","PHYLIB 5.3","Diatomeen",NA,"360916","5802164","TKp - 12",NA,NA,"DELW_DEBB80001585139"
"2740","80001585139","Schwielowsee",NA,"80001585139euphot","2009","Bewertung Phytoplankton","Bi Phytoplankton ( nach neuer (2009) See-Typzuweisung und Phytosee 4) und Phytofliess","nicht bekannt","Phytoplankton",NA,"362026","5801686","3",NA,NA,"DELW_DEBB80001585139"
"2741","80001585139","Schwielowsee",NA,"80001585139_HM","2006","TP_Frühjahr_Anzahl",NA,"LAWA-TI Gewässerbewertung stehender Gewässer","Chemie (See und FG)",NA,"362026","5801686","6",NA,NA,"DELW_DEBB80001585139"
"2742","80001585139","Schwielowsee",NA,"1077","2009","Teilbewertung Diatomeen, vorläufig/FGW - Ergebnis ohne Salzbelastung & See - vorläufige Bewertung","See, FGW; Bewertung der Messstelle (1 bis 5 möglich), bei Wert='999' ist das Ergebnis ungesichert; Seen - TI-Anteil, RAQ-Arten und TI-Anzahl wird berücksichtigt","PHYLIB 4.1","Diatomeen",NA,"361975","5802314","3",NA,NA,"DELW_DEBB80001585139"
"2743","80001585139","Schwielowsee",NA,"1071","2014","TIL_Nord","See; berechneter Trophie-Index Nord","PHYLIB 5.3","Diatomeen",NA,"360916","5802164","3,31",NA,NA,"DELW_DEBB80001585139"
"2744","80001585139","Schwielowsee",NA,"80001585139_HM","2023","MST Chla µg/l",NA,"PhytoSee Online 8.0.3 (09.04.2024)","Phytoplankton",NA,"362026","5801686","18,17",NA,NA,"DELW_DEBB80001585139"
"2745","80001585139","Schwielowsee",NA,"80001585139_HM","2020","MST G_Algenklasse",NA,"PhytoSee 7.1 (2020)","Phytoplankton",NA,"362026","5801686","3",NA,NA,"DELW_DEBB80001585139"
"2746","80001585139","Schwielowsee",NA,"80001585139_HM","2017","MST Gesamtbewertung verbal stufig","PSI verbal  für Messstelle und Jahr","PhytoSee 7.0 (15.12.2017)","Phytoplankton",NA,"362026","5801686","sehr gut",NA,NA,"DELW_DEBB80001585139"
"2747","80001585139","Schwielowsee",NA,"80001585139_HM","2014","TNb_Sommer","Stickstoffkonz. im Sommer","LAWA-TI Gewässerbewertung stehender Gewässer","Chemie (See und FG)",NA,"362026","5801686","2,33",NA,NA,"DELW_DEBB80001585139"
"2748","80001585139","Schwielowsee",NA,"1076","2017","MIB","Makrophytenindex Brandenburg","MIB 2004","Makrophyten",NA,"359325","5798048","3,65",NA,NA,"DELW_DEBB80001585139"
"2749","80001585139","Schwielowsee",NA,"1071","2017","I_Arten","Artindex, Teilindex des MIB","MIB 2004","Makrophyten",NA,"360916","5802164","0-2,92",NA,NA,"DELW_DEBB80001585139"
"2750","80001585139","Schwielowsee",NA,"S_0306","1999","Chl_MW","Jahresmittelwert Chl-a in µg/l","nicht bekannt","Chemie (See und FG)",NA,NA,NA,"45,53",NA,NA,"DELW_DEBB80001585139"
"2751","80001585139","Schwielowsee",NA,"1073","2014","M_RAQ","See; Modul Referenzartenquotien","PHYLIB 5.3","Diatomeen",NA,"362038","5801038","0-,57",NA,NA,"DELW_DEBB80001585139"
"2752","80001585139","Schwielowsee",NA,"1073","2014","aerophileArten%","See; Fließgew, sauerstoffliebende Arten in Prozent nach Schaumburg","PHYLIB 5.3","Diatomeen",NA,"362038","5801038","0",NA,NA,"DELW_DEBB80001585139"
"2753","80001585139","Schwielowsee",NA,"1074","2017","MIB","Makrophytenindex Brandenburg","MIB 2004","Makrophyten",NA,"361177","5799534","3,4",NA,NA,"DELW_DEBB80001585139"
"2754","80001585139","Schwielowsee",NA,"1077","2023","Bewertung (dezimal)","Bewertung (dezimal)","PHYLIB 5.3","Makrophyten",NA,"361975","5802314","3,41",NA,NA,"DELW_DEBB80001585139"
"2755","80001585139","Schwielowsee",NA,"80001585139_HM","2023","MST Algenklassen_Metrik","Bewertung anhand des Mittelwertergebnisses aller Einzel-Klassenmetriks je Seentyp unter der Regel: Wenn Bewertungswert <0,5 dann gleich Wert 0,5 oder wenn Bewertungswert >5,5 dann gleich Wert 5,5","PhytoSee Online 8.0.3 (09.04.2024)","Phytoplankton",NA,"362026","5801686","2,12",NA,NA,"DELW_DEBB80001585139"
"2756","80001585139","Schwielowsee",NA,"80001585139_HM","2020","MST Gesamtbiovolumen in mm3/l","Gesamtbiovolumen Saison (mm3/l) im Mittel Mittel März - November","PhytoSee 7.1 (2020)","Phytoplankton",NA,"362026","5801686","1,57",NA,NA,"DELW_DEBB80001585139"
"2757","80001585139","Schwielowsee",NA,"S_0306","1999","Sichttiefe_Jahesmittel","Sichttiefe_Jahesmittel in m","nicht bekannt","Chemie (See und FG)",NA,NA,NA,"1,1",NA,NA,"DELW_DEBB80001585139"
"2758","80001585139","Schwielowsee",NA,"1075","2014","WRRL-Fließgewässertyp","WRRL-Fließgewässertyp und -Seetyp verwendet in der Bewertung der Messstelle (siehe Tabelle WAGUET_OWNER_SCHLUESSEL_WERT_TEXT)","PHYLIB 5.3","Diatomeen",NA,"359583","5799683","12",NA,NA,"DELW_DEBB80001585139"
"2759","80001585139","Schwielowsee",NA,"1074","2017","I_UMG","Index aus der unteren Makrophytengrenze, Teilindex des MIB","MIB 2004","Makrophyten",NA,"361177","5799534","0-2,19",NA,NA,"DELW_DEBB80001585139"
"2760","80001585139","Schwielowsee",NA,"1075","2023","Zustandsklasse","Zustands-/Potentialklasse","PHYLIB 5.3","Makrophyten",NA,"359583","5799683","5",NA,NA,"DELW_DEBB80001585139"
"2761","80001585139","Schwielowsee",NA,"S_0306","1993","Chl_MW","Jahresmittelwert Chl-a in µg/l","nicht bekannt","Chemie (See und FG)",NA,NA,NA,"108,64",NA,NA,"DELW_DEBB80001585139"
"2762","80001585139","Schwielowsee",NA,"80001585139_HM","2017","MST Algenklassen_Metrik","Bewertung anhand des Mittelwertergebnisses aller Einzel-Klassenmetriks je Seentyp unter der Regel: Wenn Bewertungswert <0,5 dann gleich Wert 0,5 oder wenn Bewertungswert >5,5 dann gleich Wert 5,5","PhytoSee 7.0 (15.12.2017)","Phytoplankton",NA,"362026","5801686","0,5",NA,NA,"DELW_DEBB80001585139"
"2763","80001585139","Schwielowsee",NA,"80001585139_HM","2009","TP_Frühjahr_Anzahl",NA,"LAWA-TI Gewässerbewertung stehender Gewässer","Chemie (See und FG)",NA,"362026","5801686","6",NA,NA,"DELW_DEBB80001585139"
"2764","80001585139","Schwielowsee",NA,"1075","2023","Bewertung (dezimal)","Bewertung (dezimal)","PHYLIB 5.3","Makrophyten",NA,"359583","5799683","5,49",NA,NA,"DELW_DEBB80001585139"
"2765","80001585139","Schwielowsee",NA,"80001585139_HM","2017","MST PTSI_Bew","PTSI-Bewertung für Messstelle und Jahr","PhytoSee 7.0 (15.12.2017)","Phytoplankton",NA,"362026","5801686","2,34",NA,NA,"DELW_DEBB80001585139"
"2766","80001585139","Schwielowsee",NA,"1073","2014","Teilbewertung Diatomeen, vorläufig/FGW - Ergebnis ohne Salzbelastung & See - vorläufige Bewertung","See, FGW; Bewertung der Messstelle (1 bis 5 möglich), bei Wert='999' ist das Ergebnis ungesichert; Seen - TI-Anteil, RAQ-Arten und TI-Anzahl wird berücksichtigt","PHYLIB 5.3","Diatomeen",NA,"362038","5801038","3",NA,NA,"DELW_DEBB80001585139"
"2767","80001585139","Schwielowsee",NA,"1072","2017","MIB","Makrophytenindex Brandenburg","nicht bekannt","Makrophyten",NA,"360177","5801067","3,76",NA,NA,"DELW_DEBB80001585139"
"2768","80001585139","Schwielowsee",NA,"1072","2023","Bew. Makrophyten (dezimal)","Bew. Makrophyten (dezimal)","PHYLIB 5.3","Makrophyten",NA,"360177","5801067","5,49",NA,NA,"DELW_DEBB80001585139"
"2769","80001585139","Schwielowsee",NA,"1071","2009","Teilbewertung Diatomeen/Zustands-/Potentialklasse FGW und Seen","FGW, See; Bewertung der Messstelle (1 bis 5 möglich), bei Wert='999' ist das Ergebnis ungesichert; (bei FGW-Halobienindex und Versauerung wird berücksichtigt)","PHYLIB 4.1","Diatomeen",NA,"360916","5802164","3",NA,NA,"DELW_DEBB80001585139"
"2770","80001585139","Schwielowsee",NA,"80001585139_HM","2017","TP_Saison",NA,"LAWA-TI Gewässerbewertung stehender Gewässer","Chemie (See und FG)",NA,"362026","5801686","179,5",NA,NA,"DELW_DEBB80001585139"
"2771","80001585139","Schwielowsee",NA,"80001585139_HM","2017","MST Typ_Nr","PP-Subtyp der bewerteten MST im Jahr der Untersuchung","PhytoSee 7.0 (15.12.2017)","Phytoplankton",NA,"362026","5801686","PP 12",NA,NA,"DELW_DEBB80001585139"
"2772","80001585139","Schwielowsee",NA,"1075","2023","Diatomeentyp","Diatomeentyp des Wasserköpers verwendet in der Bewertung der Messstelle (siehe Tabelle WAGUET_OWNER_SCHLUESSEL_WERT_TEXT)","PHYLIB 5.3","Makrophyten",NA,"359583","5799683","DS 12",NA,NA,"DELW_DEBB80001585139"
"2773","80001585139","Schwielowsee",NA,"1071","2014","M_TILNord / Trophieindex (umger.)","See; Modul Trophie-Index (Wert zwischen 0 und 1)","PHYLIB 5.3","Diatomeen",NA,"360916","5802164","0,672",NA,NA,"DELW_DEBB80001585139"
"2774","80001585139","Schwielowsee",NA,"1077","2014","M_TILNord / Trophieindex (umger.)","See; Modul Trophie-Index (Wert zwischen 0 und 1)","PHYLIB 5.3","Diatomeen",NA,"361975","5802314","0,78",NA,NA,"DELW_DEBB80001585139"
"2775","80001585139","Schwielowsee",NA,"1075","2009","I_Arten","Artindex, Teilindex des MIB","MIB 2004","Makrophyten",NA,"359583","5799683","0-4,64",NA,NA,"DELW_DEBB80001585139"
"2776","80001585139","Schwielowsee",NA,"1077","2009","I_Arten","Artindex, Teilindex des MIB","MIB 2004","Makrophyten",NA,"361975","5802314","0-4,64",NA,NA,"DELW_DEBB80001585139"
"2777","80001585139","Schwielowsee",NA,"5604590","1995","Chl_MW","Jahresmittelwert Chl-a in µg/l","nicht bekannt","Chemie (See und FG)",NA,NA,NA,"72",NA,NA,"DELW_DEBB80001585139"
"2778","80001585139","Schwielowsee",NA,"80001585139_HM","2023","MST Maximum Chla µg/l",NA,"PhytoSee Online 8.0.3 (09.04.2024)","Phytoplankton",NA,"362026","5801686","50",NA,NA,"DELW_DEBB80001585139"
"2779","80001585139","Schwielowsee",NA,"80001585139_HM","2023","MST MinvonMonat",NA,"PhytoSee Online 8.0.3 (09.04.2024)","Phytoplankton",NA,"362026","5801686","3",NA,NA,"DELW_DEBB80001585139"
"2780","80001585139","Schwielowsee",NA,"80001585139_HM","2017","MST Biomasse_Metrik","Metrik Biomasse  für Messstelle und Jahr","PhytoSee 7.0 (15.12.2017)","Phytoplankton",NA,"362026","5801686","0,5",NA,NA,"DELW_DEBB80001585139"
"2781","80001585139","Schwielowsee",NA,"80001585139_HM","2020","MST Algenklassen_Metrik","Bewertung anhand des Mittelwertergebnisses aller Einzel-Klassenmetriks je Seentyp unter der Regel: Wenn Bewertungswert <0,5 dann gleich Wert 0,5 oder wenn Bewertungswert >5,5 dann gleich Wert 5,5","PhytoSee 7.1 (2020)","Phytoplankton",NA,"362026","5801686","0,5",NA,NA,"DELW_DEBB80001585139"
"2782","80001585139","Schwielowsee",NA,"80001585139_HM","2006","Bewertung Phytoplankton","Bi Phytoplankton ( nach neuer (2009) See-Typzuweisung und Phytosee 4) und Phytofliess","PhytoSee 5.0 (2013)","Phytoplankton",NA,"362026","5801686","2",NA,NA,"DELW_DEBB80001585139"
"2783","80001585139","Schwielowsee",NA,"80001585139_HM","2020","MST G_Biomasse",NA,"PhytoSee 7.1 (2020)","Phytoplankton",NA,"362026","5801686","4",NA,NA,"DELW_DEBB80001585139"
"2784","80001585139","Schwielowsee",NA,"80001585139_HM","2023","MST Crypto_Cyan_S_Bew","Bewertung Crypto_Cyan für Messstelle und Jahr","PhytoSee Online 8.0.3 (09.04.2024)","Phytoplankton",NA,"362026","5801686","0,8954",NA,NA,"DELW_DEBB80001585139"
"2785","80001585139","Schwielowsee",NA,"S_0306","1995","Sichttiefe_Jahesmittel","Sichttiefe_Jahesmittel in m","nicht bekannt","Chemie (See und FG)",NA,NA,NA,"1,26",NA,NA,"DELW_DEBB80001585139"
"2786","80001585139","Schwielowsee",NA,"1077","2014","WRRL-Fließgewässertyp","WRRL-Fließgewässertyp und -Seetyp verwendet in der Bewertung der Messstelle (siehe Tabelle WAGUET_OWNER_SCHLUESSEL_WERT_TEXT)","PHYLIB 5.3","Diatomeen",NA,"361975","5802314","12",NA,NA,"DELW_DEBB80001585139"
"2787","80001585139","Schwielowsee",NA,"80001585139_HM","2023","MST Gesamtbewertung verbal stufig","PSI verbal  für Messstelle und Jahr","PhytoSee Online 8.0.3 (09.04.2024)","Phytoplankton",NA,"362026","5801686","gut",NA,NA,"DELW_DEBB80001585139"
"2788","80001585139","Schwielowsee",NA,"1072","2014","Teilbewertung Diatomeen, vorläufig/FGW - Ergebnis ohne Salzbelastung & See - vorläufige Bewertung","See, FGW; Bewertung der Messstelle (1 bis 5 möglich), bei Wert='999' ist das Ergebnis ungesichert; Seen - TI-Anteil, RAQ-Arten und TI-Anzahl wird berücksichtigt","PHYLIB 5.3","Diatomeen",NA,"360177","5801067","2",NA,NA,"DELW_DEBB80001585139"
"2789","80001585139","Schwielowsee",NA,"1073","2014","WRRL-Fließgewässertyp","WRRL-Fließgewässertyp und -Seetyp verwendet in der Bewertung der Messstelle (siehe Tabelle WAGUET_OWNER_SCHLUESSEL_WERT_TEXT)","PHYLIB 5.3","Diatomeen",NA,"362038","5801038","12",NA,NA,"DELW_DEBB80001585139"
"2790","80001585139","Schwielowsee",NA,"1073","2009","I_UMG","Index aus der unteren Makrophytengrenze, Teilindex des MIB","MIB 2004","Makrophyten",NA,"362038","5801038","0-1,8",NA,NA,"DELW_DEBB80001585139"
"2791","80001585139","Schwielowsee",NA,"S_0306","2006","Sichttiefe_Jahesmittel","Sichttiefe_Jahesmittel in m","nicht bekannt","Chemie (See und FG)",NA,NA,NA,"1,18",NA,NA,"DELW_DEBB80001585139"
"2792","80001585139","Schwielowsee",NA,"1072","2023","Zustandsklasse","Zustands-/Potentialklasse","PHYLIB 5.3","Makrophyten",NA,"360177","5801067","5",NA,NA,"DELW_DEBB80001585139"
"2793","80001585139","Schwielowsee",NA,"80001585139_HM","2017","MST PSI Phyto-See-Index","PSI als Zahl für Messstelle und Jahr","PhytoSee 7.0 (15.12.2017)","Phytoplankton",NA,"362026","5801686","0,9093",NA,NA,"DELW_DEBB80001585139"
"2794","80001585139","Schwielowsee",NA,"80001585139_HM","2014","MST PTSI_Bew","PTSI-Bewertung für Messstelle und Jahr","PhytoSee 7.0 (15.12.2017)","Phytoplankton",NA,"362026","5801686","2,62",NA,NA,"DELW_DEBB80001585139"
"2795","80001585139","Schwielowsee",NA,"80001585139_HM","2009","TNb_Sommer","Stickstoffkonz. im Sommer","LAWA-TI Gewässerbewertung stehender Gewässer","Chemie (See und FG)",NA,"362026","5801686","2",NA,NA,"DELW_DEBB80001585139"
"2796","80001585139","Schwielowsee",NA,"80001585139_HM","2009","TP_Saison",NA,"LAWA-TI Gewässerbewertung stehender Gewässer","Chemie (See und FG)",NA,"362026","5801686","213,33",NA,NA,"DELW_DEBB80001585139"
"2797","80001585139","Schwielowsee",NA,"80001585139_HM","2006","TP_Saison",NA,"LAWA-TI Gewässerbewertung stehender Gewässer","Chemie (See und FG)",NA,"362026","5801686","188,33",NA,NA,"DELW_DEBB80001585139"
"2798","80001585139","Schwielowsee",NA,"1074","2023","Bew. Makrophyten (dezimal)","Bew. Makrophyten (dezimal)","PHYLIB 5.3","Makrophyten",NA,"361177","5799534","5,44",NA,NA,"DELW_DEBB80001585139"
"2799","80001585139","Schwielowsee",NA,"80001585139_HM","2014","MST PTSI H/G","H/G PTSI vom Typ","PhytoSee 7.0 (15.12.2017)","Phytoplankton",NA,"362026","5801686","3",NA,NA,"DELW_DEBB80001585139"
"2800","80001585139","Schwielowsee",NA,"1071","2023","Makrophytentyp","Makrophytentyp des Wasserköpers verwendet in der Bewertung der Messstelle (siehe Tabelle WAGUET_OWNER_SCHLUESSEL_WERT_TEXT)","PHYLIB 5.3","Makrophyten",NA,"360916","5802164","TKp - 12",NA,NA,"DELW_DEBB80001585139"
"2801","80001585139","Schwielowsee",NA,"80001585139_HM","2020","Bewertung Phytoplankton","Bi Phytoplankton ( nach neuer (2009) See-Typzuweisung und Phytosee 4) und Phytofliess","PhytoSee 7.1 (2020)","Phytoplankton",NA,"362026","5801686","1",NA,NA,"DELW_DEBB80001585139"
"2802","80001585139","Schwielowsee",NA,"1077","2017","I_UMG","Index aus der unteren Makrophytengrenze, Teilindex des MIB","MIB 2004","Makrophyten",NA,"361975","5802314","0-1,35",NA,NA,"DELW_DEBB80001585139"
"2803","80001585139","Schwielowsee",NA,"80001585139_HM","2020","MST G_PTSI",NA,"PhytoSee 7.1 (2020)","Phytoplankton",NA,"362026","5801686","2",NA,NA,"DELW_DEBB80001585139"
"2804","80001585139","Schwielowsee",NA,"1073","2023","Teilbewertung Makrophyten","Bewertung der Messstelle (1 bis 5 möglich), bei leeren Feld ist das Ergebnis ungesichert","PHYLIB 5.3","Makrophyten",NA,"362038","5801038","5",NA,NA,"DELW_DEBB80001585139"
"2805","80001585139","Schwielowsee",NA,"80001585139_HM","2020","Chl_Saison",NA,"LAWA-TI Gewässerbewertung stehender Gewässer","Chemie (See und FG)",NA,"362026","5801686","9,63",NA,NA,"DELW_DEBB80001585139"
"2806","80001585139","Schwielowsee",NA,"1074","2023","Zustandsklasse","Zustands-/Potentialklasse","PHYLIB 5.3","Makrophyten",NA,"361177","5799534","5",NA,NA,"DELW_DEBB80001585139"
"2807","80001585139","Schwielowsee",NA,"80001585139_HM","2020","MST MinvonMonat",NA,"PhytoSee 7.1 (2020)","Phytoplankton",NA,"362026","5801686","3",NA,NA,"DELW_DEBB80001585139"
"2808","80001585139","Schwielowsee",NA,"80001585139_HM","2020","MST N_Tage",NA,"PhytoSee 7.1 (2020)","Phytoplankton",NA,"362026","5801686","6",NA,NA,"DELW_DEBB80001585139"
"2809","80001585139","Schwielowsee",NA,"1073","2023","Bewertung (dezimal)","Bewertung (dezimal)","PHYLIB 5.3","Makrophyten",NA,"362038","5801038","4,82",NA,NA,"DELW_DEBB80001585139"
"2810","80001585139","Schwielowsee",NA,"1073","2023","Diatomeentyp","Diatomeentyp des Wasserköpers verwendet in der Bewertung der Messstelle (siehe Tabelle WAGUET_OWNER_SCHLUESSEL_WERT_TEXT)","PHYLIB 5.3","Makrophyten",NA,"362038","5801038","DS 12",NA,NA,"DELW_DEBB80001585139"
"2811","80001585139","Schwielowsee",NA,"1075","2014","Makrophytentyp","Makrophytentyp des Wasserköpers verwendet in der Bewertung der Messstelle (siehe Tabelle WAGUET_OWNER_SCHLUESSEL_WERT_TEXT)","PHYLIB 5.3","Diatomeen",NA,"359583","5799683","TKp - 12",NA,NA,"DELW_DEBB80001585139"
"2812","80001585139","Schwielowsee",NA,"1074","2014","WRRL-Fließgewässertyp","WRRL-Fließgewässertyp und -Seetyp verwendet in der Bewertung der Messstelle (siehe Tabelle WAGUET_OWNER_SCHLUESSEL_WERT_TEXT)","PHYLIB 5.3","Diatomeen",NA,"361177","5799534","12",NA,NA,"DELW_DEBB80001585139"
"2813","80001585139","Schwielowsee",NA,"1076","2014","Teilbewertung Diatomeen/Zustands-/Potentialklasse FGW und Seen","FGW, See; Bewertung der Messstelle (1 bis 5 möglich), bei Wert='999' ist das Ergebnis ungesichert; (bei FGW-Halobienindex und Versauerung wird berücksichtigt)","PHYLIB 5.3","Diatomeen",NA,"359325","5798048","3",NA,NA,"DELW_DEBB80001585139"
"2814","80001585139","Schwielowsee",NA,"80001585139_HM","2023","Chl_Saison",NA,"LAWA-TI Gewässerbewertung stehender Gewässer","Chemie (See und FG)",NA,"362026","5801686","18,17",NA,NA,"DELW_DEBB80001585139"
"2815","80001585139","Schwielowsee",NA,"1076","2023","WRRL-Fließgewässertyp","WRRL-Fließgewässertyp und -Seetyp verwendet in der Bewertung der Messstelle (siehe Tabelle WAGUET_OWNER_SCHLUESSEL_WERT_TEXT)","PHYLIB 5.3","Makrophyten",NA,"359325","5798048","12",NA,NA,"DELW_DEBB80001585139"
"2816","80001585139","Schwielowsee",NA,"1074","2014","TIL_Nord","See; berechneter Trophie-Index Nord","PHYLIB 5.3","Diatomeen",NA,"361177","5799534","3,24",NA,NA,"DELW_DEBB80001585139"
"2817","80001585139","Schwielowsee",NA,"1073","2001","I_UMG","Index aus der unteren Makrophytengrenze, Teilindex des MIB","MIB 2004","Makrophyten",NA,"362038","5801038","0-1,65",NA,NA,"DELW_DEBB80001585139"
"2818","80001585139","Schwielowsee",NA,"1071","2023","Gesamthäufigkeit (prozent) D","Gesamthäufigkeit [%] D","PHYLIB 5.3","Makrophyten",NA,"360916","5802164","0",NA,NA,"DELW_DEBB80001585139"
"2819","80001585139","Schwielowsee",NA,"1072","2023","Diatomeentyp","Diatomeentyp des Wasserköpers verwendet in der Bewertung der Messstelle (siehe Tabelle WAGUET_OWNER_SCHLUESSEL_WERT_TEXT)","PHYLIB 5.3","Makrophyten",NA,"360177","5801067","DS 12",NA,NA,"DELW_DEBB80001585139"
"2820","80001585139","Schwielowsee",NA,"1071","2014","WRRL-Fließgewässertyp","WRRL-Fließgewässertyp und -Seetyp verwendet in der Bewertung der Messstelle (siehe Tabelle WAGUET_OWNER_SCHLUESSEL_WERT_TEXT)","PHYLIB 5.3","Diatomeen",NA,"360916","5802164","12",NA,NA,"DELW_DEBB80001585139"
"2821","80001585139","Schwielowsee",NA,"1077","2014","vorlaeufigeBewertung","See; Fließgew; vorläufige Bewertung der Messstelle, (FGW - Halobienindex und Versauerung wird nicht berücksichtigt; Seen - TI-Anteil, RAQ-Arten und TI-Anzahl wird nicht berücksichtigt)","PHYLIB 5.3","Diatomeen",NA,"361975","5802314","3",NA,NA,"DELW_DEBB80001585139"
"2822","80001585139","Schwielowsee",NA,"80001585139_HM","2023","TP_Frühjahr",NA,"LAWA-TI Gewässerbewertung stehender Gewässer","Chemie (See und FG)",NA,"362026","5801686","79",NA,NA,"DELW_DEBB80001585139"
"2823","80001585139","Schwielowsee",NA,"80001585139_HM","2017","MST TypPTSI_Ref","PTSI-Referenz für den Typ","PhytoSee 7.0 (15.12.2017)","Phytoplankton",NA,"362026","5801686","2,5",NA,NA,"DELW_DEBB80001585139"
"2824","80001585139","Schwielowsee",NA,"80001585139_HM","2023","MST N_Indikatortaxa","mittlere Anzahl nutzbarer Indikatortaxa","PhytoSee Online 8.0.3 (09.04.2024)","Phytoplankton",NA,"362026","5801686","8",NA,NA,"DELW_DEBB80001585139"
"2825","80001585139","Schwielowsee",NA,"1071","2023","Zustandsklasse","Zustands-/Potentialklasse","PHYLIB 5.3","Makrophyten",NA,"360916","5802164","5",NA,NA,"DELW_DEBB80001585139"
"2826","80001585139","Schwielowsee",NA,"1073","2017","MIB","Makrophytenindex Brandenburg","nicht bekannt","Makrophyten",NA,"362038","5801038","3,38",NA,NA,"DELW_DEBB80001585139"
"2827","80001585139","Schwielowsee",NA,"1073","2014","Diatomeentyp","Diatomeentyp des Wasserköpers verwendet in der Bewertung der Messstelle (siehe Tabelle WAGUET_OWNER_SCHLUESSEL_WERT_TEXT)","PHYLIB 5.3","Diatomeen",NA,"362038","5801038","DS 12",NA,NA,"DELW_DEBB80001585139"
"2828","80001585139","Schwielowsee",NA,"80001585139_HM","2020","MST N_Indikatortaxa","mittlere Anzahl nutzbarer Indikatortaxa","PhytoSee 7.1 (2020)","Phytoplankton",NA,"362026","5801686","8,5",NA,NA,"DELW_DEBB80001585139"
"2829","80001585139","Schwielowsee",NA,"1075","2009","Teilbewertung Diatomeen, vorläufig/FGW - Ergebnis ohne Salzbelastung & See - vorläufige Bewertung","See, FGW; Bewertung der Messstelle (1 bis 5 möglich), bei Wert='999' ist das Ergebnis ungesichert; Seen - TI-Anteil, RAQ-Arten und TI-Anzahl wird berücksichtigt","PHYLIB 4.1","Diatomeen",NA,"359583","5799683","2",NA,NA,"DELW_DEBB80001585139"
"2830","80001585139","Schwielowsee",NA,"80001585139_HM","2009","TP_Frühjahr",NA,"LAWA-TI Gewässerbewertung stehender Gewässer","Chemie (See und FG)",NA,"362026","5801686","149",NA,NA,"DELW_DEBB80001585139"
"2831","80001585139","Schwielowsee",NA,"80001585139_HM","2020","MST PTSI H/G","H/G PTSI vom Typ","PhytoSee 7.1 (2020)","Phytoplankton",NA,"362026","5801686","3",NA,NA,"DELW_DEBB80001585139"
"2832","80001585139","Schwielowsee",NA,"1075","2009","Teilbewertung Makrophyten","Bewertung der Messstelle (1 bis 5 möglich), bei leeren Feld ist das Ergebnis ungesichert","MIB 2004","Makrophyten",NA,"359583","5799683","1",NA,NA,"DELW_DEBB80001585139"
"2833","80001585139","Schwielowsee",NA,"1076","2023","Makrophytenverödung","Makrophytenverödung","PHYLIB 5.3","Makrophyten",NA,"359325","5798048","false",NA,NA,"DELW_DEBB80001585139"
"2834","80001585139","Schwielowsee",NA,"S_0306","2003","Sichttiefe_Jahesmittel","Sichttiefe_Jahesmittel in m","nicht bekannt","Chemie (See und FG)",NA,NA,NA,"0,8625",NA,NA,"DELW_DEBB80001585139"
"2835","80001585139","Schwielowsee",NA,"1075","2009","I_UMG","Index aus der unteren Makrophytengrenze, Teilindex des MIB","MIB 2004","Makrophyten",NA,"359583","5799683","0-1,65",NA,NA,"DELW_DEBB80001585139"
"2836","80001585139","Schwielowsee",NA,"80001585139_HM","2023","MST Typ_Nr","PP-Subtyp der bewerteten MST im Jahr der Untersuchung","PhytoSee Online 8.0.3 (09.04.2024)","Phytoplankton",NA,"362026","5801686","PP 12",NA,NA,"DELW_DEBB80001585139"
"2837","80001585139","Schwielowsee",NA,"1077","2023","WRRL-Fließgewässertyp","WRRL-Fließgewässertyp und -Seetyp verwendet in der Bewertung der Messstelle (siehe Tabelle WAGUET_OWNER_SCHLUESSEL_WERT_TEXT)","PHYLIB 5.3","Makrophyten",NA,"361975","5802314","12",NA,NA,"DELW_DEBB80001585139"
"2838","80001585139","Schwielowsee",NA,"1075","2006","MIB","Makrophytenindex Brandenburg","MIB 2004","Makrophyten",NA,"359583","5799683","3,32",NA,NA,"DELW_DEBB80001585139"
"2839","80001585139","Schwielowsee",NA,"S_0306","2000","Chl_MW","Jahresmittelwert Chl-a in µg/l","nicht bekannt","Chemie (See und FG)",NA,NA,NA,"50,88",NA,NA,"DELW_DEBB80001585139"
"2840","80001585139","Schwielowsee",NA,"1072","2023","Vegetationsgrenze","Vegetationsgrenze","PHYLIB 5.3","Makrophyten",NA,"360177","5801067","2",NA,NA,"DELW_DEBB80001585139"
"2841","80001585139","Schwielowsee",NA,"1077","2023","M-sicher","M-sicher","PHYLIB 5.3","Makrophyten",NA,"361975","5802314","true",NA,NA,"DELW_DEBB80001585139"
"2842","80001585139","Schwielowsee",NA,"1073","2023","Makrophytenverödung","Makrophytenverödung","PHYLIB 5.3","Makrophyten",NA,"362038","5801038","false",NA,NA,"DELW_DEBB80001585139"
"2843","80001585139","Schwielowsee",NA,"1072","2023","WRRL-Fließgewässertyp","WRRL-Fließgewässertyp und -Seetyp verwendet in der Bewertung der Messstelle (siehe Tabelle WAGUET_OWNER_SCHLUESSEL_WERT_TEXT)","PHYLIB 5.3","Makrophyten",NA,"360177","5801067","12",NA,NA,"DELW_DEBB80001585139"
"2844","80001585139","Schwielowsee",NA,"1077","2017","MIB","Makrophytenindex Brandenburg","MIB 2004","Makrophyten",NA,"361975","5802314","4,09",NA,NA,"DELW_DEBB80001585139"
"2845","80001585139","Schwielowsee",NA,"1073","2023","Gesamthäufigkeit (prozent) D","Gesamthäufigkeit [%] D","PHYLIB 5.3","Makrophyten",NA,"362038","5801038","0",NA,NA,"DELW_DEBB80001585139"
"2846","80001585139","Schwielowsee",NA,"1076","2017","I_Arten","Artindex, Teilindex des MIB","MIB 2004","Makrophyten",NA,"359325","5798048","0-2,81",NA,NA,"DELW_DEBB80001585139"
"2847","80001585139","Schwielowsee",NA,"1076","2023","Bew. Makrophyten (dezimal)","Bew. Makrophyten (dezimal)","PHYLIB 5.3","Makrophyten",NA,"359325","5798048","5,49",NA,NA,"DELW_DEBB80001585139"
"2848","80001585139","Schwielowsee",NA,"1076","2014","Teilbewertung Diatomeen, vorläufig/FGW - Ergebnis ohne Salzbelastung & See - vorläufige Bewertung","See, FGW; Bewertung der Messstelle (1 bis 5 möglich), bei Wert='999' ist das Ergebnis ungesichert; Seen - TI-Anteil, RAQ-Arten und TI-Anzahl wird berücksichtigt","PHYLIB 5.3","Diatomeen",NA,"359325","5798048","3",NA,NA,"DELW_DEBB80001585139"
"2849","80001585139","Schwielowsee",NA,"80001585139_HM","2023","TP_Frühjahr_Anzahl",NA,"LAWA-TI Gewässerbewertung stehender Gewässer","Chemie (See und FG)",NA,"362026","5801686","6",NA,NA,"DELW_DEBB80001585139"
"2850","80001585139","Schwielowsee",NA,"80001585139_HM","2023","Sichttiefe_Saison_Anzahl",NA,"LAWA-TI Gewässerbewertung stehender Gewässer","Chemie (See und FG)",NA,"362026","5801686","6",NA,NA,"DELW_DEBB80001585139"
"2851","80001585139","Schwielowsee",NA,"1077","2009","MIB","Makrophytenindex Brandenburg","MIB 2004","Makrophyten",NA,"361975","5802314","3,12",NA,NA,"DELW_DEBB80001585139"
"2852","80001585139","Schwielowsee",NA,"80001585139_HM","2023","TI_akt","LAWA-Trophieindex","LAWA-TI Gewässerbewertung stehender Gewässer","Chemie (See und FG)",NA,"362026","5801686","3,31",NA,NA,"DELW_DEBB80001585139"
"2853","80001585139","Schwielowsee",NA,"1073","2014","M_TILNord / Trophieindex (umger.)","See; Modul Trophie-Index (Wert zwischen 0 und 1)","PHYLIB 5.3","Diatomeen",NA,"362038","5801038","0,806",NA,NA,"DELW_DEBB80001585139"
"2854","80001585139","Schwielowsee",NA,"1072","2017","I_Arten","Artindex, Teilindex des MIB","MIB 2004","Makrophyten",NA,"360177","5801067","0-2,81",NA,NA,"DELW_DEBB80001585139"
"2855","80001585139","Schwielowsee",NA,"S_0306","1998","Chl_MW","Jahresmittelwert Chl-a in µg/l","nicht bekannt","Chemie (See und FG)",NA,NA,NA,"42,32",NA,NA,"DELW_DEBB80001585139"
"2856","80001585139","Schwielowsee",NA,"1072","2023","Gesamthäufigkeit (prozent) D","Gesamthäufigkeit [%] D","PHYLIB 5.3","Makrophyten",NA,"360177","5801067","0",NA,NA,"DELW_DEBB80001585139"
"2857","80001585139","Schwielowsee",NA,"80001585139_HM","2020","MST N Monate",NA,"PhytoSee 7.1 (2020)","Phytoplankton",NA,"362026","5801686","6",NA,NA,"DELW_DEBB80001585139"
"2858","80001585139","Schwielowsee",NA,"80001585139_HM","2017","MST N_Indikatortaxa","mittlere Anzahl nutzbarer Indikatortaxa","PhytoSee 7.0 (15.12.2017)","Phytoplankton",NA,"362026","5801686","8",NA,NA,"DELW_DEBB80001585139"
"2859","80001585139","Schwielowsee",NA,"1074","2014","Makrophytentyp","Makrophytentyp des Wasserköpers verwendet in der Bewertung der Messstelle (siehe Tabelle WAGUET_OWNER_SCHLUESSEL_WERT_TEXT)","PHYLIB 5.3","Diatomeen",NA,"361177","5799534","TKp - 12",NA,NA,"DELW_DEBB80001585139"
"2860","80001585139","Schwielowsee",NA,"1076","2014","M_TILNord / Trophieindex (umger.)","See; Modul Trophie-Index (Wert zwischen 0 und 1)","PHYLIB 5.3","Diatomeen",NA,"359325","5798048","0,648",NA,NA,"DELW_DEBB80001585139"
"2861","80001585139","Schwielowsee",NA,"1076","2014","vorlaeufigeBewertung","See; Fließgew; vorläufige Bewertung der Messstelle, (FGW - Halobienindex und Versauerung wird nicht berücksichtigt; Seen - TI-Anteil, RAQ-Arten und TI-Anzahl wird nicht berücksichtigt)","PHYLIB 5.3","Diatomeen",NA,"359325","5798048","3",NA,NA,"DELW_DEBB80001585139"
"2862","80001585139","Schwielowsee",NA,"80001585139_HM","2023","MST IST_PTSI_WERT","Phytoplankton-Taxa-Seen-Index Ist-Wert im Jahresmittel für die Messstelle","PhytoSee Online 8.0.3 (09.04.2024)","Phytoplankton",NA,"362026","5801686","3,84",NA,NA,"DELW_DEBB80001585139"
"2863","80001585139","Schwielowsee",NA,"S_0306","1998","Sichttiefe_Jahesmittel","Sichttiefe_Jahesmittel in m","nicht bekannt","Chemie (See und FG)",NA,NA,NA,"1,27",NA,NA,"DELW_DEBB80001585139"
"2864","80001585139","Schwielowsee",NA,"1074","2023","WRRL-Fließgewässertyp","WRRL-Fließgewässertyp und -Seetyp verwendet in der Bewertung der Messstelle (siehe Tabelle WAGUET_OWNER_SCHLUESSEL_WERT_TEXT)","PHYLIB 5.3","Makrophyten",NA,"361177","5799534","12",NA,NA,"DELW_DEBB80001585139"
"2865","80001585139","Schwielowsee",NA,"1074","2014","M_TILNord / Trophieindex (umger.)","See; Modul Trophie-Index (Wert zwischen 0 und 1)","PHYLIB 5.3","Diatomeen",NA,"361177","5799534","0,7",NA,NA,"DELW_DEBB80001585139"
"2866","80001585139","Schwielowsee",NA,"1071","2017","MIB","Makrophytenindex Brandenburg","MIB 2004","Makrophyten",NA,"360916","5802164","3,55",NA,NA,"DELW_DEBB80001585139"
"2867","80001585139","Schwielowsee",NA,"1075","2006","I_UMG","Index aus der unteren Makrophytengrenze, Teilindex des MIB","MIB 2004","Makrophyten",NA,"359583","5799683","0-1,45",NA,NA,"DELW_DEBB80001585139"
"2868","80001585139","Schwielowsee",NA,"80001585139_HM","2014","MST Crypto_Cyan_S_Bew","Bewertung Crypto_Cyan für Messstelle und Jahr","PhytoSee 7.0 (15.12.2017)","Phytoplankton",NA,"362026","5801686","1,28",NA,NA,"DELW_DEBB80001585139"
"2869","80001585139","Schwielowsee",NA,"1077","2014","Makrophytentyp","Makrophytentyp des Wasserköpers verwendet in der Bewertung der Messstelle (siehe Tabelle WAGUET_OWNER_SCHLUESSEL_WERT_TEXT)","PHYLIB 5.3","Diatomeen",NA,"361975","5802314","TKp - 12",NA,NA,"DELW_DEBB80001585139"
"2870","80001585139","Schwielowsee",NA,"1071","2014","M_RAQ","See; Modul Referenzartenquotien","PHYLIB 5.3","Diatomeen",NA,"360916","5802164","0-,5",NA,NA,"DELW_DEBB80001585139"
"2871","80001585139","Schwielowsee",NA,"80001585139_HM","2006","TI_akt","LAWA-Trophieindex","LAWA-TI Gewässerbewertung stehender Gewässer","Chemie (See und FG)",NA,"362026","5801686","3,94",NA,NA,"DELW_DEBB80001585139"
"2872","80001585139","Schwielowsee",NA,"80001585139_HM","2023","MST PSI Phyto-See-Index","PSI als Zahl für Messstelle und Jahr","PhytoSee Online 8.0.3 (09.04.2024)","Phytoplankton",NA,"362026","5801686","2,09",NA,NA,"DELW_DEBB80001585139"
"2873","80001585139","Schwielowsee",NA,"80001585139_HM","2017","MST Chloro-Bewertung","Bewertung Chloro für Messstelle und Jahr","PhytoSee 7.0 (15.12.2017)","Phytoplankton",NA,"362026","5801686","1,22",NA,NA,"DELW_DEBB80001585139"
"2874","80001585139","Schwielowsee",NA,"1076","2023","Bewertung (dezimal)","Bewertung (dezimal)","PHYLIB 5.3","Makrophyten",NA,"359325","5798048","5,49",NA,NA,"DELW_DEBB80001585139"
"2875","80001585139","Schwielowsee",NA,"1072","2014","Diatomeentyp","Diatomeentyp des Wasserköpers verwendet in der Bewertung der Messstelle (siehe Tabelle WAGUET_OWNER_SCHLUESSEL_WERT_TEXT)","PHYLIB 5.3","Diatomeen",NA,"360177","5801067","DS 12",NA,NA,"DELW_DEBB80001585139"
"2876","80001585139","Schwielowsee",NA,"S_0306","2002","Chl_MW","Jahresmittelwert Chl-a in µg/l","nicht bekannt","Chemie (See und FG)",NA,NA,NA,"51,07",NA,NA,"DELW_DEBB80001585139"
"2877","80001585139","Schwielowsee",NA,"1076","2014","aerophileArten%","See; Fließgew, sauerstoffliebende Arten in Prozent nach Schaumburg","PHYLIB 5.3","Diatomeen",NA,"359325","5798048","0",NA,NA,"DELW_DEBB80001585139"
"2878","80001585139","Schwielowsee",NA,"1077","2023","Zustandsklasse","Zustands-/Potentialklasse","PHYLIB 5.3","Makrophyten",NA,"361975","5802314","3",NA,NA,"DELW_DEBB80001585139"
"2879","80001585139","Schwielowsee",NA,"1077","2023","RAQ gesichert","RAQ gesichert","PHYLIB 5.3","Makrophyten",NA,"361975","5802314","0",NA,NA,"DELW_DEBB80001585139"
"2880","80001585139","Schwielowsee",NA,"1075","2014","Teilbewertung Diatomeen, vorläufig/FGW - Ergebnis ohne Salzbelastung & See - vorläufige Bewertung","See, FGW; Bewertung der Messstelle (1 bis 5 möglich), bei Wert='999' ist das Ergebnis ungesichert; Seen - TI-Anteil, RAQ-Arten und TI-Anzahl wird berücksichtigt","PHYLIB 5.3","Diatomeen",NA,"359583","5799683","3",NA,NA,"DELW_DEBB80001585139"
"2881","80001585139","Schwielowsee",NA,"80001585139_HM","2023","Bewertung Phytoplankton","Bi Phytoplankton ( nach neuer (2009) See-Typzuweisung und Phytosee 4) und Phytofliess","PhytoSee Online 8.0.3 (09.04.2024)","Phytoplankton",NA,"362026","5801686","2",NA,NA,"DELW_DEBB80001585139"
"2882","80001585139","Schwielowsee",NA,"80001585139_HM","2014","TP_Frühjahr",NA,"LAWA-TI Gewässerbewertung stehender Gewässer","Chemie (See und FG)",NA,"362026","5801686","68",NA,NA,"DELW_DEBB80001585139"
"2883","80001585139","Schwielowsee",NA,"1075","2017","I_UMG","Index aus der unteren Makrophytengrenze, Teilindex des MIB","MIB 2004","Makrophyten",NA,"359583","5799683","0-2,14",NA,NA,"DELW_DEBB80001585139"
"2884","80001585139","Schwielowsee",NA,"1075","2023","Gesamthäufigkeit (prozent) D","Gesamthäufigkeit [%] D","PHYLIB 5.3","Makrophyten",NA,"359583","5799683","0",NA,NA,"DELW_DEBB80001585139"
"2885","80001585139","Schwielowsee",NA,"1075","2017","MIB","Makrophytenindex Brandenburg","nicht bekannt","Makrophyten",NA,"359583","5799683","4,4",NA,NA,"DELW_DEBB80001585139"
"2886","80001585139","Schwielowsee",NA,"S_0306","2001","Chl_MW","Jahresmittelwert Chl-a in µg/l","nicht bekannt","Chemie (See und FG)",NA,NA,NA,"53,71",NA,NA,"DELW_DEBB80001585139"
"2887","80001585139","Schwielowsee",NA,"S_0306","1996","Sichttiefe_Jahesmittel","Sichttiefe_Jahesmittel in m","nicht bekannt","Chemie (See und FG)",NA,NA,NA,"1,38",NA,NA,"DELW_DEBB80001585139"
"2888","80001585139","Schwielowsee",NA,"80001585139_HM","2020","MST MaxvonMonat",NA,"PhytoSee 7.1 (2020)","Phytoplankton",NA,"362026","5801686","10",NA,NA,"DELW_DEBB80001585139"
"2889","80001585139","Schwielowsee",NA,"80001585139_HM","2020","MST Version-Programm",NA,"PhytoSee 7.1 (2020)","Phytoplankton",NA,"362026","5801686","PhytoSee 7.1 (08.06.2020)",NA,NA,"DELW_DEBB80001585139"
"2890","80001585139","Schwielowsee",NA,"1071","2014","Diatomeentyp","Diatomeentyp des Wasserköpers verwendet in der Bewertung der Messstelle (siehe Tabelle WAGUET_OWNER_SCHLUESSEL_WERT_TEXT)","PHYLIB 5.3","Diatomeen",NA,"360916","5802164","DS 12",NA,NA,"DELW_DEBB80001585139"
"2891","80001585139","Schwielowsee",NA,"1072","2014","Teilbewertung Diatomeen/Zustands-/Potentialklasse FGW und Seen","FGW, See; Bewertung der Messstelle (1 bis 5 möglich), bei Wert='999' ist das Ergebnis ungesichert; (bei FGW-Halobienindex und Versauerung wird berücksichtigt)","PHYLIB 5.3","Diatomeen",NA,"360177","5801067","2",NA,NA,"DELW_DEBB80001585139"
"2892","80001585139","Schwielowsee",NA,"1073","2006","MIB","Makrophytenindex Brandenburg","MIB 2004","Makrophyten",NA,"362038","5801038","3,12",NA,NA,"DELW_DEBB80001585139"
"2893","80001585139","Schwielowsee",NA,"80001585139_HM","2014","Sichttiefe_Saison_Anzahl",NA,"LAWA-TI Gewässerbewertung stehender Gewässer","Chemie (See und FG)",NA,"362026","5801686","6",NA,NA,"DELW_DEBB80001585139"
"2894","80001585139","Schwielowsee",NA,"1071","2023","Makrophytenverödung","Makrophytenverödung","PHYLIB 5.3","Makrophyten",NA,"360916","5802164","false",NA,NA,"DELW_DEBB80001585139"
"2895","80001585139","Schwielowsee",NA,"1075","2009","MIB","Makrophytenindex Brandenburg","MIB 2004","Makrophyten",NA,"359583","5799683","3,23",NA,NA,"DELW_DEBB80001585139"
"2896","80001585139","Schwielowsee",NA,"1074","2023","Makrophytentyp","Makrophytentyp des Wasserköpers verwendet in der Bewertung der Messstelle (siehe Tabelle WAGUET_OWNER_SCHLUESSEL_WERT_TEXT)","PHYLIB 5.3","Makrophyten",NA,"361177","5799534","TKp - 12",NA,NA,"DELW_DEBB80001585139"
"2897","80001585139","Schwielowsee",NA,"1071","2023","Teilbewertung Makrophyten","Bewertung der Messstelle (1 bis 5 möglich), bei leeren Feld ist das Ergebnis ungesichert","PHYLIB 5.3","Makrophyten",NA,"360916","5802164","5",NA,NA,"DELW_DEBB80001585139"
"2898","80001585139","Schwielowsee",NA,"80001585139_HM","2001","Bewertung Phytoplankton","Bi Phytoplankton ( nach neuer (2009) See-Typzuweisung und Phytosee 4) und Phytofliess","PhytoSee 5.0 (2013)","Phytoplankton",NA,"362026","5801686","3",NA,NA,"DELW_DEBB80001585139"
"2899","80001585139","Schwielowsee",NA,"1072","2014","M_RAQ","See; Modul Referenzartenquotien","PHYLIB 5.3","Diatomeen",NA,"360177","5801067","0-,33",NA,NA,"DELW_DEBB80001585139"
"2900","80001585139","Schwielowsee",NA,"80001585139_HM","2006","ST_Saison",NA,"LAWA-TI Gewässerbewertung stehender Gewässer","Chemie (See und FG)",NA,"362026","5801686","1,18",NA,NA,"DELW_DEBB80001585139"
"2901","80001585139","Schwielowsee",NA,"1076","2023","Gesamthäufigkeit (prozent) D","Gesamthäufigkeit [%] D","PHYLIB 5.3","Makrophyten",NA,"359325","5798048","0",NA,NA,"DELW_DEBB80001585139"
"2902","80001585139","Schwielowsee",NA,"1075","2023","Bew. Makrophyten (dezimal)","Bew. Makrophyten (dezimal)","PHYLIB 5.3","Makrophyten",NA,"359583","5799683","5,49",NA,NA,"DELW_DEBB80001585139"
"2903","80001585139","Schwielowsee",NA,"80001585139_HM","2023","MST Bac_Crypto_S_Bew","Bewertung Bac_Crypto für Messstelle und Jahr","PhytoSee Online 8.0.3 (09.04.2024)","Phytoplankton",NA,"362026","5801686","1,99",NA,NA,"DELW_DEBB80001585139"
"2904","80001585139","Schwielowsee",NA,"80001585139_HM","2014","MST Diff PTSI-RefTrophie","Differenz zwischen PTSI und Referenztrophiefür Messstelle und Jahr","PhytoSee 7.0 (15.12.2017)","Phytoplankton",NA,"362026","5801686","1,06",NA,NA,"DELW_DEBB80001585139"
"2905","80001585139","Schwielowsee",NA,"1076","2014","Diatomeentyp","Diatomeentyp des Wasserköpers verwendet in der Bewertung der Messstelle (siehe Tabelle WAGUET_OWNER_SCHLUESSEL_WERT_TEXT)","PHYLIB 5.3","Diatomeen",NA,"359325","5798048","DS 12",NA,NA,"DELW_DEBB80001585139"
"2906","80001585139","Schwielowsee",NA,"80001585139_HM","2020","ST_Saison",NA,"LAWA-TI Gewässerbewertung stehender Gewässer","Chemie (See und FG)",NA,"362026","5801686","2,43",NA,NA,"DELW_DEBB80001585139"
